split,method,route_id,base_instance,n_customers,network_group,feasible,reason,completion_time,n_station_visits,consecutive_same_station,repeat_energy_added,repeat_time_added,loop_guard_hit,return_value,horizon,n_continue,n_charge
train,GreedyMinimumSufficientCharge,c102_50_21_NL__v0,c102,10,Large_Network,False,NO_FEASIBLE_ACTION,1236.0,50,0,0.0,0.0,True,-1236.0,1236.0,3,50
train,GreedyMinimumSufficientCharge,c102_50_21_NL__v1,c102,10,Large_Network,False,ZERO_CHARGE_NOOP,1236.0,0,0,0.0,0.0,False,-1236.0,1236.0,2,0
train,GreedyMinimumSufficientCharge,c102_50_21_NL__v2,c102,10,Large_Network,False,NO_FEASIBLE_ACTION,1236.0,1,0,0.0,0.0,False,-1236.0,1236.0,3,1
train,GreedyMinimumSufficientCharge,c102_50_21_NL__v3,c102,10,Large_Network,False,NO_FEASIBLE_ACTION,1236.0,52,0,0.0,0.0,True,-1236.0,1236.0,6,52
train,GreedyMinimumSufficientCharge,c102_50_21_NL__v4,c102,10,Large_Network,False,NO_FEASIBLE_ACTION,1236.0,0,0,0.0,0.0,False,-1236.0,1236.0,6,0
train,GreedyMinimumSufficientCharge,r107_50_21_NL__v0,r107,11,Large_Network,False,NO_FEASIBLE_ACTION,230.0,51,0,0.0,0.0,True,-230.0,230.0,5,51
train,GreedyMinimumSufficientCharge,r107_50_21_NL__v1,r107,7,Large_Network,False,NO_FEASIBLE_ACTION,230.0,1,0,0.0,0.0,False,-230.0,230.0,5,1
train,GreedyMinimumSufficientCharge,r107_50_21_NL__v2,r107,8,Large_Network,False,NO_FEASIBLE_ACTION,230.0,0,0,0.0,0.0,False,-230.0,230.0,3,0
train,GreedyMinimumSufficientCharge,r107_50_21_NL__v3,r107,8,Large_Network,False,NO_FEASIBLE_ACTION,230.0,0,0,0.0,0.0,False,-230.0,230.0,4,0
train,GreedyMinimumSufficientCharge,r107_50_21_NL__v4,r107,8,Large_Network,False,NO_FEASIBLE_ACTION,230.0,50,0,0.0,0.0,True,-230.0,230.0,2,50
train,GreedyMinimumSufficientCharge,r107_50_21_NL__v5,r107,8,Large_Network,False,NO_FEASIBLE_ACTION,230.0,0,0,0.0,0.0,False,-230.0,230.0,5,0
train,GreedyMinimumSufficientCharge,c102C25_NL__v0,c102,9,Medium_Network,False,NO_FEASIBLE_ACTION,1236.0,1,0,0.0,0.0,False,-1236.0,1236.0,3,1
train,GreedyMinimumSufficientCharge,c102C25_NL__v1,c102,8,Medium_Network,False,NO_FEASIBLE_ACTION,1236.0,52,0,0.0,0.0,True,-1236.0,1236.0,5,52
train,GreedyMinimumSufficientCharge,c102C25_NL__v2,c102,8,Medium_Network,False,ZERO_CHARGE_NOOP,1236.0,2,0,0.0,0.0,False,-1236.0,1236.0,3,2
train,GreedyMinimumSufficientCharge,c104C25_NL__v0,c104,8,Medium_Network,False,NO_FEASIBLE_ACTION,1236.0,52,0,0.0,0.0,True,-1236.0,1236.0,7,52
train,GreedyMinimumSufficientCharge,c104C25_NL__v1,c104,9,Medium_Network,False,NO_FEASIBLE_ACTION,1236.0,1,0,0.0,0.0,False,-1236.0,1236.0,4,1
train,GreedyMinimumSufficientCharge,c104C25_NL__v2,c104,8,Medium_Network,False,ZERO_CHARGE_NOOP,1236.0,4,0,0.0,0.0,False,-1236.0,1236.0,7,4
train,GreedyMinimumSufficientCharge,r104C25_NL__v0,r104,9,Medium_Network,False,NO_FEASIBLE_ACTION,230.0,52,0,0.0,0.0,True,-230.0,230.0,8,52
train,GreedyMinimumSufficientCharge,r104C25_NL__v1,r104,7,Medium_Network,False,NO_FEASIBLE_ACTION,230.0,0,0,0.0,0.0,False,-230.0,230.0,6,0
train,GreedyMinimumSufficientCharge,r104C25_NL__v2,r104,9,Medium_Network,False,ZERO_CHARGE_NOOP,230.0,0,0,0.0,0.0,False,-230.0,230.0,0,0
train,GreedyMinimumSufficientCharge,r107C25_NL__v0,r107,7,Medium_Network,False,NO_FEASIBLE_ACTION,230.0,1,0,0.0,0.0,False,-230.0,230.0,6,1
train,GreedyMinimumSufficientCharge,r107C25_NL__v1,r107,7,Medium_Network,False,ZERO_CHARGE_NOOP,230.0,0,0,0.0,0.0,False,-230.0,230.0,0,0
train,GreedyMinimumSufficientCharge,r107C25_NL__v2,r107,7,Medium_Network,False,NO_FEASIBLE_ACTION,230.0,1,0,0.0,0.0,False,-230.0,230.0,4,1
train,GreedyMinimumSufficientCharge,r107C25_NL__v3,r107,4,Medium_Network,False,ZERO_CHARGE_NOOP,230.0,2,0,0.0,0.0,False,-230.0,230.0,4,2
train,GreedyMinimumSufficientCharge,rc101C25_NL__v0,rc101,3,Medium_Network,False,NO_FEASIBLE_ACTION,240.0,1,0,0.0,0.0,False,-240.0,240.0,3,1
train,GreedyMinimumSufficientCharge,rc101C25_NL__v1,rc101,5,Medium_Network,False,MASK_VIOLATION,240.0,2,0,0.0,0.0,False,-240.0,240.0,3,2
train,GreedyMinimumSufficientCharge,rc101C25_NL__v2,rc101,4,Medium_Network,False,NO_FEASIBLE_ACTION,240.0,50,0,0.0,0.0,True,-240.0,240.0,2,50
train,GreedyMinimumSufficientCharge,rc101C25_NL__v3,rc101,7,Medium_Network,False,NO_FEASIBLE_ACTION,240.0,50,0,0.0,0.0,True,-240.0,240.0,3,50
train,GreedyMinimumSufficientCharge,rc101C25_NL__v4,rc101,6,Medium_Network,False,ZERO_CHARGE_NOOP,240.0,0,0,0.0,0.0,False,-240.0,240.0,0,0
train,GreedyMinimumSufficientCharge,rc103C25_NL__v0,rc103,10,Medium_Network,False,NO_FEASIBLE_ACTION,240.0,51,0,0.0,0.0,True,-240.0,240.0,4,51
train,GreedyMinimumSufficientCharge,rc103C25_NL__v1,rc103,5,Medium_Network,True,,214.7719102569821,3,0,0.0,0.0,False,-214.7719102569821,240.0,6,3
train,GreedyMinimumSufficientCharge,rc103C25_NL__v2,rc103,6,Medium_Network,False,NO_FEASIBLE_ACTION,240.0,51,0,0.0,0.0,True,-240.0,240.0,4,51
train,GreedyMinimumSufficientCharge,rc103C25_NL__v3,rc103,4,Medium_Network,False,NO_FEASIBLE_ACTION,240.0,1,0,0.0,0.0,False,-240.0,240.0,4,1
train,GreedyMinimumSufficientCharge,rc104C25_NL__v0,rc104,5,Medium_Network,False,NO_FEASIBLE_ACTION,240.0,51,0,0.0,0.0,True,-240.0,240.0,4,51
train,GreedyMinimumSufficientCharge,rc104C25_NL__v1,rc104,8,Medium_Network,False,MASK_VIOLATION,240.0,2,0,0.0,0.0,False,-240.0,240.0,7,2
train,GreedyMinimumSufficientCharge,rc104C25_NL__v2,rc104,6,Medium_Network,False,NO_FEASIBLE_ACTION,240.0,52,0,0.0,0.0,True,-240.0,240.0,4,52
train,GreedyMinimumSufficientCharge,rc104C25_NL__v3,rc104,6,Medium_Network,False,ZERO_CHARGE_NOOP,240.0,3,0,0.0,0.0,False,-240.0,240.0,6,3
train,GreedyMinimumSufficientCharge,rc106C25_NL__v0,rc106,6,Medium_Network,False,NO_FEASIBLE_ACTION,240.0,1,0,0.0,0.0,False,-240.0,240.0,6,1
train,GreedyMinimumSufficientCharge,rc106C25_NL__v1,rc106,5,Medium_Network,False,NO_FEASIBLE_ACTION,240.0,51,0,0.0,0.0,True,-240.0,240.0,4,51
train,GreedyMinimumSufficientCharge,rc106C25_NL__v2,rc106,5,Medium_Network,False,NO_FEASIBLE_ACTION,240.0,0,0,0.0,0.0,False,-240.0,240.0,3,0
train,GreedyMinimumSufficientCharge,rc106C25_NL__v3,rc106,4,Medium_Network,False,MASK_VIOLATION,240.0,3,0,0.0,0.0,False,-240.0,240.0,3,3
train,GreedyMinimumSufficientCharge,rc106C25_NL__v4,rc106,5,Medium_Network,False,NO_FEASIBLE_ACTION,240.0,0,0,0.0,0.0,False,-240.0,240.0,4,0
train,GreedyMinimumSufficientCharge,c104C10_L__v0,c104,10,Small_Network,False,NO_FEASIBLE_ACTION,1236.0,0,0,0.0,0.0,False,-1236.0,1236.0,3,0
train,GreedyMinimumSufficientCharge,c104C10_NL__v0,c104,10,Small_Network,False,NO_FEASIBLE_ACTION,1236.0,2,0,0.0,0.0,False,-1236.0,1236.0,4,2
train,GreedyMinimumSufficientCharge,c104C10_VG__v0,c104,10,Small_Network,False,NO_FEASIBLE_ACTION,1236.0,2,0,0.0,0.0,False,-1236.0,1236.0,4,2
train,GreedyMinimumSufficientCharge,r103C10_L__v0,r103,5,Small_Network,False,NO_FEASIBLE_ACTION,230.0,0,0,0.0,0.0,False,-230.0,230.0,3,0
train,GreedyMinimumSufficientCharge,r103C10_L__v1,r103,5,Small_Network,False,MASK_VIOLATION,230.0,1,0,0.0,0.0,False,-230.0,230.0,4,1
train,GreedyMinimumSufficientCharge,r103C10_NL__v0,r103,5,Small_Network,False,NO_FEASIBLE_ACTION,230.0,0,0,0.0,0.0,False,-230.0,230.0,3,0
train,GreedyMinimumSufficientCharge,r103C10_NL__v1,r103,5,Small_Network,False,NO_FEASIBLE_ACTION,230.0,0,0,0.0,0.0,False,-230.0,230.0,5,0
train,GreedyMinimumSufficientCharge,r103C10_VG__v0,r103,5,Small_Network,False,NO_FEASIBLE_ACTION,230.0,0,0,0.0,0.0,False,-230.0,230.0,4,0
train,GreedyMinimumSufficientCharge,r103C10_VG__v1,r103,5,Small_Network,False,ZERO_CHARGE_NOOP,230.0,1,0,0.0,0.0,False,-230.0,230.0,4,1
train,GreedyMinimumSufficientCharge,r203C10_L__v0,r203,10,Small_Network,False,NO_FEASIBLE_ACTION,1000.0,1,0,0.0,0.0,False,-1000.0,1000.0,5,1
train,GreedyMinimumSufficientCharge,r203C10_NL__v0,r203,10,Small_Network,False,NO_FEASIBLE_ACTION,1000.0,0,0,0.0,0.0,False,-1000.0,1000.0,5,0
train,GreedyMinimumSufficientCharge,r203C10_VG__v0,r203,10,Small_Network,False,NO_FEASIBLE_ACTION,1000.0,1,0,0.0,0.0,False,-1000.0,1000.0,5,1
train,GreedyMinimumSufficientCharge,rc201C10_L__v0,rc201,10,Small_Network,False,NO_FEASIBLE_ACTION,960.0,1,0,0.0,0.0,False,-960.0,960.0,2,1
train,GreedyMinimumSufficientCharge,rc201C10_NL__v0,rc201,10,Small_Network,False,NO_FEASIBLE_ACTION,960.0,1,0,0.0,0.0,False,-960.0,960.0,2,1
train,GreedyMinimumSufficientCharge,rc201C10_VG__v0,rc201,10,Small_Network,False,NO_FEASIBLE_ACTION,960.0,1,0,0.0,0.0,False,-960.0,960.0,2,1
train,GreedyMinimumSufficientCharge,c103C15_L__v0,c103,7,Small_Network,False,NO_FEASIBLE_ACTION,1236.0,1,0,0.0,0.0,False,-1236.0,1236.0,4,1
train,GreedyMinimumSufficientCharge,c103C15_L__v1,c103,8,Small_Network,False,NO_FEASIBLE_ACTION,1236.0,1,0,0.0,0.0,False,-1236.0,1236.0,4,1
train,GreedyMinimumSufficientCharge,c103C15_NL__v0,c103,7,Small_Network,False,NO_FEASIBLE_ACTION,1236.0,51,0,0.0,0.0,True,-1236.0,1236.0,3,51
train,GreedyMinimumSufficientCharge,c103C15_NL__v1,c103,8,Small_Network,False,NO_FEASIBLE_ACTION,1236.0,2,0,0.0,0.0,False,-1236.0,1236.0,5,2
train,GreedyMinimumSufficientCharge,c103C15_VG__v0,c103,7,Small_Network,False,NO_FEASIBLE_ACTION,1236.0,50,0,0.0,0.0,True,-1236.0,1236.0,1,50
train,GreedyMinimumSufficientCharge,c103C15_VG__v1,c103,8,Small_Network,False,NO_FEASIBLE_ACTION,1236.0,1,0,0.0,0.0,False,-1236.0,1236.0,5,1
train,GreedyMinimumSufficientCharge,c106C15_L__v0,c106,7,Small_Network,False,NO_FEASIBLE_ACTION,1236.0,0,0,0.0,0.0,False,-1236.0,1236.0,3,0
train,GreedyMinimumSufficientCharge,c106C15_L__v1,c106,8,Small_Network,False,NO_FEASIBLE_ACTION,1236.0,0,0,0.0,0.0,False,-1236.0,1236.0,5,0
train,GreedyMinimumSufficientCharge,c106C15_NL__v0,c106,7,Small_Network,False,NO_FEASIBLE_ACTION,1236.0,0,0,0.0,0.0,False,-1236.0,1236.0,3,0
train,GreedyMinimumSufficientCharge,c106C15_NL__v1,c106,8,Small_Network,False,NO_FEASIBLE_ACTION,1236.0,50,0,0.0,0.0,True,-1236.0,1236.0,3,50
train,GreedyMinimumSufficientCharge,c106C15_VG__v0,c106,7,Small_Network,False,NO_FEASIBLE_ACTION,1236.0,1,0,0.0,0.0,False,-1236.0,1236.0,3,1
train,GreedyMinimumSufficientCharge,c106C15_VG__v1,c106,8,Small_Network,False,NO_FEASIBLE_ACTION,1236.0,0,0,0.0,0.0,False,-1236.0,1236.0,3,0
train,GreedyMinimumSufficientCharge,c208C15_L__v0,c208,15,Small_Network,False,NO_FEASIBLE_ACTION,3390.0,0,0,0.0,0.0,False,-3390.0,3390.0,3,0
train,GreedyMinimumSufficientCharge,c208C15_NL__v0,c208,15,Small_Network,False,NO_FEASIBLE_ACTION,3390.0,50,0,0.0,0.0,True,-3390.0,3390.0,4,50
train,GreedyMinimumSufficientCharge,c208C15_VG__v0,c208,15,Small_Network,False,NO_FEASIBLE_ACTION,3390.0,50,0,0.0,0.0,True,-3390.0,3390.0,4,50
train,GreedyMinimumSufficientCharge,r105C15_L__v0,r105,6,Small_Network,False,NO_FEASIBLE_ACTION,230.0,1,0,0.0,0.0,False,-230.0,230.0,4,1
train,GreedyMinimumSufficientCharge,r105C15_L__v1,r105,5,Small_Network,False,NO_FEASIBLE_ACTION,230.0,0,0,0.0,0.0,False,-230.0,230.0,3,0
train,GreedyMinimumSufficientCharge,r105C15_L__v2,r105,4,Small_Network,False,NO_FEASIBLE_ACTION,230.0,1,0,0.0,0.0,False,-230.0,230.0,4,1
train,GreedyMinimumSufficientCharge,r105C15_NL__v0,r105,6,Small_Network,False,NO_FEASIBLE_ACTION,230.0,0,0,0.0,0.0,False,-230.0,230.0,2,0
train,GreedyMinimumSufficientCharge,r105C15_NL__v1,r105,5,Small_Network,False,NO_FEASIBLE_ACTION,230.0,51,0,0.0,0.0,True,-230.0,230.0,3,51
train,GreedyMinimumSufficientCharge,r105C15_NL__v2,r105,4,Small_Network,False,NO_FEASIBLE_ACTION,230.0,50,0,0.0,0.0,True,-230.0,230.0,3,50
train,GreedyMinimumSufficientCharge,r105C15_VG__v0,r105,6,Small_Network,False,NO_FEASIBLE_ACTION,230.0,50,0,0.0,0.0,True,-230.0,230.0,1,50
train,GreedyMinimumSufficientCharge,r105C15_VG__v1,r105,5,Small_Network,False,NO_FEASIBLE_ACTION,230.0,51,0,0.0,0.0,True,-230.0,230.0,3,51
train,GreedyMinimumSufficientCharge,r105C15_VG__v2,r105,4,Small_Network,False,NO_FEASIBLE_ACTION,230.0,50,0,0.0,0.0,True,-230.0,230.0,3,50
train,GreedyMinimumSufficientCharge,r202C15_L__v0,r202,15,Small_Network,False,NO_FEASIBLE_ACTION,1000.0,1,0,0.0,0.0,False,-1000.0,1000.0,3,1
train,GreedyMinimumSufficientCharge,r202C15_NL__v0,r202,15,Small_Network,False,NO_FEASIBLE_ACTION,1000.0,50,0,0.0,0.0,True,-1000.0,1000.0,2,50
train,GreedyMinimumSufficientCharge,r202C15_VG__v0,r202,15,Small_Network,False,ZERO_CHARGE_NOOP,1000.0,5,0,0.0,0.0,False,-1000.0,1000.0,5,5
train,GreedyMinimumSufficientCharge,rc103C15_L__v0,rc103,5,Small_Network,False,NO_FEASIBLE_ACTION,240.0,0,0,0.0,0.0,False,-240.0,240.0,4,0
train,GreedyMinimumSufficientCharge,rc103C15_L__v1,rc103,4,Small_Network,False,NO_FEASIBLE_ACTION,240.0,1,0,0.0,0.0,False,-240.0,240.0,2,1
train,GreedyMinimumSufficientCharge,rc103C15_L__v2,rc103,6,Small_Network,False,NO_FEASIBLE_ACTION,240.0,0,0,0.0,0.0,False,-240.0,240.0,4,0
train,GreedyMinimumSufficientCharge,rc103C15_NL__v0,rc103,5,Small_Network,False,NO_FEASIBLE_ACTION,240.0,50,0,0.0,0.0,True,-240.0,240.0,3,50
train,GreedyMinimumSufficientCharge,rc103C15_NL__v1,rc103,4,Small_Network,False,NO_FEASIBLE_ACTION,240.0,0,0,0.0,0.0,False,-240.0,240.0,2,0
train,GreedyMinimumSufficientCharge,rc103C15_NL__v2,rc103,6,Small_Network,False,NO_FEASIBLE_ACTION,240.0,50,0,0.0,0.0,True,-240.0,240.0,2,50
train,GreedyMinimumSufficientCharge,rc103C15_VG__v0,rc103,5,Small_Network,False,NO_FEASIBLE_ACTION,240.0,50,0,0.0,0.0,True,-240.0,240.0,3,50
train,GreedyMinimumSufficientCharge,rc103C15_VG__v1,rc103,4,Small_Network,False,NO_FEASIBLE_ACTION,240.0,51,0,0.0,0.0,True,-240.0,240.0,3,51
train,GreedyMinimumSufficientCharge,rc103C15_VG__v2,rc103,6,Small_Network,False,NO_FEASIBLE_ACTION,240.0,50,0,0.0,0.0,True,-240.0,240.0,2,50
train,GreedyMinimumSufficientCharge,rc202C15_L__v0,rc202,15,Small_Network,False,NO_FEASIBLE_ACTION,960.0,1,0,0.0,0.0,False,-960.0,960.0,2,1
train,GreedyMinimumSufficientCharge,rc202C15_NL__v0,rc202,15,Small_Network,False,NO_FEASIBLE_ACTION,960.0,2,0,0.0,0.0,False,-960.0,960.0,3,2
train,GreedyMinimumSufficientCharge,rc202C15_VG__v0,rc202,15,Small_Network,False,ZERO_CHARGE_NOOP,960.0,0,0,0.0,0.0,False,-960.0,960.0,1,0
train,GreedyMinimumSufficientCharge,rc204C15_L__v0,rc204,15,Small_Network,False,NO_FEASIBLE_ACTION,960.0,0,0,0.0,0.0,False,-960.0,960.0,3,0
train,GreedyMinimumSufficientCharge,rc204C15_NL__v0,rc204,15,Small_Network,False,NO_FEASIBLE_ACTION,960.0,3,0,0.0,0.0,False,-960.0,960.0,6,3
train,GreedyMinimumSufficientCharge,rc204C15_VG__v0,rc204,15,Small_Network,False,NO_FEASIBLE_ACTION,960.0,6,0,0.0,0.0,False,-960.0,960.0,7,6
train,GreedyMinimumSufficientCharge,c103C5_L__v0,c103,5,Small_Network,False,NO_FEASIBLE_ACTION,1236.0,0,0,0.0,0.0,False,-1236.0,1236.0,2,0
train,GreedyMinimumSufficientCharge,c103C5_NL__v0,c103,5,Small_Network,False,NO_FEASIBLE_ACTION,1236.0,0,0,0.0,0.0,False,-1236.0,1236.0,2,0
train,GreedyMinimumSufficientCharge,c103C5_VG__v0,c103,5,Small_Network,False,NO_FEASIBLE_ACTION,1236.0,0,0,0.0,0.0,False,-1236.0,1236.0,2,0
train,GreedyMinimumSufficientCharge,c206C5_L__v0,c206,5,Small_Network,False,NO_FEASIBLE_ACTION,3390.0,1,0,0.0,0.0,False,-3390.0,3390.0,3,1
train,GreedyMinimumSufficientCharge,c206C5_NL__v0,c206,5,Small_Network,False,NO_FEASIBLE_ACTION,3390.0,3,0,0.0,0.0,False,-3390.0,3390.0,4,3
train,GreedyMinimumSufficientCharge,c206C5_VG__v0,c206,5,Small_Network,False,NO_FEASIBLE_ACTION,3390.0,50,0,0.0,0.0,True,-3390.0,3390.0,1,50
train,GreedyMinimumSufficientCharge,c208C5_L__v0,c208,5,Small_Network,False,NO_FEASIBLE_ACTION,3390.0,1,0,0.0,0.0,False,-3390.0,3390.0,5,1
train,GreedyMinimumSufficientCharge,c208C5_NL__v0,c208,5,Small_Network,False,NO_FEASIBLE_ACTION,3390.0,1,0,0.0,0.0,False,-3390.0,3390.0,5,1
train,GreedyMinimumSufficientCharge,c208C5_VG__v0,c208,5,Small_Network,False,NO_FEASIBLE_ACTION,3390.0,1,0,0.0,0.0,False,-3390.0,3390.0,5,1
train,GreedyMinimumSufficientCharge,r104C5_L__v0,r104,5,Small_Network,False,NO_FEASIBLE_ACTION,230.0,1,0,0.0,0.0,False,-230.0,230.0,3,1
train,GreedyMinimumSufficientCharge,r104C5_NL__v0,r104,5,Small_Network,False,NO_FEASIBLE_ACTION,230.0,52,0,0.0,0.0,True,-230.0,230.0,3,52
train,GreedyMinimumSufficientCharge,r104C5_VG__v0,r104,5,Small_Network,False,NO_FEASIBLE_ACTION,230.0,0,0,0.0,0.0,False,-230.0,230.0,2,0
train,GreedyMinimumSufficientCharge,r105C5_L__v0,r105,2,Small_Network,False,NO_FEASIBLE_ACTION,230.0,0,0,0.0,0.0,False,-230.0,230.0,2,0
train,GreedyMinimumSufficientCharge,r105C5_L__v1,r105,3,Small_Network,False,NO_FEASIBLE_ACTION,230.0,1,0,0.0,0.0,False,-230.0,230.0,2,1
train,GreedyMinimumSufficientCharge,r105C5_NL__v0,r105,2,Small_Network,False,NO_FEASIBLE_ACTION,230.0,50,0,0.0,0.0,True,-230.0,230.0,1,50
train,GreedyMinimumSufficientCharge,r105C5_NL__v1,r105,3,Small_Network,False,NO_FEASIBLE_ACTION,230.0,50,0,0.0,0.0,True,-230.0,230.0,1,50
train,GreedyMinimumSufficientCharge,r105C5_VG__v0,r105,2,Small_Network,False,NO_FEASIBLE_ACTION,230.0,50,0,0.0,0.0,True,-230.0,230.0,1,50
train,GreedyMinimumSufficientCharge,r105C5_VG__v1,r105,3,Small_Network,False,MASK_VIOLATION,230.0,1,0,0.0,0.0,False,-230.0,230.0,1,1
train,GreedyMinimumSufficientCharge,r202C5_L__v0,r202,5,Small_Network,False,NO_FEASIBLE_ACTION,1000.0,0,0,0.0,0.0,False,-1000.0,1000.0,2,0
train,GreedyMinimumSufficientCharge,r202C5_NL__v0,r202,5,Small_Network,False,NO_FEASIBLE_ACTION,1000.0,0,0,0.0,0.0,False,-1000.0,1000.0,2,0
train,GreedyMinimumSufficientCharge,r202C5_VG__v0,r202,5,Small_Network,False,NO_FEASIBLE_ACTION,1000.0,0,0,0.0,0.0,False,-1000.0,1000.0,2,0
train,GreedyMinimumSufficientCharge,r203C5_L__v0,r203,5,Small_Network,False,NO_FEASIBLE_ACTION,1000.0,1,0,0.0,0.0,False,-1000.0,1000.0,2,1
train,GreedyMinimumSufficientCharge,r203C5_NL__v0,r203,5,Small_Network,False,NO_FEASIBLE_ACTION,1000.0,0,0,0.0,0.0,False,-1000.0,1000.0,1,0
train,GreedyMinimumSufficientCharge,r203C5_VG__v0,r203,5,Small_Network,False,NO_FEASIBLE_ACTION,1000.0,4,0,0.0,0.0,False,-1000.0,1000.0,2,4
train,GreedyMinimumSufficientCharge,rc105C5_L__v0,rc105,3,Small_Network,False,MASK_VIOLATION,240.0,1,0,0.0,0.0,False,-240.0,240.0,1,1
train,GreedyMinimumSufficientCharge,rc105C5_L__v1,rc105,2,Small_Network,False,NO_FEASIBLE_ACTION,240.0,0,0,0.0,0.0,False,-240.0,240.0,2,0
train,GreedyMinimumSufficientCharge,rc105C5_NL__v0,rc105,3,Small_Network,False,NO_FEASIBLE_ACTION,240.0,50,0,0.0,0.0,True,-240.0,240.0,1,50
train,GreedyMinimumSufficientCharge,rc105C5_NL__v1,rc105,2,Small_Network,True,,186.789723176793,1,0,0.0,0.0,False,-186.789723176793,240.0,3,1
train,GreedyMinimumSufficientCharge,rc105C5_VG__v0,rc105,3,Small_Network,False,ZERO_CHARGE_NOOP,240.0,2,0,0.0,0.0,False,-240.0,240.0,1,2
train,GreedyMinimumSufficientCharge,rc105C5_VG__v1,rc105,2,Small_Network,True,,187.93394237415416,1,0,0.0,0.0,False,-187.93394237415416,240.0,3,1
train,GreedyMinimumSufficientCharge,rc204C5_L__v0,rc204,5,Small_Network,False,NO_FEASIBLE_ACTION,960.0,1,0,0.0,0.0,False,-960.0,960.0,3,1
train,GreedyMinimumSufficientCharge,rc204C5_NL__v0,rc204,5,Small_Network,False,NO_FEASIBLE_ACTION,960.0,2,0,0.0,0.0,False,-960.0,960.0,3,2
train,GreedyMinimumSufficientCharge,rc204C5_VG__v0,rc204,5,Small_Network,False,NO_FEASIBLE_ACTION,960.0,52,0,0.0,0.0,True,-960.0,960.0,3,52
train,GreedyFullCharge,c102_50_21_NL__v0,c102,10,Large_Network,False,NO_FEASIBLE_ACTION,1236.0,50,0,0.0,0.0,True,-1236.0,1236.0,3,50
train,GreedyFullCharge,c102_50_21_NL__v1,c102,10,Large_Network,False,NO_FEASIBLE_ACTION,1236.0,52,0,0.0,0.0,True,-1236.0,1236.0,3,52
train,GreedyFullCharge,c102_50_21_NL__v2,c102,10,Large_Network,False,NO_FEASIBLE_ACTION,1236.0,50,0,0.0,0.0,True,-1236.0,1236.0,2,50
train,GreedyFullCharge,c102_50_21_NL__v3,c102,10,Large_Network,False,NO_FEASIBLE_ACTION,1236.0,51,0,0.0,0.0,True,-1236.0,1236.0,6,51
train,GreedyFullCharge,c102_50_21_NL__v4,c102,10,Large_Network,False,NO_FEASIBLE_ACTION,1236.0,0,0,0.0,0.0,False,-1236.0,1236.0,6,0
train,GreedyFullCharge,r107_50_21_NL__v0,r107,11,Large_Network,False,NO_FEASIBLE_ACTION,230.0,51,0,0.0,0.0,True,-230.0,230.0,4,51
train,GreedyFullCharge,r107_50_21_NL__v1,r107,7,Large_Network,False,ZERO_CHARGE_NOOP,230.0,2,0,0.0,0.0,False,-230.0,230.0,4,2
train,GreedyFullCharge,r107_50_21_NL__v2,r107,8,Large_Network,False,NO_FEASIBLE_ACTION,230.0,0,0,0.0,0.0,False,-230.0,230.0,3,0
train,GreedyFullCharge,r107_50_21_NL__v3,r107,8,Large_Network,False,NO_FEASIBLE_ACTION,230.0,0,0,0.0,0.0,False,-230.0,230.0,4,0
train,GreedyFullCharge,r107_50_21_NL__v4,r107,8,Large_Network,False,ZERO_CHARGE_NOOP,230.0,3,0,0.0,0.0,False,-230.0,230.0,2,3
train,GreedyFullCharge,r107_50_21_NL__v5,r107,8,Large_Network,False,NO_FEASIBLE_ACTION,230.0,0,0,0.0,0.0,False,-230.0,230.0,5,0
train,GreedyFullCharge,c102C25_NL__v0,c102,9,Medium_Network,False,NO_FEASIBLE_ACTION,1236.0,50,0,0.0,0.0,True,-1236.0,1236.0,2,50
train,GreedyFullCharge,c102C25_NL__v1,c102,8,Medium_Network,False,NO_FEASIBLE_ACTION,1236.0,51,0,0.0,0.0,True,-1236.0,1236.0,5,51
train,GreedyFullCharge,c102C25_NL__v2,c102,8,Medium_Network,False,NO_FEASIBLE_ACTION,1236.0,52,0,0.0,0.0,True,-1236.0,1236.0,3,52
train,GreedyFullCharge,c104C25_NL__v0,c104,8,Medium_Network,False,NO_FEASIBLE_ACTION,1236.0,52,0,0.0,0.0,True,-1236.0,1236.0,7,52
train,GreedyFullCharge,c104C25_NL__v1,c104,9,Medium_Network,False,NO_FEASIBLE_ACTION,1236.0,51,0,0.0,0.0,True,-1236.0,1236.0,4,51
train,GreedyFullCharge,c104C25_NL__v2,c104,8,Medium_Network,False,NO_FEASIBLE_ACTION,1236.0,51,0,0.0,0.0,True,-1236.0,1236.0,7,51
train,GreedyFullCharge,r104C25_NL__v0,r104,9,Medium_Network,False,ZERO_CHARGE_NOOP,230.0,3,0,0.0,0.0,False,-230.0,230.0,6,3
train,GreedyFullCharge,r104C25_NL__v1,r104,7,Medium_Network,False,NO_FEASIBLE_ACTION,230.0,0,0,0.0,0.0,False,-230.0,230.0,6,0
train,GreedyFullCharge,r104C25_NL__v2,r104,9,Medium_Network,False,ZERO_CHARGE_NOOP,230.0,0,0,0.0,0.0,False,-230.0,230.0,0,0
train,GreedyFullCharge,r107C25_NL__v0,r107,7,Medium_Network,False,ZERO_CHARGE_NOOP,230.0,3,0,0.0,0.0,False,-230.0,230.0,6,3
train,GreedyFullCharge,r107C25_NL__v1,r107,7,Medium_Network,False,ZERO_CHARGE_NOOP,230.0,0,0,0.0,0.0,False,-230.0,230.0,0,0
train,GreedyFullCharge,r107C25_NL__v2,r107,7,Medium_Network,False,NO_FEASIBLE_ACTION,230.0,50,0,0.0,0.0,True,-230.0,230.0,3,50
train,GreedyFullCharge,r107C25_NL__v3,r107,4,Medium_Network,False,NO_FEASIBLE_ACTION,230.0,50,0,0.0,0.0,True,-230.0,230.0,3,50
train,GreedyFullCharge,rc101C25_NL__v0,rc101,3,Medium_Network,False,NO_FEASIBLE_ACTION,240.0,50,0,0.0,0.0,True,-240.0,240.0,2,50
train,GreedyFullCharge,rc101C25_NL__v1,rc101,5,Medium_Network,False,NO_FEASIBLE_ACTION,240.0,50,0,0.0,0.0,True,-240.0,240.0,3,50
train,GreedyFullCharge,rc101C25_NL__v2,rc101,4,Medium_Network,False,NO_FEASIBLE_ACTION,240.0,50,0,0.0,0.0,True,-240.0,240.0,2,50
train,GreedyFullCharge,rc101C25_NL__v3,rc101,7,Medium_Network,False,ZERO_CHARGE_NOOP,240.0,2,0,0.0,0.0,False,-240.0,240.0,3,2
train,GreedyFullCharge,rc101C25_NL__v4,rc101,6,Medium_Network,False,ZERO_CHARGE_NOOP,240.0,0,0,0.0,0.0,False,-240.0,240.0,0,0
train,GreedyFullCharge,rc103C25_NL__v0,rc103,10,Medium_Network,False,ZERO_CHARGE_NOOP,240.0,4,0,0.0,0.0,False,-240.0,240.0,4,4
train,GreedyFullCharge,rc103C25_NL__v1,rc103,5,Medium_Network,True,,213.3893965461283,1,0,0.0,0.0,False,-213.3893965461283,240.0,6,1
train,GreedyFullCharge,rc103C25_NL__v2,rc103,6,Medium_Network,False,NO_FEASIBLE_ACTION,240.0,51,0,0.0,0.0,True,-240.0,240.0,4,51
train,GreedyFullCharge,rc103C25_NL__v3,rc103,4,Medium_Network,False,NO_FEASIBLE_ACTION,240.0,1,0,0.0,0.0,False,-240.0,240.0,4,1
train,GreedyFullCharge,rc104C25_NL__v0,rc104,5,Medium_Network,False,NO_FEASIBLE_ACTION,240.0,51,0,0.0,0.0,True,-240.0,240.0,4,51
train,GreedyFullCharge,rc104C25_NL__v1,rc104,8,Medium_Network,False,ZERO_CHARGE_NOOP,240.0,2,0,0.0,0.0,False,-240.0,240.0,6,2
train,GreedyFullCharge,rc104C25_NL__v2,rc104,6,Medium_Network,False,ZERO_CHARGE_NOOP,240.0,3,0,0.0,0.0,False,-240.0,240.0,4,3
train,GreedyFullCharge,rc104C25_NL__v3,rc104,6,Medium_Network,True,,209.81138830084188,1,0,0.0,0.0,False,-209.81138830084188,240.0,7,1
train,GreedyFullCharge,rc106C25_NL__v0,rc106,6,Medium_Network,False,NO_FEASIBLE_ACTION,240.0,50,0,0.0,0.0,True,-240.0,240.0,5,50
train,GreedyFullCharge,rc106C25_NL__v1,rc106,5,Medium_Network,False,ZERO_CHARGE_NOOP,240.0,2,0,0.0,0.0,False,-240.0,240.0,2,2
train,GreedyFullCharge,rc106C25_NL__v2,rc106,5,Medium_Network,False,NO_FEASIBLE_ACTION,240.0,0,0,0.0,0.0,False,-240.0,240.0,3,0
train,GreedyFullCharge,rc106C25_NL__v3,rc106,4,Medium_Network,False,NO_FEASIBLE_ACTION,240.0,50,0,0.0,0.0,True,-240.0,240.0,3,50
train,GreedyFullCharge,rc106C25_NL__v4,rc106,5,Medium_Network,False,NO_FEASIBLE_ACTION,240.0,0,0,0.0,0.0,False,-240.0,240.0,4,0
train,GreedyFullCharge,c104C10_L__v0,c104,10,Small_Network,False,NO_FEASIBLE_ACTION,1236.0,0,0,0.0,0.0,False,-1236.0,1236.0,3,0
train,GreedyFullCharge,c104C10_NL__v0,c104,10,Small_Network,False,ZERO_CHARGE_NOOP,1236.0,5,0,0.0,0.0,False,-1236.0,1236.0,4,5
train,GreedyFullCharge,c104C10_VG__v0,c104,10,Small_Network,False,NO_FEASIBLE_ACTION,1236.0,2,0,0.0,0.0,False,-1236.0,1236.0,5,2
train,GreedyFullCharge,r103C10_L__v0,r103,5,Small_Network,False,NO_FEASIBLE_ACTION,230.0,0,0,0.0,0.0,False,-230.0,230.0,3,0
train,GreedyFullCharge,r103C10_L__v1,r103,5,Small_Network,False,NO_FEASIBLE_ACTION,230.0,50,0,0.0,0.0,True,-230.0,230.0,4,50
train,GreedyFullCharge,r103C10_NL__v0,r103,5,Small_Network,False,NO_FEASIBLE_ACTION,230.0,0,0,0.0,0.0,False,-230.0,230.0,3,0
train,GreedyFullCharge,r103C10_NL__v1,r103,5,Small_Network,False,NO_FEASIBLE_ACTION,230.0,0,0,0.0,0.0,False,-230.0,230.0,5,0
train,GreedyFullCharge,r103C10_VG__v0,r103,5,Small_Network,False,NO_FEASIBLE_ACTION,230.0,0,0,0.0,0.0,False,-230.0,230.0,4,0
train,GreedyFullCharge,r103C10_VG__v1,r103,5,Small_Network,False,NO_FEASIBLE_ACTION,230.0,51,0,0.0,0.0,True,-230.0,230.0,4,51
train,GreedyFullCharge,r203C10_L__v0,r203,10,Small_Network,False,NO_FEASIBLE_ACTION,1000.0,1,0,0.0,0.0,False,-1000.0,1000.0,6,1
train,GreedyFullCharge,r203C10_NL__v0,r203,10,Small_Network,False,NO_FEASIBLE_ACTION,1000.0,0,0,0.0,0.0,False,-1000.0,1000.0,5,0
train,GreedyFullCharge,r203C10_VG__v0,r203,10,Small_Network,False,NO_FEASIBLE_ACTION,1000.0,3,0,0.0,0.0,False,-1000.0,1000.0,6,3
train,GreedyFullCharge,rc201C10_L__v0,rc201,10,Small_Network,False,NO_FEASIBLE_ACTION,960.0,53,0,0.0,0.0,True,-960.0,960.0,4,53
train,GreedyFullCharge,rc201C10_NL__v0,rc201,10,Small_Network,False,NO_FEASIBLE_ACTION,960.0,1,0,0.0,0.0,False,-960.0,960.0,3,1
train,GreedyFullCharge,rc201C10_VG__v0,rc201,10,Small_Network,False,NO_FEASIBLE_ACTION,960.0,1,0,0.0,0.0,False,-960.0,960.0,3,1
train,GreedyFullCharge,c103C15_L__v0,c103,7,Small_Network,False,NO_FEASIBLE_ACTION,1236.0,50,0,0.0,0.0,True,-1236.0,1236.0,3,50
train,GreedyFullCharge,c103C15_L__v1,c103,8,Small_Network,False,NO_FEASIBLE_ACTION,1236.0,50,0,0.0,0.0,True,-1236.0,1236.0,3,50
train,GreedyFullCharge,c103C15_NL__v0,c103,7,Small_Network,False,NO_FEASIBLE_ACTION,1236.0,51,0,0.0,0.0,True,-1236.0,1236.0,3,51
train,GreedyFullCharge,c103C15_NL__v1,c103,8,Small_Network,False,NO_FEASIBLE_ACTION,1236.0,51,0,0.0,0.0,True,-1236.0,1236.0,3,51
train,GreedyFullCharge,c103C15_VG__v0,c103,7,Small_Network,False,NO_FEASIBLE_ACTION,1236.0,50,0,0.0,0.0,True,-1236.0,1236.0,1,50
train,GreedyFullCharge,c103C15_VG__v1,c103,8,Small_Network,False,NO_FEASIBLE_ACTION,1236.0,51,0,0.0,0.0,True,-1236.0,1236.0,3,51
train,GreedyFullCharge,c106C15_L__v0,c106,7,Small_Network,False,NO_FEASIBLE_ACTION,1236.0,0,0,0.0,0.0,False,-1236.0,1236.0,3,0
train,GreedyFullCharge,c106C15_L__v1,c106,8,Small_Network,False,NO_FEASIBLE_ACTION,1236.0,0,0,0.0,0.0,False,-1236.0,1236.0,5,0
train,GreedyFullCharge,c106C15_NL__v0,c106,7,Small_Network,False,NO_FEASIBLE_ACTION,1236.0,0,0,0.0,0.0,False,-1236.0,1236.0,3,0
train,GreedyFullCharge,c106C15_NL__v1,c106,8,Small_Network,False,NO_FEASIBLE_ACTION,1236.0,50,0,0.0,0.0,True,-1236.0,1236.0,3,50
train,GreedyFullCharge,c106C15_VG__v0,c106,7,Small_Network,False,NO_FEASIBLE_ACTION,1236.0,51,0,0.0,0.0,True,-1236.0,1236.0,3,51
train,GreedyFullCharge,c106C15_VG__v1,c106,8,Small_Network,False,NO_FEASIBLE_ACTION,1236.0,0,0,0.0,0.0,False,-1236.0,1236.0,3,0
train,GreedyFullCharge,c208C15_L__v0,c208,15,Small_Network,False,NO_FEASIBLE_ACTION,3390.0,0,0,0.0,0.0,False,-3390.0,3390.0,3,0
train,GreedyFullCharge,c208C15_NL__v0,c208,15,Small_Network,False,NO_FEASIBLE_ACTION,3390.0,50,0,0.0,0.0,True,-3390.0,3390.0,4,50
train,GreedyFullCharge,c208C15_VG__v0,c208,15,Small_Network,False,NO_FEASIBLE_ACTION,3390.0,50,0,0.0,0.0,True,-3390.0,3390.0,4,50
train,GreedyFullCharge,r105C15_L__v0,r105,6,Small_Network,False,NO_FEASIBLE_ACTION,230.0,51,0,0.0,0.0,True,-230.0,230.0,5,51
train,GreedyFullCharge,r105C15_L__v1,r105,5,Small_Network,False,NO_FEASIBLE_ACTION,230.0,0,0,0.0,0.0,False,-230.0,230.0,3,0
train,GreedyFullCharge,r105C15_L__v2,r105,4,Small_Network,False,NO_FEASIBLE_ACTION,230.0,50,0,0.0,0.0,True,-230.0,230.0,3,50
train,GreedyFullCharge,r105C15_NL__v0,r105,6,Small_Network,False,NO_FEASIBLE_ACTION,230.0,0,0,0.0,0.0,False,-230.0,230.0,2,0
train,GreedyFullCharge,r105C15_NL__v1,r105,5,Small_Network,False,ZERO_CHARGE_NOOP,230.0,1,0,0.0,0.0,False,-230.0,230.0,2,1
train,GreedyFullCharge,r105C15_NL__v2,r105,4,Small_Network,False,ZERO_CHARGE_NOOP,230.0,4,0,0.0,0.0,False,-230.0,230.0,3,4
train,GreedyFullCharge,r105C15_VG__v0,r105,6,Small_Network,False,NO_FEASIBLE_ACTION,230.0,50,0,0.0,0.0,True,-230.0,230.0,1,50
train,GreedyFullCharge,r105C15_VG__v1,r105,5,Small_Network,False,ZERO_CHARGE_NOOP,230.0,1,0,0.0,0.0,False,-230.0,230.0,2,1
train,GreedyFullCharge,r105C15_VG__v2,r105,4,Small_Network,False,NO_FEASIBLE_ACTION,230.0,50,0,0.0,0.0,True,-230.0,230.0,3,50
train,GreedyFullCharge,r202C15_L__v0,r202,15,Small_Network,False,NO_FEASIBLE_ACTION,1000.0,51,0,0.0,0.0,True,-1000.0,1000.0,3,51
train,GreedyFullCharge,r202C15_NL__v0,r202,15,Small_Network,False,ZERO_CHARGE_NOOP,1000.0,3,0,0.0,0.0,False,-1000.0,1000.0,2,3
train,GreedyFullCharge,r202C15_VG__v0,r202,15,Small_Network,False,ZERO_CHARGE_NOOP,1000.0,4,0,0.0,0.0,False,-1000.0,1000.0,5,4
train,GreedyFullCharge,rc103C15_L__v0,rc103,5,Small_Network,False,NO_FEASIBLE_ACTION,240.0,0,0,0.0,0.0,False,-240.0,240.0,4,0
train,GreedyFullCharge,rc103C15_L__v1,rc103,4,Small_Network,False,NO_FEASIBLE_ACTION,240.0,51,0,0.0,0.0,True,-240.0,240.0,3,51
train,GreedyFullCharge,rc103C15_L__v2,rc103,6,Small_Network,False,NO_FEASIBLE_ACTION,240.0,0,0,0.0,0.0,False,-240.0,240.0,4,0
train,GreedyFullCharge,rc103C15_NL__v0,rc103,5,Small_Network,False,NO_FEASIBLE_ACTION,240.0,50,0,0.0,0.0,True,-240.0,240.0,3,50
train,GreedyFullCharge,rc103C15_NL__v1,rc103,4,Small_Network,False,NO_FEASIBLE_ACTION,240.0,0,0,0.0,0.0,False,-240.0,240.0,2,0
train,GreedyFullCharge,rc103C15_NL__v2,rc103,6,Small_Network,False,NO_FEASIBLE_ACTION,240.0,50,0,0.0,0.0,True,-240.0,240.0,2,50
train,GreedyFullCharge,rc103C15_VG__v0,rc103,5,Small_Network,False,NO_FEASIBLE_ACTION,240.0,50,0,0.0,0.0,True,-240.0,240.0,3,50
train,GreedyFullCharge,rc103C15_VG__v1,rc103,4,Small_Network,False,NO_FEASIBLE_ACTION,240.0,50,0,0.0,0.0,True,-240.0,240.0,2,50
train,GreedyFullCharge,rc103C15_VG__v2,rc103,6,Small_Network,False,NO_FEASIBLE_ACTION,240.0,50,0,0.0,0.0,True,-240.0,240.0,2,50
train,GreedyFullCharge,rc202C15_L__v0,rc202,15,Small_Network,False,NO_FEASIBLE_ACTION,960.0,52,0,0.0,0.0,True,-960.0,960.0,5,52
train,GreedyFullCharge,rc202C15_NL__v0,rc202,15,Small_Network,False,NO_FEASIBLE_ACTION,960.0,1,0,0.0,0.0,False,-960.0,960.0,5,1
train,GreedyFullCharge,rc202C15_VG__v0,rc202,15,Small_Network,False,NO_FEASIBLE_ACTION,960.0,52,0,0.0,0.0,True,-960.0,960.0,5,52
train,GreedyFullCharge,rc204C15_L__v0,rc204,15,Small_Network,False,NO_FEASIBLE_ACTION,960.0,0,0,0.0,0.0,False,-960.0,960.0,3,0
train,GreedyFullCharge,rc204C15_NL__v0,rc204,15,Small_Network,False,NO_FEASIBLE_ACTION,960.0,2,0,0.0,0.0,False,-960.0,960.0,7,2
train,GreedyFullCharge,rc204C15_VG__v0,rc204,15,Small_Network,False,NO_FEASIBLE_ACTION,960.0,54,0,0.0,0.0,True,-960.0,960.0,7,54
train,GreedyFullCharge,c103C5_L__v0,c103,5,Small_Network,False,NO_FEASIBLE_ACTION,1236.0,0,0,0.0,0.0,False,-1236.0,1236.0,2,0
train,GreedyFullCharge,c103C5_NL__v0,c103,5,Small_Network,False,NO_FEASIBLE_ACTION,1236.0,0,0,0.0,0.0,False,-1236.0,1236.0,2,0
train,GreedyFullCharge,c103C5_VG__v0,c103,5,Small_Network,False,NO_FEASIBLE_ACTION,1236.0,0,0,0.0,0.0,False,-1236.0,1236.0,2,0
train,GreedyFullCharge,c206C5_L__v0,c206,5,Small_Network,False,NO_FEASIBLE_ACTION,3390.0,1,0,0.0,0.0,False,-3390.0,3390.0,4,1
train,GreedyFullCharge,c206C5_NL__v0,c206,5,Small_Network,True,,2814.8112797438116,5,0,0.0,0.0,False,-2814.8112797438116,3390.0,6,5
train,GreedyFullCharge,c206C5_VG__v0,c206,5,Small_Network,False,NO_FEASIBLE_ACTION,3390.0,50,0,0.0,0.0,True,-3390.0,3390.0,1,50
train,GreedyFullCharge,c208C5_L__v0,c208,5,Small_Network,True,,2399.495313058383,2,0,0.0,0.0,False,-2399.495313058383,3390.0,6,2
train,GreedyFullCharge,c208C5_NL__v0,c208,5,Small_Network,False,NO_FEASIBLE_ACTION,3390.0,1,0,0.0,0.0,False,-3390.0,3390.0,5,1
train,GreedyFullCharge,c208C5_VG__v0,c208,5,Small_Network,False,NO_FEASIBLE_ACTION,3390.0,1,0,0.0,0.0,False,-3390.0,3390.0,5,1
train,GreedyFullCharge,r104C5_L__v0,r104,5,Small_Network,False,NO_FEASIBLE_ACTION,230.0,1,0,0.0,0.0,False,-230.0,230.0,4,1
train,GreedyFullCharge,r104C5_NL__v0,r104,5,Small_Network,False,NO_FEASIBLE_ACTION,230.0,52,0,0.0,0.0,True,-230.0,230.0,3,52
train,GreedyFullCharge,r104C5_VG__v0,r104,5,Small_Network,False,NO_FEASIBLE_ACTION,230.0,0,0,0.0,0.0,False,-230.0,230.0,2,0
train,GreedyFullCharge,r105C5_L__v0,r105,2,Small_Network,False,NO_FEASIBLE_ACTION,230.0,0,0,0.0,0.0,False,-230.0,230.0,2,0
train,GreedyFullCharge,r105C5_L__v1,r105,3,Small_Network,False,NO_FEASIBLE_ACTION,230.0,50,0,0.0,0.0,True,-230.0,230.0,1,50
train,GreedyFullCharge,r105C5_NL__v0,r105,2,Small_Network,False,ZERO_CHARGE_NOOP,230.0,3,0,0.0,0.0,False,-230.0,230.0,1,3
train,GreedyFullCharge,r105C5_NL__v1,r105,3,Small_Network,False,ZERO_CHARGE_NOOP,230.0,2,0,0.0,0.0,False,-230.0,230.0,1,2
train,GreedyFullCharge,r105C5_VG__v0,r105,2,Small_Network,False,ZERO_CHARGE_NOOP,230.0,3,0,0.0,0.0,False,-230.0,230.0,1,3
train,GreedyFullCharge,r105C5_VG__v1,r105,3,Small_Network,False,ZERO_CHARGE_NOOP,230.0,2,0,0.0,0.0,False,-230.0,230.0,1,2
train,GreedyFullCharge,r202C5_L__v0,r202,5,Small_Network,False,NO_FEASIBLE_ACTION,1000.0,0,0,0.0,0.0,False,-1000.0,1000.0,2,0
train,GreedyFullCharge,r202C5_NL__v0,r202,5,Small_Network,False,NO_FEASIBLE_ACTION,1000.0,0,0,0.0,0.0,False,-1000.0,1000.0,2,0
train,GreedyFullCharge,r202C5_VG__v0,r202,5,Small_Network,False,NO_FEASIBLE_ACTION,1000.0,0,0,0.0,0.0,False,-1000.0,1000.0,2,0
train,GreedyFullCharge,r203C5_L__v0,r203,5,Small_Network,True,,690.4602405903871,3,0,0.0,0.0,False,-690.4602405903871,1000.0,6,3
train,GreedyFullCharge,r203C5_NL__v0,r203,5,Small_Network,False,NO_FEASIBLE_ACTION,1000.0,0,0,0.0,0.0,False,-1000.0,1000.0,1,0
train,GreedyFullCharge,r203C5_VG__v0,r203,5,Small_Network,False,NO_FEASIBLE_ACTION,1000.0,5,0,0.0,0.0,False,-1000.0,1000.0,2,5
train,GreedyFullCharge,rc105C5_L__v0,rc105,3,Small_Network,False,NO_FEASIBLE_ACTION,240.0,50,0,0.0,0.0,True,-240.0,240.0,1,50
train,GreedyFullCharge,rc105C5_L__v1,rc105,2,Small_Network,False,NO_FEASIBLE_ACTION,240.0,0,0,0.0,0.0,False,-240.0,240.0,2,0
train,GreedyFullCharge,rc105C5_NL__v0,rc105,3,Small_Network,False,ZERO_CHARGE_NOOP,240.0,3,0,0.0,0.0,False,-240.0,240.0,1,3
train,GreedyFullCharge,rc105C5_NL__v1,rc105,2,Small_Network,True,,195.64494901193152,1,0,0.0,0.0,False,-195.64494901193152,240.0,3,1
train,GreedyFullCharge,rc105C5_VG__v0,rc105,3,Small_Network,False,ZERO_CHARGE_NOOP,240.0,3,0,0.0,0.0,False,-240.0,240.0,1,3
train,GreedyFullCharge,rc105C5_VG__v1,rc105,2,Small_Network,True,,191.3636493809546,1,0,0.0,0.0,False,-191.3636493809546,240.0,3,1
train,GreedyFullCharge,rc204C5_L__v0,rc204,5,Small_Network,False,NO_FEASIBLE_ACTION,960.0,1,0,0.0,0.0,False,-960.0,960.0,5,1
train,GreedyFullCharge,rc204C5_NL__v0,rc204,5,Small_Network,True,,920.3631263440752,2,0,0.0,0.0,False,-920.3631263440752,960.0,6,2
train,GreedyFullCharge,rc204C5_VG__v0,rc204,5,Small_Network,False,NO_FEASIBLE_ACTION,960.0,52,0,0.0,0.0,True,-960.0,960.0,4,52
train,OneStepLookahead,c102_50_21_NL__v0,c102,10,Large_Network,False,NO_FEASIBLE_ACTION,1236.0,50,0,0.0,0.0,True,-1236.0,1236.0,0,50
train,OneStepLookahead,c102_50_21_NL__v1,c102,10,Large_Network,False,NO_FEASIBLE_ACTION,1236.0,51,16,1020.7805747103098,3460.446148267948,True,-1236.0,1236.0,1,51
train,OneStepLookahead,c102_50_21_NL__v2,c102,10,Large_Network,False,NO_FEASIBLE_ACTION,1236.0,52,1,59.09925464142984,200.34647323444716,True,-1236.0,1236.0,2,52
train,OneStepLookahead,c102_50_21_NL__v3,c102,10,Large_Network,False,NO_FEASIBLE_ACTION,1236.0,50,0,0.0,0.0,True,-1236.0,1236.0,0,50
train,OneStepLookahead,c102_50_21_NL__v4,c102,10,Large_Network,False,NO_FEASIBLE_ACTION,1236.0,50,0,0.0,0.0,True,-1236.0,1236.0,0,50
train,OneStepLookahead,r107_50_21_NL__v0,r107,11,Large_Network,False,NO_FEASIBLE_ACTION,230.0,52,3,71.22217738422965,32.04997982290331,True,-230.0,230.0,4,52
train,OneStepLookahead,r107_50_21_NL__v1,r107,7,Large_Network,False,NO_FEASIBLE_ACTION,230.0,52,1,38.68710595224877,17.40919767851196,True,-230.0,230.0,2,52
train,OneStepLookahead,r107_50_21_NL__v2,r107,8,Large_Network,False,NO_FEASIBLE_ACTION,230.0,52,16,423.3034869807689,190.48656914134565,True,-230.0,230.0,1,52
train,OneStepLookahead,r107_50_21_NL__v3,r107,8,Large_Network,False,NO_FEASIBLE_ACTION,230.0,1,0,0.0,0.0,False,-230.0,230.0,3,1
train,OneStepLookahead,r107_50_21_NL__v4,r107,8,Large_Network,False,NO_FEASIBLE_ACTION,230.0,50,2,64.43984522087227,28.99793034939252,True,-230.0,230.0,2,50
train,OneStepLookahead,r107_50_21_NL__v5,r107,8,Large_Network,False,NO_FEASIBLE_ACTION,230.0,50,16,415.07084699956346,186.78188114980324,True,-230.0,230.0,4,50
train,OneStepLookahead,c102C25_NL__v0,c102,9,Medium_Network,False,NO_FEASIBLE_ACTION,1236.0,2,0,0.0,0.0,False,-1236.0,1236.0,2,2
train,OneStepLookahead,c102C25_NL__v1,c102,8,Medium_Network,False,NO_FEASIBLE_ACTION,1236.0,51,0,0.0,0.0,True,-1236.0,1236.0,1,51
train,OneStepLookahead,c102C25_NL__v2,c102,8,Medium_Network,False,NO_FEASIBLE_ACTION,1236.0,2,0,0.0,0.0,False,-1236.0,1236.0,2,2
train,OneStepLookahead,c104C25_NL__v0,c104,8,Medium_Network,False,NO_FEASIBLE_ACTION,1236.0,50,0,0.0,0.0,True,-1236.0,1236.0,2,50
train,OneStepLookahead,c104C25_NL__v1,c104,9,Medium_Network,False,NO_FEASIBLE_ACTION,1236.0,2,0,0.0,0.0,False,-1236.0,1236.0,4,2
train,OneStepLookahead,c104C25_NL__v2,c104,8,Medium_Network,False,NO_FEASIBLE_ACTION,1236.0,54,17,471.03871342802563,1596.8212385210063,True,-1236.0,1236.0,7,54
train,OneStepLookahead,r104C25_NL__v0,r104,9,Medium_Network,False,NO_FEASIBLE_ACTION,230.0,51,0,0.0,0.0,True,-230.0,230.0,1,51
train,OneStepLookahead,r104C25_NL__v1,r104,7,Medium_Network,False,NO_FEASIBLE_ACTION,230.0,54,1,37.49184870030534,16.871331915137404,True,-230.0,230.0,6,54
train,OneStepLookahead,r104C25_NL__v2,r104,9,Medium_Network,False,NO_FEASIBLE_ACTION,230.0,50,17,240.9454580532536,108.42545612396404,True,-230.0,230.0,0,50
train,OneStepLookahead,r107C25_NL__v0,r107,7,Medium_Network,False,NO_FEASIBLE_ACTION,230.0,54,12,608.663738880172,273.89868249607764,True,-230.0,230.0,6,54
train,OneStepLookahead,r107C25_NL__v1,r107,7,Medium_Network,False,NO_FEASIBLE_ACTION,230.0,50,12,358.1295253544382,161.15828640949707,True,-230.0,230.0,0,50
train,OneStepLookahead,r107C25_NL__v2,r107,7,Medium_Network,False,NO_FEASIBLE_ACTION,230.0,50,16,450.53444268372914,202.74049920767777,True,-230.0,230.0,0,50
train,OneStepLookahead,r107C25_NL__v3,r107,4,Medium_Network,False,NO_FEASIBLE_ACTION,230.0,53,16,248.73083431010795,111.92887543954842,True,-230.0,230.0,3,53
train,OneStepLookahead,rc101C25_NL__v0,rc101,3,Medium_Network,False,NO_FEASIBLE_ACTION,240.0,51,16,477.8869796530036,181.59705226814168,True,-240.0,240.0,1,51
train,OneStepLookahead,rc101C25_NL__v1,rc101,5,Medium_Network,False,NO_FEASIBLE_ACTION,240.0,51,2,60.72471760068688,23.07539268826099,True,-240.0,240.0,3,51
train,OneStepLookahead,rc101C25_NL__v2,rc101,4,Medium_Network,False,NO_FEASIBLE_ACTION,240.0,50,0,0.0,0.0,True,-240.0,240.0,0,50
train,OneStepLookahead,rc101C25_NL__v3,rc101,7,Medium_Network,False,NO_FEASIBLE_ACTION,240.0,52,0,0.0,0.0,True,-240.0,240.0,2,52
train,OneStepLookahead,rc101C25_NL__v4,rc101,6,Medium_Network,False,NO_FEASIBLE_ACTION,240.0,50,17,226.31512328758805,85.99974684928338,True,-240.0,240.0,0,50
train,OneStepLookahead,rc103C25_NL__v0,rc103,10,Medium_Network,False,NO_FEASIBLE_ACTION,240.0,53,16,273.0428482499388,103.7562823349766,True,-240.0,240.0,2,53
train,OneStepLookahead,rc103C25_NL__v1,rc103,5,Medium_Network,True,,229.81067801310763,4,0,0.0,0.0,False,-229.81067801310763,240.0,6,4
train,OneStepLookahead,rc103C25_NL__v2,rc103,6,Medium_Network,False,NO_FEASIBLE_ACTION,240.0,56,2,14.617311483246894,5.554578363633823,True,-240.0,240.0,4,56
train,OneStepLookahead,rc103C25_NL__v3,rc103,4,Medium_Network,False,NO_FEASIBLE_ACTION,240.0,2,0,0.0,0.0,False,-240.0,240.0,4,2
train,OneStepLookahead,rc104C25_NL__v0,rc104,5,Medium_Network,False,NO_FEASIBLE_ACTION,240.0,55,1,36.28108891285797,13.786813786886029,True,-240.0,240.0,4,55
train,OneStepLookahead,rc104C25_NL__v1,rc104,8,Medium_Network,False,NO_FEASIBLE_ACTION,240.0,54,0,0.0,0.0,True,-240.0,240.0,5,54
train,OneStepLookahead,rc104C25_NL__v2,rc104,6,Medium_Network,False,NO_FEASIBLE_ACTION,240.0,51,17,211.15343163482862,80.23830402123473,True,-240.0,240.0,3,51
train,OneStepLookahead,rc104C25_NL__v3,rc104,6,Medium_Network,True,,231.61281767675948,3,0,0.0,0.0,False,-231.61281767675948,240.0,7,3
train,OneStepLookahead,rc106C25_NL__v0,rc106,6,Medium_Network,False,NO_FEASIBLE_ACTION,240.0,51,1,20.195076423332296,7.674129040866262,True,-240.0,240.0,5,51
train,OneStepLookahead,rc106C25_NL__v1,rc106,5,Medium_Network,False,NO_FEASIBLE_ACTION,240.0,54,23,223.09958723153733,84.7778431479841,True,-240.0,240.0,2,54
train,OneStepLookahead,rc106C25_NL__v2,rc106,5,Medium_Network,False,NO_FEASIBLE_ACTION,240.0,50,0,0.0,0.0,True,-240.0,240.0,0,50
train,OneStepLookahead,rc106C25_NL__v3,rc106,4,Medium_Network,False,NO_FEASIBLE_ACTION,240.0,54,1,23.96286619754285,9.10588915506628,True,-240.0,240.0,3,54
train,OneStepLookahead,rc106C25_NL__v4,rc106,5,Medium_Network,False,NO_FEASIBLE_ACTION,240.0,52,0,0.0,0.0,True,-240.0,240.0,2,52
train,OneStepLookahead,c104C10_L__v0,c104,10,Small_Network,False,NO_FEASIBLE_ACTION,1236.0,50,16,657.5565849281847,2281.7213497007997,True,-1236.0,1236.0,1,50
train,OneStepLookahead,c104C10_NL__v0,c104,10,Small_Network,False,NO_FEASIBLE_ACTION,1236.0,5,1,20.019018862494406,69.46599545285551,False,-1236.0,1236.0,4,5
train,OneStepLookahead,c104C10_VG__v0,c104,10,Small_Network,False,NO_FEASIBLE_ACTION,1236.0,5,1,10.773224164342892,37.38308785026982,False,-1236.0,1236.0,4,5
train,OneStepLookahead,r103C10_L__v0,r103,5,Small_Network,False,NO_FEASIBLE_ACTION,230.0,2,0,0.0,0.0,False,-230.0,230.0,5,2
train,OneStepLookahead,r103C10_L__v1,r103,5,Small_Network,True,,189.37278694784055,2,0,0.0,0.0,False,-189.37278694784055,230.0,6,2
train,OneStepLookahead,r103C10_NL__v0,r103,5,Small_Network,False,NO_FEASIBLE_ACTION,230.0,53,20,480.5133586343084,235.4515457308108,True,-230.0,230.0,4,53
train,OneStepLookahead,r103C10_NL__v1,r103,5,Small_Network,True,,189.37278694784055,2,0,0.0,0.0,False,-189.37278694784055,230.0,6,2
train,OneStepLookahead,r103C10_VG__v0,r103,5,Small_Network,False,NO_FEASIBLE_ACTION,230.0,2,0,0.0,0.0,False,-230.0,230.0,3,2
train,OneStepLookahead,r103C10_VG__v1,r103,5,Small_Network,False,NO_FEASIBLE_ACTION,230.0,3,0,0.0,0.0,False,-230.0,230.0,2,3
train,OneStepLookahead,r203C10_L__v0,r203,10,Small_Network,False,NO_FEASIBLE_ACTION,1000.0,2,0,0.0,0.0,False,-1000.0,1000.0,6,2
train,OneStepLookahead,r203C10_NL__v0,r203,10,Small_Network,False,NO_FEASIBLE_ACTION,1000.0,2,0,0.0,0.0,False,-1000.0,1000.0,6,2
train,OneStepLookahead,r203C10_VG__v0,r203,10,Small_Network,False,NO_FEASIBLE_ACTION,1000.0,2,0,0.0,0.0,False,-1000.0,1000.0,5,2
train,OneStepLookahead,rc201C10_L__v0,rc201,10,Small_Network,False,NO_FEASIBLE_ACTION,960.0,53,16,356.5535248526203,139.05587469252205,True,-960.0,960.0,2,53
train,OneStepLookahead,rc201C10_NL__v0,rc201,10,Small_Network,False,NO_FEASIBLE_ACTION,960.0,1,0,0.0,0.0,False,-960.0,960.0,2,1
train,OneStepLookahead,rc201C10_VG__v0,rc201,10,Small_Network,False,NO_FEASIBLE_ACTION,960.0,1,0,0.0,0.0,False,-960.0,960.0,2,1
train,OneStepLookahead,c103C15_L__v0,c103,7,Small_Network,False,NO_FEASIBLE_ACTION,1236.0,51,0,0.0,0.0,True,-1236.0,1236.0,1,51
train,OneStepLookahead,c103C15_L__v1,c103,8,Small_Network,False,NO_FEASIBLE_ACTION,1236.0,2,0,0.0,0.0,False,-1236.0,1236.0,4,2
train,OneStepLookahead,c103C15_NL__v0,c103,7,Small_Network,False,NO_FEASIBLE_ACTION,1236.0,51,16,400.49907011924734,1389.7317733137897,True,-1236.0,1236.0,3,51
train,OneStepLookahead,c103C15_NL__v1,c103,8,Small_Network,False,NO_FEASIBLE_ACTION,1236.0,3,0,0.0,0.0,False,-1236.0,1236.0,5,3
train,OneStepLookahead,c103C15_VG__v0,c103,7,Small_Network,False,NO_FEASIBLE_ACTION,1236.0,50,0,0.0,0.0,True,-1236.0,1236.0,1,50
train,OneStepLookahead,c103C15_VG__v1,c103,8,Small_Network,False,NO_FEASIBLE_ACTION,1236.0,4,0,0.0,0.0,False,-1236.0,1236.0,5,4
train,OneStepLookahead,c106C15_L__v0,c106,7,Small_Network,False,NO_FEASIBLE_ACTION,1236.0,52,1,44.64458979412461,154.9167265856123,True,-1236.0,1236.0,3,52
train,OneStepLookahead,c106C15_L__v1,c106,8,Small_Network,False,NO_FEASIBLE_ACTION,1236.0,1,0,0.0,0.0,False,-1236.0,1236.0,4,1
train,OneStepLookahead,c106C15_NL__v0,c106,7,Small_Network,False,NO_FEASIBLE_ACTION,1236.0,52,25,73.9132535299455,256.4789897489088,True,-1236.0,1236.0,3,52
train,OneStepLookahead,c106C15_NL__v1,c106,8,Small_Network,False,NO_FEASIBLE_ACTION,1236.0,50,0,0.0,0.0,True,-1236.0,1236.0,3,50
train,OneStepLookahead,c106C15_VG__v0,c106,7,Small_Network,False,NO_FEASIBLE_ACTION,1236.0,52,25,452.4776407970084,1570.097413565616,True,-1236.0,1236.0,3,52
train,OneStepLookahead,c106C15_VG__v1,c106,8,Small_Network,False,NO_FEASIBLE_ACTION,1236.0,0,0,0.0,0.0,False,-1236.0,1236.0,3,0
train,OneStepLookahead,c208C15_L__v0,c208,15,Small_Network,False,NO_FEASIBLE_ACTION,3390.0,1,0,0.0,0.0,False,-3390.0,3390.0,3,1
train,OneStepLookahead,c208C15_NL__v0,c208,15,Small_Network,False,NO_FEASIBLE_ACTION,3390.0,50,17,566.0976616781974,1964.358886023343,True,-3390.0,3390.0,4,50
train,OneStepLookahead,c208C15_VG__v0,c208,15,Small_Network,False,NO_FEASIBLE_ACTION,3390.0,50,17,307.2242958127333,1066.0683064701861,True,-3390.0,3390.0,4,50
train,OneStepLookahead,r105C15_L__v0,r105,6,Small_Network,False,NO_FEASIBLE_ACTION,230.0,2,0,0.0,0.0,False,-230.0,230.0,3,2
train,OneStepLookahead,r105C15_L__v1,r105,5,Small_Network,False,NO_FEASIBLE_ACTION,230.0,52,16,294.9276829793657,144.5145646598888,True,-230.0,230.0,3,52
train,OneStepLookahead,r105C15_L__v2,r105,4,Small_Network,False,NO_FEASIBLE_ACTION,230.0,50,0,0.0,0.0,True,-230.0,230.0,0,50
train,OneStepLookahead,r105C15_NL__v0,r105,6,Small_Network,False,NO_FEASIBLE_ACTION,230.0,0,0,0.0,0.0,False,-230.0,230.0,2,0
train,OneStepLookahead,r105C15_NL__v1,r105,5,Small_Network,False,NO_FEASIBLE_ACTION,230.0,52,17,628.2547789777916,307.84484169911775,True,-230.0,230.0,3,52
train,OneStepLookahead,r105C15_NL__v2,r105,4,Small_Network,False,NO_FEASIBLE_ACTION,230.0,53,17,528.4089796616815,258.9204000342245,True,-230.0,230.0,3,53
train,OneStepLookahead,r105C15_VG__v0,r105,6,Small_Network,False,NO_FEASIBLE_ACTION,230.0,50,18,769.7074274134363,377.15663943258414,True,-230.0,230.0,1,50
train,OneStepLookahead,r105C15_VG__v1,r105,5,Small_Network,False,NO_FEASIBLE_ACTION,230.0,51,25,385.7359618073388,189.01062128559573,True,-230.0,230.0,3,51
train,OneStepLookahead,r105C15_VG__v2,r105,4,Small_Network,False,NO_FEASIBLE_ACTION,230.0,52,24,602.3425551624866,295.14785202961855,True,-230.0,230.0,3,52
train,OneStepLookahead,r202C15_L__v0,r202,15,Small_Network,False,NO_FEASIBLE_ACTION,1000.0,3,0,0.0,0.0,False,-1000.0,1000.0,4,3
train,OneStepLookahead,r202C15_NL__v0,r202,15,Small_Network,False,NO_FEASIBLE_ACTION,1000.0,50,17,23.614505655243278,11.571107771068824,True,-1000.0,1000.0,2,50
train,OneStepLookahead,r202C15_VG__v0,r202,15,Small_Network,False,NO_FEASIBLE_ACTION,1000.0,52,17,394.39883186191673,193.25542761233947,True,-1000.0,1000.0,3,52
train,OneStepLookahead,rc103C15_L__v0,rc103,5,Small_Network,True,,181.16247582958144,1,0,0.0,0.0,False,-181.16247582958144,240.0,6,1
train,OneStepLookahead,rc103C15_L__v1,rc103,4,Small_Network,False,NO_FEASIBLE_ACTION,240.0,53,24,839.620428322866,327.4519670459176,True,-240.0,240.0,2,53
train,OneStepLookahead,rc103C15_L__v2,rc103,6,Small_Network,False,NO_FEASIBLE_ACTION,240.0,0,0,0.0,0.0,False,-240.0,240.0,4,0
train,OneStepLookahead,rc103C15_NL__v0,rc103,5,Small_Network,True,,181.16247582958144,1,0,0.0,0.0,False,-181.16247582958144,240.0,6,1
train,OneStepLookahead,rc103C15_NL__v1,rc103,4,Small_Network,False,NO_FEASIBLE_ACTION,240.0,53,16,611.7290132038363,238.57431514949695,True,-240.0,240.0,2,53
train,OneStepLookahead,rc103C15_NL__v2,rc103,6,Small_Network,False,NO_FEASIBLE_ACTION,240.0,50,25,592.669843275731,231.14123887753482,True,-240.0,240.0,2,50
train,OneStepLookahead,rc103C15_VG__v0,rc103,5,Small_Network,True,,181.16247582958144,1,0,0.0,0.0,False,-181.16247582958144,240.0,6,1
train,OneStepLookahead,rc103C15_VG__v1,rc103,4,Small_Network,False,NO_FEASIBLE_ACTION,240.0,54,16,650.3608158293538,253.64071817344757,True,-240.0,240.0,2,54
train,OneStepLookahead,rc103C15_VG__v2,rc103,6,Small_Network,False,NO_FEASIBLE_ACTION,240.0,50,25,415.3359529632655,161.98102165567326,True,-240.0,240.0,2,50
train,OneStepLookahead,rc202C15_L__v0,rc202,15,Small_Network,False,NO_FEASIBLE_ACTION,960.0,51,0,0.0,0.0,True,-960.0,960.0,1,51
train,OneStepLookahead,rc202C15_NL__v0,rc202,15,Small_Network,False,NO_FEASIBLE_ACTION,960.0,4,0,0.0,0.0,False,-960.0,960.0,3,4
train,OneStepLookahead,rc202C15_VG__v0,rc202,15,Small_Network,False,NO_FEASIBLE_ACTION,960.0,6,0,0.0,0.0,False,-960.0,960.0,4,6
train,OneStepLookahead,rc204C15_L__v0,rc204,15,Small_Network,False,NO_FEASIBLE_ACTION,960.0,7,0,0.0,0.0,False,-960.0,960.0,7,7
train,OneStepLookahead,rc204C15_NL__v0,rc204,15,Small_Network,False,NO_FEASIBLE_ACTION,960.0,6,0,0.0,0.0,False,-960.0,960.0,6,6
train,OneStepLookahead,rc204C15_VG__v0,rc204,15,Small_Network,False,NO_FEASIBLE_ACTION,960.0,52,17,23.971581381824166,9.348916738911385,True,-960.0,960.0,3,52
train,OneStepLookahead,c103C5_L__v0,c103,5,Small_Network,False,NO_FEASIBLE_ACTION,1236.0,1,0,0.0,0.0,False,-1236.0,1236.0,4,1
train,OneStepLookahead,c103C5_NL__v0,c103,5,Small_Network,False,NO_FEASIBLE_ACTION,1236.0,2,0,0.0,0.0,False,-1236.0,1236.0,4,2
train,OneStepLookahead,c103C5_VG__v0,c103,5,Small_Network,False,NO_FEASIBLE_ACTION,1236.0,2,0,0.0,0.0,False,-1236.0,1236.0,4,2
train,OneStepLookahead,c206C5_L__v0,c206,5,Small_Network,False,NO_FEASIBLE_ACTION,3390.0,1,0,0.0,0.0,False,-3390.0,3390.0,2,1
train,OneStepLookahead,c206C5_NL__v0,c206,5,Small_Network,False,NO_FEASIBLE_ACTION,3390.0,4,0,0.0,0.0,False,-3390.0,3390.0,4,4
train,OneStepLookahead,c206C5_VG__v0,c206,5,Small_Network,False,NO_FEASIBLE_ACTION,3390.0,50,17,235.26636596202502,816.374289888226,True,-3390.0,3390.0,1,50
train,OneStepLookahead,c208C5_L__v0,c208,5,Small_Network,False,NO_FEASIBLE_ACTION,3390.0,4,0,0.0,0.0,False,-3390.0,3390.0,5,4
train,OneStepLookahead,c208C5_NL__v0,c208,5,Small_Network,False,NO_FEASIBLE_ACTION,3390.0,2,0,0.0,0.0,False,-3390.0,3390.0,2,2
train,OneStepLookahead,c208C5_VG__v0,c208,5,Small_Network,False,NO_FEASIBLE_ACTION,3390.0,3,0,0.0,0.0,False,-3390.0,3390.0,5,3
train,OneStepLookahead,r104C5_L__v0,r104,5,Small_Network,False,NO_FEASIBLE_ACTION,230.0,50,1,33.70417596432748,16.515046222520468,True,-230.0,230.0,0,50
train,OneStepLookahead,r104C5_NL__v0,r104,5,Small_Network,False,NO_FEASIBLE_ACTION,230.0,52,24,485.232992957136,237.76416654899646,True,-230.0,230.0,2,52
train,OneStepLookahead,r104C5_VG__v0,r104,5,Small_Network,False,NO_FEASIBLE_ACTION,230.0,0,0,0.0,0.0,False,-230.0,230.0,2,0
train,OneStepLookahead,r105C5_L__v0,r105,2,Small_Network,False,NO_FEASIBLE_ACTION,230.0,51,0,0.0,0.0,True,-230.0,230.0,1,51
train,OneStepLookahead,r105C5_L__v1,r105,3,Small_Network,False,NO_FEASIBLE_ACTION,230.0,1,0,0.0,0.0,False,-230.0,230.0,2,1
train,OneStepLookahead,r105C5_NL__v0,r105,2,Small_Network,False,NO_FEASIBLE_ACTION,230.0,51,25,578.7353636739538,283.5803282002371,True,-230.0,230.0,1,51
train,OneStepLookahead,r105C5_NL__v1,r105,3,Small_Network,False,NO_FEASIBLE_ACTION,230.0,50,17,266.20754797246127,130.44169850650678,True,-230.0,230.0,1,50
train,OneStepLookahead,r105C5_VG__v0,r105,2,Small_Network,False,NO_FEASIBLE_ACTION,230.0,50,17,590.0323167051927,289.11583518554454,True,-230.0,230.0,1,50
train,OneStepLookahead,r105C5_VG__v1,r105,3,Small_Network,False,ZERO_CHARGE_NOOP,230.0,3,1,6.9847137674014235,3.422509746026691,False,-230.0,230.0,1,3
train,OneStepLookahead,r202C5_L__v0,r202,5,Small_Network,False,NO_FEASIBLE_ACTION,1000.0,2,0,0.0,0.0,False,-1000.0,1000.0,2,2
train,OneStepLookahead,r202C5_NL__v0,r202,5,Small_Network,False,NO_FEASIBLE_ACTION,1000.0,0,0,0.0,0.0,False,-1000.0,1000.0,2,0
train,OneStepLookahead,r202C5_VG__v0,r202,5,Small_Network,False,NO_FEASIBLE_ACTION,1000.0,0,0,0.0,0.0,False,-1000.0,1000.0,2,0
train,OneStepLookahead,r203C5_L__v0,r203,5,Small_Network,False,NO_FEASIBLE_ACTION,1000.0,7,1,31.15667427951807,15.266770396963807,False,-1000.0,1000.0,4,7
train,OneStepLookahead,r203C5_NL__v0,r203,5,Small_Network,True,,757.0134129379459,9,1,23.370001069256716,11.451300523935743,False,-757.0134129379459,1000.0,6,9
train,OneStepLookahead,r203C5_VG__v0,r203,5,Small_Network,False,NO_FEASIBLE_ACTION,1000.0,2,0,0.0,0.0,False,-1000.0,1000.0,2,2
train,OneStepLookahead,rc105C5_L__v0,rc105,3,Small_Network,False,NO_FEASIBLE_ACTION,240.0,51,0,0.0,0.0,True,-240.0,240.0,1,51
train,OneStepLookahead,rc105C5_L__v1,rc105,2,Small_Network,False,NO_FEASIBLE_ACTION,240.0,51,17,412.5304301915929,160.88686777472088,True,-240.0,240.0,1,51
train,OneStepLookahead,rc105C5_NL__v0,rc105,3,Small_Network,False,NO_FEASIBLE_ACTION,240.0,51,16,427.50446491041913,166.72674131506386,True,-240.0,240.0,1,51
train,OneStepLookahead,rc105C5_NL__v1,rc105,2,Small_Network,True,,178.39971162898547,3,0,0.0,0.0,False,-178.39971162898547,240.0,3,3
train,OneStepLookahead,rc105C5_VG__v0,rc105,3,Small_Network,False,NO_FEASIBLE_ACTION,240.0,51,25,540.214381084267,210.68360862286386,True,-240.0,240.0,1,51
train,OneStepLookahead,rc105C5_VG__v1,rc105,2,Small_Network,False,NO_FEASIBLE_ACTION,240.0,51,16,650.4155582781555,253.66206772848088,True,-240.0,240.0,1,51
train,OneStepLookahead,rc204C5_L__v0,rc204,5,Small_Network,False,NO_FEASIBLE_ACTION,960.0,5,0,0.0,0.0,False,-960.0,960.0,3,5
train,OneStepLookahead,rc204C5_NL__v0,rc204,5,Small_Network,False,NO_FEASIBLE_ACTION,960.0,6,1,26.49306669126222,10.332296009592255,False,-960.0,960.0,3,6
train,OneStepLookahead,rc204C5_VG__v0,rc204,5,Small_Network,False,NO_FEASIBLE_ACTION,960.0,55,15,557.1343714050179,217.28240484795674,True,-960.0,960.0,3,55
validation,GreedyMinimumSufficientCharge,r102_50_21_NL__v0,r102,9,Large_Network,False,NO_FEASIBLE_ACTION,230.0,50,0,0.0,0.0,True,-230.0,230.0,4,50
validation,GreedyMinimumSufficientCharge,r102_50_21_NL__v1,r102,4,Large_Network,True,,205.48168857965683,1,0,0.0,0.0,False,-205.48168857965683,230.0,5,1
validation,GreedyMinimumSufficientCharge,r102_50_21_NL__v2,r102,4,Large_Network,True,,152.39699480017086,0,0,0.0,0.0,False,-152.39699480017086,230.0,5,0
validation,GreedyMinimumSufficientCharge,r102_50_21_NL__v3,r102,5,Large_Network,False,NO_FEASIBLE_ACTION,230.0,50,0,0.0,0.0,True,-230.0,230.0,2,50
validation,GreedyMinimumSufficientCharge,r102_50_21_NL__v4,r102,3,Large_Network,True,,144.97056274847714,0,0,0.0,0.0,False,-144.97056274847714,230.0,4,0
validation,GreedyMinimumSufficientCharge,r102_50_21_NL__v5,r102,8,Large_Network,False,NO_FEASIBLE_ACTION,230.0,50,0,0.0,0.0,True,-230.0,230.0,1,50
validation,GreedyMinimumSufficientCharge,r102_50_21_NL__v6,r102,6,Large_Network,True,,207.14247115573266,1,0,0.0,0.0,False,-207.14247115573266,230.0,7,1
validation,GreedyMinimumSufficientCharge,r102_50_21_NL__v7,r102,3,Large_Network,False,NO_FEASIBLE_ACTION,230.0,50,0,0.0,0.0,True,-230.0,230.0,2,50
validation,GreedyMinimumSufficientCharge,r102_50_21_NL__v8,r102,4,Large_Network,True,,228.88837040858965,1,0,0.0,0.0,False,-228.88837040858965,230.0,5,1
validation,GreedyMinimumSufficientCharge,r102_50_21_NL__v9,r102,4,Large_Network,False,NO_FEASIBLE_ACTION,230.0,50,0,0.0,0.0,True,-230.0,230.0,4,50
validation,GreedyMinimumSufficientCharge,c108C25_NL__v0,c108,6,Medium_Network,False,NO_FEASIBLE_ACTION,1236.0,2,0,0.0,0.0,False,-1236.0,1236.0,4,2
validation,GreedyMinimumSufficientCharge,c108C25_NL__v1,c108,9,Medium_Network,False,NO_FEASIBLE_ACTION,1236.0,51,0,0.0,0.0,True,-1236.0,1236.0,7,51
validation,GreedyMinimumSufficientCharge,c108C25_NL__v2,c108,10,Medium_Network,False,NO_FEASIBLE_ACTION,1236.0,51,0,0.0,0.0,True,-1236.0,1236.0,5,51
validation,GreedyMinimumSufficientCharge,r102C25_NL__v0,r102,5,Medium_Network,False,NO_FEASIBLE_ACTION,230.0,1,0,0.0,0.0,False,-230.0,230.0,4,1
validation,GreedyMinimumSufficientCharge,r102C25_NL__v1,r102,3,Medium_Network,True,,185.4177168690662,2,0,0.0,0.0,False,-185.4177168690662,230.0,4,2
validation,GreedyMinimumSufficientCharge,r102C25_NL__v2,r102,3,Medium_Network,True,,164.8660687473185,0,0,0.0,0.0,False,-164.8660687473185,230.0,4,0
validation,GreedyMinimumSufficientCharge,r102C25_NL__v3,r102,4,Medium_Network,False,ZERO_CHARGE_NOOP,230.0,0,0,0.0,0.0,False,-230.0,230.0,0,0
validation,GreedyMinimumSufficientCharge,r102C25_NL__v4,r102,3,Medium_Network,True,,196.6874030101159,1,0,0.0,0.0,False,-196.6874030101159,230.0,4,1
validation,GreedyMinimumSufficientCharge,r102C25_NL__v5,r102,3,Medium_Network,False,NO_FEASIBLE_ACTION,230.0,50,0,0.0,0.0,True,-230.0,230.0,3,50
validation,GreedyMinimumSufficientCharge,r102C25_NL__v6,r102,4,Medium_Network,True,,208.10724153614984,1,0,0.0,0.0,False,-208.10724153614984,230.0,5,1
validation,GreedyMinimumSufficientCharge,c202C10_L__v0,c202,10,Small_Network,False,NO_FEASIBLE_ACTION,3390.0,1,0,0.0,0.0,False,-3390.0,3390.0,4,1
validation,GreedyMinimumSufficientCharge,c202C10_NL__v0,c202,10,Small_Network,False,NO_FEASIBLE_ACTION,3390.0,2,0,0.0,0.0,False,-3390.0,3390.0,4,2
validation,GreedyMinimumSufficientCharge,c202C10_VG__v0,c202,10,Small_Network,False,NO_FEASIBLE_ACTION,3390.0,2,0,0.0,0.0,False,-3390.0,3390.0,4,2
validation,GreedyMinimumSufficientCharge,r102C10_L__v0,r102,5,Small_Network,False,NO_FEASIBLE_ACTION,230.0,0,0,0.0,0.0,False,-230.0,230.0,3,0
validation,GreedyMinimumSufficientCharge,r102C10_L__v1,r102,2,Small_Network,True,,184.57176012263747,0,0,0.0,0.0,False,-184.57176012263747,230.0,3,0
validation,GreedyMinimumSufficientCharge,r102C10_L__v2,r102,3,Small_Network,False,NO_FEASIBLE_ACTION,230.0,1,0,0.0,0.0,False,-230.0,230.0,3,1
validation,GreedyMinimumSufficientCharge,r102C10_NL__v0,r102,5,Small_Network,False,NO_FEASIBLE_ACTION,230.0,1,0,0.0,0.0,False,-230.0,230.0,2,1
validation,GreedyMinimumSufficientCharge,r102C10_NL__v1,r102,2,Small_Network,True,,184.57176012263747,0,0,0.0,0.0,False,-184.57176012263747,230.0,3,0
validation,GreedyMinimumSufficientCharge,r102C10_NL__v2,r102,3,Small_Network,False,NO_FEASIBLE_ACTION,230.0,0,0,0.0,0.0,False,-230.0,230.0,3,0
validation,GreedyMinimumSufficientCharge,r102C10_VG__v0,r102,5,Small_Network,False,MASK_VIOLATION,230.0,2,0,0.0,0.0,False,-230.0,230.0,2,2
validation,GreedyMinimumSufficientCharge,r102C10_VG__v1,r102,2,Small_Network,True,,184.57176012263747,0,0,0.0,0.0,False,-184.57176012263747,230.0,3,0
validation,GreedyMinimumSufficientCharge,r102C10_VG__v2,r102,3,Small_Network,False,NO_FEASIBLE_ACTION,230.0,0,0,0.0,0.0,False,-230.0,230.0,3,0
validation,GreedyMinimumSufficientCharge,rc108C10_L__v0,rc108,6,Small_Network,False,NO_FEASIBLE_ACTION,240.0,1,0,0.0,0.0,False,-240.0,240.0,4,1
validation,GreedyMinimumSufficientCharge,rc108C10_L__v1,rc108,4,Small_Network,False,NO_FEASIBLE_ACTION,240.0,0,0,0.0,0.0,False,-240.0,240.0,3,0
validation,GreedyMinimumSufficientCharge,rc108C10_NL__v0,rc108,6,Small_Network,False,NO_FEASIBLE_ACTION,240.0,51,0,0.0,0.0,True,-240.0,240.0,4,51
validation,GreedyMinimumSufficientCharge,rc108C10_NL__v1,rc108,4,Small_Network,False,NO_FEASIBLE_ACTION,240.0,1,0,0.0,0.0,False,-240.0,240.0,4,1
validation,GreedyMinimumSufficientCharge,rc108C10_VG__v0,rc108,6,Small_Network,False,NO_FEASIBLE_ACTION,240.0,51,0,0.0,0.0,True,-240.0,240.0,4,51
validation,GreedyMinimumSufficientCharge,rc108C10_VG__v1,rc108,4,Small_Network,False,NO_FEASIBLE_ACTION,240.0,1,0,0.0,0.0,False,-240.0,240.0,4,1
validation,GreedyMinimumSufficientCharge,rc205C10_L__v0,rc205,10,Small_Network,False,NO_FEASIBLE_ACTION,960.0,0,0,0.0,0.0,False,-960.0,960.0,2,0
validation,GreedyMinimumSufficientCharge,rc205C10_NL__v0,rc205,10,Small_Network,False,NO_FEASIBLE_ACTION,960.0,1,0,0.0,0.0,False,-960.0,960.0,2,1
validation,GreedyMinimumSufficientCharge,rc205C10_VG__v0,rc205,10,Small_Network,False,NO_FEASIBLE_ACTION,960.0,1,0,0.0,0.0,False,-960.0,960.0,2,1
validation,GreedyMinimumSufficientCharge,c202C15_L__v0,c202,15,Small_Network,False,NO_FEASIBLE_ACTION,3390.0,0,0,0.0,0.0,False,-3390.0,3390.0,3,0
validation,GreedyMinimumSufficientCharge,c202C15_NL__v0,c202,15,Small_Network,False,MASK_VIOLATION,3390.0,3,0,0.0,0.0,False,-3390.0,3390.0,2,3
validation,GreedyMinimumSufficientCharge,c202C15_VG__v0,c202,15,Small_Network,False,NO_FEASIBLE_ACTION,3390.0,50,0,0.0,0.0,True,-3390.0,3390.0,1,50
validation,GreedyMinimumSufficientCharge,r102C15_L__v0,r102,2,Small_Network,True,,164.8660687473185,0,0,0.0,0.0,False,-164.8660687473185,230.0,3,0
validation,GreedyMinimumSufficientCharge,r102C15_L__v1,r102,4,Small_Network,False,NO_FEASIBLE_ACTION,230.0,1,0,0.0,0.0,False,-230.0,230.0,3,1
validation,GreedyMinimumSufficientCharge,r102C15_L__v2,r102,3,Small_Network,False,NO_FEASIBLE_ACTION,230.0,0,0,0.0,0.0,False,-230.0,230.0,3,0
validation,GreedyMinimumSufficientCharge,r102C15_L__v3,r102,3,Small_Network,False,NO_FEASIBLE_ACTION,230.0,0,0,0.0,0.0,False,-230.0,230.0,3,0
validation,GreedyMinimumSufficientCharge,r102C15_L__v4,r102,3,Small_Network,True,,169.12857180715397,1,0,0.0,0.0,False,-169.12857180715397,230.0,4,1
validation,GreedyMinimumSufficientCharge,r102C15_NL__v0,r102,2,Small_Network,True,,164.8660687473185,0,0,0.0,0.0,False,-164.8660687473185,230.0,3,0
validation,GreedyMinimumSufficientCharge,r102C15_NL__v1,r102,4,Small_Network,False,NO_FEASIBLE_ACTION,230.0,1,0,0.0,0.0,False,-230.0,230.0,3,1
validation,GreedyMinimumSufficientCharge,r102C15_NL__v2,r102,3,Small_Network,False,NO_FEASIBLE_ACTION,230.0,51,0,0.0,0.0,True,-230.0,230.0,2,51
validation,GreedyMinimumSufficientCharge,r102C15_NL__v3,r102,3,Small_Network,False,NO_FEASIBLE_ACTION,230.0,50,0,0.0,0.0,True,-230.0,230.0,2,50
validation,GreedyMinimumSufficientCharge,r102C15_NL__v4,r102,3,Small_Network,False,MASK_VIOLATION,230.0,2,0,0.0,0.0,False,-230.0,230.0,2,2
validation,GreedyMinimumSufficientCharge,r102C15_VG__v0,r102,2,Small_Network,True,,164.8660687473185,0,0,0.0,0.0,False,-164.8660687473185,230.0,3,0
validation,GreedyMinimumSufficientCharge,r102C15_VG__v1,r102,4,Small_Network,False,NO_FEASIBLE_ACTION,230.0,51,0,0.0,0.0,True,-230.0,230.0,3,51
validation,GreedyMinimumSufficientCharge,r102C15_VG__v2,r102,3,Small_Network,True,,132.31370849898477,1,0,0.0,0.0,False,-132.31370849898477,230.0,4,1
validation,GreedyMinimumSufficientCharge,r102C15_VG__v3,r102,3,Small_Network,False,ZERO_CHARGE_NOOP,230.0,1,0,0.0,0.0,False,-230.0,230.0,2,1
validation,GreedyMinimumSufficientCharge,r102C15_VG__v4,r102,3,Small_Network,False,ZERO_CHARGE_NOOP,230.0,0,0,0.0,0.0,False,-230.0,230.0,0,0
validation,GreedyMinimumSufficientCharge,r209C15_L__v0,r209,15,Small_Network,False,NO_FEASIBLE_ACTION,1000.0,1,0,0.0,0.0,False,-1000.0,1000.0,4,1
validation,GreedyMinimumSufficientCharge,r209C15_NL__v0,r209,15,Small_Network,False,NO_FEASIBLE_ACTION,1000.0,2,0,0.0,0.0,False,-1000.0,1000.0,4,2
validation,GreedyMinimumSufficientCharge,r209C15_VG__v0,r209,15,Small_Network,False,NO_FEASIBLE_ACTION,1000.0,55,0,0.0,0.0,True,-1000.0,1000.0,5,55
validation,GreedyMinimumSufficientCharge,rc108C15_L__v0,rc108,6,Small_Network,False,NO_FEASIBLE_ACTION,240.0,1,0,0.0,0.0,False,-240.0,240.0,5,1
validation,GreedyMinimumSufficientCharge,rc108C15_L__v1,rc108,6,Small_Network,False,NO_FEASIBLE_ACTION,240.0,1,0,0.0,0.0,False,-240.0,240.0,4,1
validation,GreedyMinimumSufficientCharge,rc108C15_L__v2,rc108,3,Small_Network,True,,139.04726749113505,1,0,0.0,0.0,False,-139.04726749113505,240.0,4,1
validation,GreedyMinimumSufficientCharge,rc108C15_NL__v0,rc108,6,Small_Network,False,NO_FEASIBLE_ACTION,240.0,0,0,0.0,0.0,False,-240.0,240.0,3,0
validation,GreedyMinimumSufficientCharge,rc108C15_NL__v1,rc108,6,Small_Network,False,NO_FEASIBLE_ACTION,240.0,0,0,0.0,0.0,False,-240.0,240.0,4,0
validation,GreedyMinimumSufficientCharge,rc108C15_NL__v2,rc108,3,Small_Network,True,,163.82102105636775,1,0,0.0,0.0,False,-163.82102105636775,240.0,4,1
validation,GreedyMinimumSufficientCharge,rc108C15_VG__v0,rc108,6,Small_Network,False,NO_FEASIBLE_ACTION,240.0,0,0,0.0,0.0,False,-240.0,240.0,3,0
validation,GreedyMinimumSufficientCharge,rc108C15_VG__v1,rc108,6,Small_Network,False,NO_FEASIBLE_ACTION,240.0,0,0,0.0,0.0,False,-240.0,240.0,5,0
validation,GreedyMinimumSufficientCharge,rc108C15_VG__v2,rc108,3,Small_Network,False,NO_FEASIBLE_ACTION,240.0,50,0,0.0,0.0,True,-240.0,240.0,2,50
validation,GreedyMinimumSufficientCharge,rc108C5_L__v0,rc108,3,Small_Network,False,NO_FEASIBLE_ACTION,240.0,1,0,0.0,0.0,False,-240.0,240.0,2,1
validation,GreedyMinimumSufficientCharge,rc108C5_L__v1,rc108,2,Small_Network,False,NO_FEASIBLE_ACTION,240.0,0,0,0.0,0.0,False,-240.0,240.0,2,0
validation,GreedyMinimumSufficientCharge,rc108C5_NL__v0,rc108,3,Small_Network,False,NO_FEASIBLE_ACTION,240.0,1,0,0.0,0.0,False,-240.0,240.0,2,1
validation,GreedyMinimumSufficientCharge,rc108C5_NL__v1,rc108,2,Small_Network,True,,215.8271629329441,1,0,0.0,0.0,False,-215.8271629329441,240.0,3,1
validation,GreedyMinimumSufficientCharge,rc108C5_VG__v0,rc108,3,Small_Network,False,NO_FEASIBLE_ACTION,240.0,0,0,0.0,0.0,False,-240.0,240.0,1,0
validation,GreedyMinimumSufficientCharge,rc108C5_VG__v1,rc108,2,Small_Network,False,NO_FEASIBLE_ACTION,240.0,0,0,0.0,0.0,False,-240.0,240.0,2,0
validation,GreedyFullCharge,r102_50_21_NL__v0,r102,9,Large_Network,False,ZERO_CHARGE_NOOP,230.0,2,0,0.0,0.0,False,-230.0,230.0,4,2
validation,GreedyFullCharge,r102_50_21_NL__v1,r102,4,Large_Network,True,,216.7736220476186,1,0,0.0,0.0,False,-216.7736220476186,230.0,5,1
validation,GreedyFullCharge,r102_50_21_NL__v2,r102,4,Large_Network,True,,152.39699480017086,0,0,0.0,0.0,False,-152.39699480017086,230.0,5,0
validation,GreedyFullCharge,r102_50_21_NL__v3,r102,5,Large_Network,False,NO_FEASIBLE_ACTION,230.0,50,0,0.0,0.0,True,-230.0,230.0,2,50
validation,GreedyFullCharge,r102_50_21_NL__v4,r102,3,Large_Network,True,,144.97056274847714,0,0,0.0,0.0,False,-144.97056274847714,230.0,4,0
validation,GreedyFullCharge,r102_50_21_NL__v5,r102,8,Large_Network,False,ZERO_CHARGE_NOOP,230.0,3,0,0.0,0.0,False,-230.0,230.0,1,3
validation,GreedyFullCharge,r102_50_21_NL__v6,r102,6,Large_Network,True,,218.6834392971358,1,0,0.0,0.0,False,-218.6834392971358,230.0,7,1
validation,GreedyFullCharge,r102_50_21_NL__v7,r102,3,Large_Network,False,NO_FEASIBLE_ACTION,230.0,50,0,0.0,0.0,True,-230.0,230.0,2,50
validation,GreedyFullCharge,r102_50_21_NL__v8,r102,4,Large_Network,False,NO_FEASIBLE_ACTION,230.0,50,0,0.0,0.0,True,-230.0,230.0,4,50
validation,GreedyFullCharge,r102_50_21_NL__v9,r102,4,Large_Network,False,NO_FEASIBLE_ACTION,230.0,50,0,0.0,0.0,True,-230.0,230.0,4,50
validation,GreedyFullCharge,c108C25_NL__v0,c108,6,Medium_Network,False,NO_FEASIBLE_ACTION,1236.0,50,0,0.0,0.0,True,-1236.0,1236.0,2,50
validation,GreedyFullCharge,c108C25_NL__v1,c108,9,Medium_Network,False,NO_FEASIBLE_ACTION,1236.0,51,0,0.0,0.0,True,-1236.0,1236.0,7,51
validation,GreedyFullCharge,c108C25_NL__v2,c108,10,Medium_Network,False,NO_FEASIBLE_ACTION,1236.0,50,0,0.0,0.0,True,-1236.0,1236.0,4,50
validation,GreedyFullCharge,r102C25_NL__v0,r102,5,Medium_Network,False,ZERO_CHARGE_NOOP,230.0,2,0,0.0,0.0,False,-230.0,230.0,3,2
validation,GreedyFullCharge,r102C25_NL__v1,r102,3,Medium_Network,False,NO_FEASIBLE_ACTION,230.0,50,0,0.0,0.0,True,-230.0,230.0,1,50
validation,GreedyFullCharge,r102C25_NL__v2,r102,3,Medium_Network,True,,164.8660687473185,0,0,0.0,0.0,False,-164.8660687473185,230.0,4,0
validation,GreedyFullCharge,r102C25_NL__v3,r102,4,Medium_Network,False,ZERO_CHARGE_NOOP,230.0,0,0,0.0,0.0,False,-230.0,230.0,0,0
validation,GreedyFullCharge,r102C25_NL__v4,r102,3,Medium_Network,True,,208.83316964416238,1,0,0.0,0.0,False,-208.83316964416238,230.0,4,1
validation,GreedyFullCharge,r102C25_NL__v5,r102,3,Medium_Network,False,NO_FEASIBLE_ACTION,230.0,50,0,0.0,0.0,True,-230.0,230.0,3,50
validation,GreedyFullCharge,r102C25_NL__v6,r102,4,Medium_Network,True,,221.106841336281,1,0,0.0,0.0,False,-221.106841336281,230.0,5,1
validation,GreedyFullCharge,c202C10_L__v0,c202,10,Small_Network,False,NO_FEASIBLE_ACTION,3390.0,2,0,0.0,0.0,False,-3390.0,3390.0,6,2
validation,GreedyFullCharge,c202C10_NL__v0,c202,10,Small_Network,False,NO_FEASIBLE_ACTION,3390.0,54,0,0.0,0.0,True,-3390.0,3390.0,8,54
validation,GreedyFullCharge,c202C10_VG__v0,c202,10,Small_Network,False,NO_FEASIBLE_ACTION,3390.0,50,0,0.0,0.0,True,-3390.0,3390.0,3,50
validation,GreedyFullCharge,r102C10_L__v0,r102,5,Small_Network,False,NO_FEASIBLE_ACTION,230.0,0,0,0.0,0.0,False,-230.0,230.0,3,0
validation,GreedyFullCharge,r102C10_L__v1,r102,2,Small_Network,True,,184.57176012263747,0,0,0.0,0.0,False,-184.57176012263747,230.0,3,0
validation,GreedyFullCharge,r102C10_L__v2,r102,3,Small_Network,True,,195.23538406167134,1,0,0.0,0.0,False,-195.23538406167134,230.0,4,1
validation,GreedyFullCharge,r102C10_NL__v0,r102,5,Small_Network,False,NO_FEASIBLE_ACTION,230.0,1,0,0.0,0.0,False,-230.0,230.0,4,1
validation,GreedyFullCharge,r102C10_NL__v1,r102,2,Small_Network,True,,184.57176012263747,0,0,0.0,0.0,False,-184.57176012263747,230.0,3,0
validation,GreedyFullCharge,r102C10_NL__v2,r102,3,Small_Network,False,NO_FEASIBLE_ACTION,230.0,0,0,0.0,0.0,False,-230.0,230.0,3,0
validation,GreedyFullCharge,r102C10_VG__v0,r102,5,Small_Network,False,ZERO_CHARGE_NOOP,230.0,2,0,0.0,0.0,False,-230.0,230.0,2,2
validation,GreedyFullCharge,r102C10_VG__v1,r102,2,Small_Network,True,,184.57176012263747,0,0,0.0,0.0,False,-184.57176012263747,230.0,3,0
validation,GreedyFullCharge,r102C10_VG__v2,r102,3,Small_Network,False,NO_FEASIBLE_ACTION,230.0,0,0,0.0,0.0,False,-230.0,230.0,3,0
validation,GreedyFullCharge,rc108C10_L__v0,rc108,6,Small_Network,False,NO_FEASIBLE_ACTION,240.0,51,0,0.0,0.0,True,-240.0,240.0,5,51
validation,GreedyFullCharge,rc108C10_L__v1,rc108,4,Small_Network,False,NO_FEASIBLE_ACTION,240.0,0,0,0.0,0.0,False,-240.0,240.0,3,0
validation,GreedyFullCharge,rc108C10_NL__v0,rc108,6,Small_Network,False,NO_FEASIBLE_ACTION,240.0,51,0,0.0,0.0,True,-240.0,240.0,4,51
validation,GreedyFullCharge,rc108C10_NL__v1,rc108,4,Small_Network,False,NO_FEASIBLE_ACTION,240.0,51,0,0.0,0.0,True,-240.0,240.0,4,51
validation,GreedyFullCharge,rc108C10_VG__v0,rc108,6,Small_Network,False,NO_FEASIBLE_ACTION,240.0,51,0,0.0,0.0,True,-240.0,240.0,4,51
validation,GreedyFullCharge,rc108C10_VG__v1,rc108,4,Small_Network,False,NO_FEASIBLE_ACTION,240.0,51,0,0.0,0.0,True,-240.0,240.0,4,51
validation,GreedyFullCharge,rc205C10_L__v0,rc205,10,Small_Network,False,NO_FEASIBLE_ACTION,960.0,0,0,0.0,0.0,False,-960.0,960.0,2,0
validation,GreedyFullCharge,rc205C10_NL__v0,rc205,10,Small_Network,False,NO_FEASIBLE_ACTION,960.0,1,0,0.0,0.0,False,-960.0,960.0,2,1
validation,GreedyFullCharge,rc205C10_VG__v0,rc205,10,Small_Network,False,NO_FEASIBLE_ACTION,960.0,1,0,0.0,0.0,False,-960.0,960.0,2,1
validation,GreedyFullCharge,c202C15_L__v0,c202,15,Small_Network,False,NO_FEASIBLE_ACTION,3390.0,0,0,0.0,0.0,False,-3390.0,3390.0,3,0
validation,GreedyFullCharge,c202C15_NL__v0,c202,15,Small_Network,False,NO_FEASIBLE_ACTION,3390.0,50,0,0.0,0.0,True,-3390.0,3390.0,1,50
validation,GreedyFullCharge,c202C15_VG__v0,c202,15,Small_Network,False,NO_FEASIBLE_ACTION,3390.0,50,0,0.0,0.0,True,-3390.0,3390.0,1,50
validation,GreedyFullCharge,r102C15_L__v0,r102,2,Small_Network,True,,164.8660687473185,0,0,0.0,0.0,False,-164.8660687473185,230.0,3,0
validation,GreedyFullCharge,r102C15_L__v1,r102,4,Small_Network,False,NO_FEASIBLE_ACTION,230.0,51,0,0.0,0.0,True,-230.0,230.0,3,51
validation,GreedyFullCharge,r102C15_L__v2,r102,3,Small_Network,False,NO_FEASIBLE_ACTION,230.0,0,0,0.0,0.0,False,-230.0,230.0,3,0
validation,GreedyFullCharge,r102C15_L__v3,r102,3,Small_Network,False,NO_FEASIBLE_ACTION,230.0,0,0,0.0,0.0,False,-230.0,230.0,3,0
validation,GreedyFullCharge,r102C15_L__v4,r102,3,Small_Network,True,,184.0980773245741,1,0,0.0,0.0,False,-184.0980773245741,230.0,4,1
validation,GreedyFullCharge,r102C15_NL__v0,r102,2,Small_Network,True,,164.8660687473185,0,0,0.0,0.0,False,-164.8660687473185,230.0,3,0
validation,GreedyFullCharge,r102C15_NL__v1,r102,4,Small_Network,False,NO_FEASIBLE_ACTION,230.0,51,0,0.0,0.0,True,-230.0,230.0,3,51
validation,GreedyFullCharge,r102C15_NL__v2,r102,3,Small_Network,False,NO_FEASIBLE_ACTION,230.0,50,0,0.0,0.0,True,-230.0,230.0,1,50
validation,GreedyFullCharge,r102C15_NL__v3,r102,3,Small_Network,False,NO_FEASIBLE_ACTION,230.0,50,0,0.0,0.0,True,-230.0,230.0,2,50
validation,GreedyFullCharge,r102C15_NL__v4,r102,3,Small_Network,False,NO_FEASIBLE_ACTION,230.0,50,0,0.0,0.0,True,-230.0,230.0,2,50
validation,GreedyFullCharge,r102C15_VG__v0,r102,2,Small_Network,True,,164.8660687473185,0,0,0.0,0.0,False,-164.8660687473185,230.0,3,0
validation,GreedyFullCharge,r102C15_VG__v1,r102,4,Small_Network,False,ZERO_CHARGE_NOOP,230.0,3,0,0.0,0.0,False,-230.0,230.0,3,3
validation,GreedyFullCharge,r102C15_VG__v2,r102,3,Small_Network,False,NO_FEASIBLE_ACTION,230.0,50,0,0.0,0.0,True,-230.0,230.0,1,50
validation,GreedyFullCharge,r102C15_VG__v3,r102,3,Small_Network,False,ZERO_CHARGE_NOOP,230.0,1,0,0.0,0.0,False,-230.0,230.0,2,1
validation,GreedyFullCharge,r102C15_VG__v4,r102,3,Small_Network,False,ZERO_CHARGE_NOOP,230.0,0,0,0.0,0.0,False,-230.0,230.0,0,0
validation,GreedyFullCharge,r209C15_L__v0,r209,15,Small_Network,False,NO_FEASIBLE_ACTION,1000.0,1,0,0.0,0.0,False,-1000.0,1000.0,7,1
validation,GreedyFullCharge,r209C15_NL__v0,r209,15,Small_Network,False,NO_FEASIBLE_ACTION,1000.0,7,0,0.0,0.0,False,-1000.0,1000.0,8,7
validation,GreedyFullCharge,r209C15_VG__v0,r209,15,Small_Network,False,NO_FEASIBLE_ACTION,1000.0,57,0,0.0,0.0,True,-1000.0,1000.0,8,57
validation,GreedyFullCharge,rc108C15_L__v0,rc108,6,Small_Network,False,NO_FEASIBLE_ACTION,240.0,50,0,0.0,0.0,True,-240.0,240.0,4,50
validation,GreedyFullCharge,rc108C15_L__v1,rc108,6,Small_Network,False,NO_FEASIBLE_ACTION,240.0,1,0,0.0,0.0,False,-240.0,240.0,6,1
validation,GreedyFullCharge,rc108C15_L__v2,rc108,3,Small_Network,True,,159.24132461091756,1,0,0.0,0.0,False,-159.24132461091756,240.0,4,1
validation,GreedyFullCharge,rc108C15_NL__v0,rc108,6,Small_Network,False,NO_FEASIBLE_ACTION,240.0,0,0,0.0,0.0,False,-240.0,240.0,3,0
validation,GreedyFullCharge,rc108C15_NL__v1,rc108,6,Small_Network,False,NO_FEASIBLE_ACTION,240.0,0,0,0.0,0.0,False,-240.0,240.0,4,0
validation,GreedyFullCharge,rc108C15_NL__v2,rc108,3,Small_Network,True,,170.31589973182142,1,0,0.0,0.0,False,-170.31589973182142,240.0,4,1
validation,GreedyFullCharge,rc108C15_VG__v0,rc108,6,Small_Network,False,NO_FEASIBLE_ACTION,240.0,0,0,0.0,0.0,False,-240.0,240.0,3,0
validation,GreedyFullCharge,rc108C15_VG__v1,rc108,6,Small_Network,False,NO_FEASIBLE_ACTION,240.0,0,0,0.0,0.0,False,-240.0,240.0,5,0
validation,GreedyFullCharge,rc108C15_VG__v2,rc108,3,Small_Network,False,ZERO_CHARGE_NOOP,240.0,3,0,0.0,0.0,False,-240.0,240.0,2,3
validation,GreedyFullCharge,rc108C5_L__v0,rc108,3,Small_Network,False,NO_FEASIBLE_ACTION,240.0,51,0,0.0,0.0,True,-240.0,240.0,3,51
validation,GreedyFullCharge,rc108C5_L__v1,rc108,2,Small_Network,False,NO_FEASIBLE_ACTION,240.0,0,0,0.0,0.0,False,-240.0,240.0,2,0
validation,GreedyFullCharge,rc108C5_NL__v0,rc108,3,Small_Network,False,NO_FEASIBLE_ACTION,240.0,50,0,0.0,0.0,True,-240.0,240.0,1,50
validation,GreedyFullCharge,rc108C5_NL__v1,rc108,2,Small_Network,True,,215.89339837832415,1,0,0.0,0.0,False,-215.89339837832415,240.0,3,1
validation,GreedyFullCharge,rc108C5_VG__v0,rc108,3,Small_Network,False,NO_FEASIBLE_ACTION,240.0,0,0,0.0,0.0,False,-240.0,240.0,1,0
validation,GreedyFullCharge,rc108C5_VG__v1,rc108,2,Small_Network,False,NO_FEASIBLE_ACTION,240.0,0,0,0.0,0.0,False,-240.0,240.0,2,0
validation,OneStepLookahead,r102_50_21_NL__v0,r102,9,Large_Network,False,NO_FEASIBLE_ACTION,230.0,51,0,0.0,0.0,True,-230.0,230.0,1,51
validation,OneStepLookahead,r102_50_21_NL__v1,r102,4,Large_Network,False,NO_FEASIBLE_ACTION,230.0,50,0,0.0,0.0,True,-230.0,230.0,0,50
validation,OneStepLookahead,r102_50_21_NL__v2,r102,4,Large_Network,True,,152.39699480017086,1,0,0.0,0.0,False,-152.39699480017086,230.0,5,1
validation,OneStepLookahead,r102_50_21_NL__v3,r102,5,Large_Network,False,NO_FEASIBLE_ACTION,230.0,51,0,0.0,0.0,True,-230.0,230.0,2,51
validation,OneStepLookahead,r102_50_21_NL__v4,r102,3,Large_Network,False,NO_FEASIBLE_ACTION,230.0,51,0,0.0,0.0,True,-230.0,230.0,1,51
validation,OneStepLookahead,r102_50_21_NL__v5,r102,8,Large_Network,False,NO_FEASIBLE_ACTION,230.0,51,25,147.33176169113213,70.71924561174342,True,-230.0,230.0,1,51
validation,OneStepLookahead,r102_50_21_NL__v6,r102,6,Large_Network,False,NO_FEASIBLE_ACTION,230.0,52,0,0.0,0.0,True,-230.0,230.0,1,52
validation,OneStepLookahead,r102_50_21_NL__v7,r102,3,Large_Network,False,NO_FEASIBLE_ACTION,230.0,50,1,32.56175210820048,15.62964101193623,True,-230.0,230.0,0,50
validation,OneStepLookahead,r102_50_21_NL__v8,r102,4,Large_Network,False,NO_FEASIBLE_ACTION,230.0,51,1,28.733741596476108,13.792195966308526,True,-230.0,230.0,1,51
validation,OneStepLookahead,r102_50_21_NL__v9,r102,4,Large_Network,False,NO_FEASIBLE_ACTION,230.0,52,1,19.243614387540983,9.236934906019684,True,-230.0,230.0,4,52
validation,OneStepLookahead,c108C25_NL__v0,c108,6,Medium_Network,False,NO_FEASIBLE_ACTION,1236.0,51,0,0.0,0.0,True,-1236.0,1236.0,1,51
validation,OneStepLookahead,c108C25_NL__v1,c108,9,Medium_Network,False,NO_FEASIBLE_ACTION,1236.0,51,0,0.0,0.0,True,-1236.0,1236.0,5,51
validation,OneStepLookahead,c108C25_NL__v2,c108,10,Medium_Network,False,NO_FEASIBLE_ACTION,1236.0,54,0,0.0,0.0,True,-1236.0,1236.0,4,54
validation,OneStepLookahead,r102C25_NL__v0,r102,5,Medium_Network,False,NO_FEASIBLE_ACTION,230.0,50,16,286.067396901476,137.3123505127084,True,-230.0,230.0,0,50
validation,OneStepLookahead,r102C25_NL__v1,r102,3,Medium_Network,False,NO_FEASIBLE_ACTION,230.0,51,1,22.734025448030245,10.91233221505452,True,-230.0,230.0,1,51
validation,OneStepLookahead,r102C25_NL__v2,r102,3,Medium_Network,True,,164.8660687473185,1,0,0.0,0.0,False,-164.8660687473185,230.0,4,1
validation,OneStepLookahead,r102C25_NL__v3,r102,4,Medium_Network,False,NO_FEASIBLE_ACTION,230.0,50,0,0.0,0.0,True,-230.0,230.0,0,50
validation,OneStepLookahead,r102C25_NL__v4,r102,3,Medium_Network,False,NO_FEASIBLE_ACTION,230.0,51,0,0.0,0.0,True,-230.0,230.0,1,51
validation,OneStepLookahead,r102C25_NL__v5,r102,3,Medium_Network,False,NO_FEASIBLE_ACTION,230.0,56,1,18.88859540579712,9.06652579478262,True,-230.0,230.0,3,56
validation,OneStepLookahead,r102C25_NL__v6,r102,4,Medium_Network,True,,186.27039706443924,4,0,0.0,0.0,False,-186.27039706443924,230.0,5,4
validation,OneStepLookahead,c202C10_L__v0,c202,10,Small_Network,False,NO_FEASIBLE_ACTION,3390.0,3,0,0.0,0.0,False,-3390.0,3390.0,4,3
validation,OneStepLookahead,c202C10_NL__v0,c202,10,Small_Network,False,NO_FEASIBLE_ACTION,3390.0,52,20,463.812613925214,1609.4297703204934,True,-3390.0,3390.0,3,52
validation,OneStepLookahead,c202C10_VG__v0,c202,10,Small_Network,False,NO_FEASIBLE_ACTION,3390.0,52,17,350.35594715551247,1215.7351366296286,True,-3390.0,3390.0,3,52
validation,OneStepLookahead,r102C10_L__v0,r102,5,Small_Network,False,NO_FEASIBLE_ACTION,230.0,52,0,0.0,0.0,True,-230.0,230.0,2,52
validation,OneStepLookahead,r102C10_L__v1,r102,2,Small_Network,True,,184.57176012263747,0,0,0.0,0.0,False,-184.57176012263747,230.0,3,0
validation,OneStepLookahead,r102C10_L__v2,r102,3,Small_Network,True,,195.23538406167134,2,0,0.0,0.0,False,-195.23538406167134,230.0,4,2
validation,OneStepLookahead,r102C10_NL__v0,r102,5,Small_Network,False,NO_FEASIBLE_ACTION,230.0,1,0,0.0,0.0,False,-230.0,230.0,2,1
validation,OneStepLookahead,r102C10_NL__v1,r102,2,Small_Network,True,,184.57176012263747,0,0,0.0,0.0,False,-184.57176012263747,230.0,3,0
validation,OneStepLookahead,r102C10_NL__v2,r102,3,Small_Network,False,NO_FEASIBLE_ACTION,230.0,50,0,0.0,0.0,True,-230.0,230.0,0,50
validation,OneStepLookahead,r102C10_VG__v0,r102,5,Small_Network,False,ZERO_CHARGE_NOOP,230.0,4,1,46.359020662048806,22.715920124403908,False,-230.0,230.0,2,4
validation,OneStepLookahead,r102C10_VG__v1,r102,2,Small_Network,True,,184.57176012263747,0,0,0.0,0.0,False,-184.57176012263747,230.0,3,0
validation,OneStepLookahead,r102C10_VG__v2,r102,3,Small_Network,False,NO_FEASIBLE_ACTION,230.0,50,0,0.0,0.0,True,-230.0,230.0,0,50
validation,OneStepLookahead,rc108C10_L__v0,rc108,6,Small_Network,False,NO_FEASIBLE_ACTION,240.0,52,24,508.38901095326264,198.271714271772,True,-240.0,240.0,4,52
validation,OneStepLookahead,rc108C10_L__v1,rc108,4,Small_Network,False,NO_FEASIBLE_ACTION,240.0,3,0,0.0,0.0,False,-240.0,240.0,4,3
validation,OneStepLookahead,rc108C10_NL__v0,rc108,6,Small_Network,False,NO_FEASIBLE_ACTION,240.0,52,17,528.8023102347196,206.2329009915407,True,-240.0,240.0,4,52
validation,OneStepLookahead,rc108C10_NL__v1,rc108,4,Small_Network,False,NO_FEASIBLE_ACTION,240.0,52,17,793.4083889187954,309.4292716783299,True,-240.0,240.0,3,52
validation,OneStepLookahead,rc108C10_VG__v0,rc108,6,Small_Network,False,NO_FEASIBLE_ACTION,240.0,52,17,457.3544404709319,178.3682317836638,True,-240.0,240.0,4,52
validation,OneStepLookahead,rc108C10_VG__v1,rc108,4,Small_Network,False,NO_FEASIBLE_ACTION,240.0,2,0,0.0,0.0,False,-240.0,240.0,2,2
validation,OneStepLookahead,rc205C10_L__v0,rc205,10,Small_Network,False,NO_FEASIBLE_ACTION,960.0,1,0,0.0,0.0,False,-960.0,960.0,2,1
validation,OneStepLookahead,rc205C10_NL__v0,rc205,10,Small_Network,False,NO_FEASIBLE_ACTION,960.0,2,0,0.0,0.0,False,-960.0,960.0,2,2
validation,OneStepLookahead,rc205C10_VG__v0,rc205,10,Small_Network,False,NO_FEASIBLE_ACTION,960.0,2,0,0.0,0.0,False,-960.0,960.0,2,2
validation,OneStepLookahead,c202C15_L__v0,c202,15,Small_Network,False,NO_FEASIBLE_ACTION,3390.0,51,17,1033.7455071476838,3587.096909802462,True,-3390.0,3390.0,1,51
validation,OneStepLookahead,c202C15_NL__v0,c202,15,Small_Network,False,NO_FEASIBLE_ACTION,3390.0,51,12,544.5644751068673,1889.6387286208292,True,-3390.0,3390.0,2,51
validation,OneStepLookahead,c202C15_VG__v0,c202,15,Small_Network,False,NO_FEASIBLE_ACTION,3390.0,50,17,210.40323969137725,730.0992417290795,True,-3390.0,3390.0,1,50
validation,OneStepLookahead,r102C15_L__v0,r102,2,Small_Network,True,,164.8660687473185,1,0,0.0,0.0,False,-164.8660687473185,230.0,3,1
validation,OneStepLookahead,r102C15_L__v1,r102,4,Small_Network,False,NO_FEASIBLE_ACTION,230.0,53,0,0.0,0.0,True,-230.0,230.0,1,53
validation,OneStepLookahead,r102C15_L__v2,r102,3,Small_Network,True,,135.0185496537594,3,0,0.0,0.0,False,-135.0185496537594,230.0,4,3
validation,OneStepLookahead,r102C15_L__v3,r102,3,Small_Network,False,NO_FEASIBLE_ACTION,230.0,52,0,0.0,0.0,True,-230.0,230.0,2,52
validation,OneStepLookahead,r102C15_L__v4,r102,3,Small_Network,False,NO_FEASIBLE_ACTION,230.0,1,0,0.0,0.0,False,-230.0,230.0,3,1
validation,OneStepLookahead,r102C15_NL__v0,r102,2,Small_Network,True,,164.8660687473185,1,0,0.0,0.0,False,-164.8660687473185,230.0,3,1
validation,OneStepLookahead,r102C15_NL__v1,r102,4,Small_Network,False,NO_FEASIBLE_ACTION,230.0,4,0,0.0,0.0,False,-230.0,230.0,3,4
validation,OneStepLookahead,r102C15_NL__v2,r102,3,Small_Network,False,NO_FEASIBLE_ACTION,230.0,50,0,0.0,0.0,True,-230.0,230.0,0,50
validation,OneStepLookahead,r102C15_NL__v3,r102,3,Small_Network,False,NO_FEASIBLE_ACTION,230.0,52,1,47.69261931219368,23.369383462974895,True,-230.0,230.0,2,52
validation,OneStepLookahead,r102C15_NL__v4,r102,3,Small_Network,False,NO_FEASIBLE_ACTION,230.0,50,17,122.68840660998345,60.117319238891795,True,-230.0,230.0,2,50
validation,OneStepLookahead,r102C15_VG__v0,r102,2,Small_Network,True,,164.8660687473185,0,0,0.0,0.0,False,-164.8660687473185,230.0,3,0
validation,OneStepLookahead,r102C15_VG__v1,r102,4,Small_Network,False,NO_FEASIBLE_ACTION,230.0,50,0,0.0,0.0,True,-230.0,230.0,0,50
validation,OneStepLookahead,r102C15_VG__v2,r102,3,Small_Network,False,NO_FEASIBLE_ACTION,230.0,50,24,438.3569033509326,214.79488264195663,True,-230.0,230.0,0,50
validation,OneStepLookahead,r102C15_VG__v3,r102,3,Small_Network,False,NO_FEASIBLE_ACTION,230.0,51,25,240.0872879399708,117.64277109058517,True,-230.0,230.0,2,51
validation,OneStepLookahead,r102C15_VG__v4,r102,3,Small_Network,False,NO_FEASIBLE_ACTION,230.0,50,0,0.0,0.0,True,-230.0,230.0,0,50
validation,OneStepLookahead,r209C15_L__v0,r209,15,Small_Network,False,NO_FEASIBLE_ACTION,1000.0,1,0,0.0,0.0,False,-1000.0,1000.0,4,1
validation,OneStepLookahead,r209C15_NL__v0,r209,15,Small_Network,False,NO_FEASIBLE_ACTION,1000.0,51,17,375.52293150184903,184.00623643590654,True,-1000.0,1000.0,3,51
validation,OneStepLookahead,r209C15_VG__v0,r209,15,Small_Network,False,NO_FEASIBLE_ACTION,1000.0,52,17,906.2890846060219,444.0816514569503,True,-1000.0,1000.0,3,52
validation,OneStepLookahead,rc108C15_L__v0,rc108,6,Small_Network,False,NO_FEASIBLE_ACTION,240.0,51,25,525.5615025911045,204.96898601053044,True,-240.0,240.0,5,51
validation,OneStepLookahead,rc108C15_L__v1,rc108,6,Small_Network,False,NO_FEASIBLE_ACTION,240.0,2,0,0.0,0.0,False,-240.0,240.0,6,2
validation,OneStepLookahead,rc108C15_L__v2,rc108,3,Small_Network,False,NO_FEASIBLE_ACTION,240.0,1,0,0.0,0.0,False,-240.0,240.0,3,1
validation,OneStepLookahead,rc108C15_NL__v0,rc108,6,Small_Network,False,NO_FEASIBLE_ACTION,240.0,1,0,0.0,0.0,False,-240.0,240.0,2,1
validation,OneStepLookahead,rc108C15_NL__v1,rc108,6,Small_Network,False,NO_FEASIBLE_ACTION,240.0,2,0,0.0,0.0,False,-240.0,240.0,4,2
validation,OneStepLookahead,rc108C15_NL__v2,rc108,3,Small_Network,True,,163.82102105636775,1,0,0.0,0.0,False,-163.82102105636775,240.0,4,1
validation,OneStepLookahead,rc108C15_VG__v0,rc108,6,Small_Network,False,NO_FEASIBLE_ACTION,240.0,1,0,0.0,0.0,False,-240.0,240.0,2,1
validation,OneStepLookahead,rc108C15_VG__v1,rc108,6,Small_Network,False,NO_FEASIBLE_ACTION,240.0,1,0,0.0,0.0,False,-240.0,240.0,5,1
validation,OneStepLookahead,rc108C15_VG__v2,rc108,3,Small_Network,False,NO_FEASIBLE_ACTION,240.0,50,17,242.83202093337755,94.70448816401725,True,-240.0,240.0,2,50
validation,OneStepLookahead,rc108C5_L__v0,rc108,3,Small_Network,False,NO_FEASIBLE_ACTION,240.0,1,0,0.0,0.0,False,-240.0,240.0,1,1
validation,OneStepLookahead,rc108C5_L__v1,rc108,2,Small_Network,False,NO_FEASIBLE_ACTION,240.0,51,24,352.32866863123115,137.40818076618046,True,-240.0,240.0,1,51
validation,OneStepLookahead,rc108C5_NL__v0,rc108,3,Small_Network,False,NO_FEASIBLE_ACTION,240.0,2,0,0.0,0.0,False,-240.0,240.0,1,2
validation,OneStepLookahead,rc108C5_NL__v1,rc108,2,Small_Network,False,NO_FEASIBLE_ACTION,240.0,51,16,982.74553509699,383.270758687825,True,-240.0,240.0,1,51
validation,OneStepLookahead,rc108C5_VG__v0,rc108,3,Small_Network,False,NO_FEASIBLE_ACTION,240.0,0,0,0.0,0.0,False,-240.0,240.0,1,0
validation,OneStepLookahead,rc108C5_VG__v1,rc108,2,Small_Network,False,NO_FEASIBLE_ACTION,240.0,1,0,0.0,0.0,False,-240.0,240.0,1,1
