subset,survivor_bias_warning,variant,metric,n,mean,sd
method_feasible_routes_only,True,V3_TIME,completion_time,442,3.804520166661774,0.8410385156413281
method_feasible_routes_only,True,V3_TIME,charging_time,442,0.30412973035399116,0.1716878020816734
method_feasible_routes_only,True,V3_TIME,energy_charged,442,0.30412973035399116,0.1716878020816734
method_feasible_routes_only,True,V3_TIME,n_station_visits,442,2.063348416289593,1.5150239622599955
method_feasible_routes_only,True,V3_TIME,terminal_soc,442,0.3899218871568645,0.17930723278586078
method_feasible_routes_only,True,V3_TIME,total_distance,442,2.1926439019649817,0.6120633958172703
method_feasible_routes_only,True,V4_BASE,completion_time,442,3.804520166661774,0.8410385156413281
method_feasible_routes_only,True,V4_BASE,charging_time,442,0.30412973035399116,0.1716878020816734
method_feasible_routes_only,True,V4_BASE,energy_charged,442,0.30412973035399116,0.1716878020816734
method_feasible_routes_only,True,V4_BASE,n_station_visits,442,2.063348416289593,1.5150239622599955
method_feasible_routes_only,True,V4_BASE,terminal_soc,442,0.3899218871568645,0.17930723278586078
method_feasible_routes_only,True,V4_BASE,total_distance,442,2.1926439019649817,0.6120633958172703
method_feasible_routes_only,True,V4_PBRS,completion_time,440,3.7523699226030844,0.8342131488127784
method_feasible_routes_only,True,V4_PBRS,charging_time,440,0.287595361295055,0.1636562804728797
method_feasible_routes_only,True,V4_PBRS,energy_charged,440,0.287595361295055,0.1636562804728797
method_feasible_routes_only,True,V4_PBRS,n_station_visits,440,1.9522727272727274,1.282435864974879
method_feasible_routes_only,True,V4_PBRS,terminal_soc,440,0.38685740713777594,0.18664967088763348
method_feasible_routes_only,True,V4_PBRS,total_distance,440,2.1314095937597783,0.5697855526007528
method_feasible_routes_only,True,V4_BASE_NO_L_FAIL,completion_time,442,3.767214236661602,0.8428760827286602
method_feasible_routes_only,True,V4_BASE_NO_L_FAIL,charging_time,442,0.29050575693438874,0.16949599346911742
method_feasible_routes_only,True,V4_BASE_NO_L_FAIL,energy_charged,442,0.29050575693438874,0.16949599346911742
method_feasible_routes_only,True,V4_BASE_NO_L_FAIL,n_station_visits,442,1.907239819004525,1.3596024767325858
method_feasible_routes_only,True,V4_BASE_NO_L_FAIL,terminal_soc,442,0.3873205157905148,0.18507637350326303
method_feasible_routes_only,True,V4_BASE_NO_L_FAIL,total_distance,442,2.1423102024727316,0.5978911924117672
