epoch,episode_count,mean_reward,std_reward,min_reward,max_reward,epsilon,time
1,277,-6.085385499146989,1.9918616310435968,-9.802645475299958,-1.765128186043718,0.7579494437963867,202.24861884117126
2,275,-5.600320050244921,2.004201509671756,-10.385965079853502,-1.4686963863465485,0.5756380598328571,145.8975567817688
3,280,-5.336696971971555,1.9478458551005675,-10.311123870475154,-1.6114846446923172,0.43499694211384704,216.724689245224
4,276,-5.208774507451476,1.8815404440255021,-9.149638188880374,-1.5186095413096288,0.3300357260543739,203.97824025154114
5,280,-5.083554040338227,1.7690425159592653,-9.635439150846219,-1.8117488726450584,0.24940069401189632,183.09666895866394
6,279,-4.999084835854007,1.716062339761048,-8.579642585987123,-1.4569148107696122,0.1886552401072492,166.0777232646942
7,277,-4.769996963441587,1.7342463644852595,-10.233465550879814,-1.436839151820944,0.14299113430856317,134.39177012443542
8,275,-4.730249918049158,1.7964096757904569,-9.546896733196592,-1.4998027165085035,0.10859713639263872,131.9358012676239
9,274,-4.8550825510157365,1.7147468651633455,-8.86546902363101,-1.552658454708784,0.08255856723524341,165.34768724441528
10,276,-4.9297411816235615,1.7864236178378319,-9.317879167274214,-1.8426587355242672,0.06263785797455393,155.8765790462494
11,275,-4.332794994763969,1.7600259155711264,-9.11449932500079,-1.159720281946547,0.047571424890766864,150.4085602760315
12,276,-4.651201300429756,1.704576429049809,-9.298235530100989,-1.3831639395132285,0.03609282786442273,154.78909707069397
13,273,-4.311783608762215,1.6744115881836223,-7.863749370694716,-1.570299472073041,0.027466239073575264,151.0220787525177
14,277,-4.605038908635611,1.607154298956661,-9.087272956631196,-1.5516858322255958,0.020818020628994943,156.0827009677887
15,278,-4.3644283432498705,1.64449172305597,-8.17023920216026,-1.5516858322255958,0.015763228149531714,142.69070029258728
16,281,-4.428777205751795,1.6791582184866904,-7.902323807324802,-1.5516858322255958,0.0119000107269407,144.91859459877014
17,273,-4.438018456144652,1.6736366964162825,-8.129071556709901,-1.6274677405809161,0.009998671593271896,149.64528393745422
18,274,-4.475246452275196,1.7242772620441704,-8.358463315496751,-1.4801067512644455,0.009998671593271896,157.78306412696838
19,273,-4.298180668182083,1.6083630397456252,-7.863749370694716,-1.418429875202135,0.009998671593271896,152.30367016792297
20,275,-4.4198287836726164,1.6247253200230867,-8.376541383337303,-1.3381331563928276,0.009998671593271896,158.22736310958862
21,279,-4.18749455133112,1.5681343140861161,-8.05969031810924,-1.3381331563928276,0.009998671593271896,167.1372365951538
22,275,-4.212291284353771,1.6714633518929543,-8.89873552922066,-1.4998027165085035,0.009998671593271896,148.74810314178467
23,277,-4.4496827604837135,1.72953077003116,-8.856600159301033,-1.6180677387758946,0.009998671593271896,158.16082191467285
24,278,-4.226908786402589,1.544574990789112,-7.430860546604267,-1.2707919245231025,0.009998671593271896,150.37828969955444
25,277,-4.288317850270635,1.6309806312082682,-9.11449932500079,-1.1405329772473556,0.009998671593271896,116.77655172348022
26,275,-4.275702125260852,1.6638638455242014,-8.794039980109549,-1.3381331563928276,0.009998671593271896,116.19692897796631
27,276,-4.281979034656675,1.5577901620318657,-8.469574311647833,-1.5373267892575457,0.009998671593271896,113.36059212684631
28,281,-4.322224390140981,1.551377773517971,-8.608551445196614,-1.570299472073041,0.009998671593271896,116.9866316318512
29,281,-4.193660824240965,1.6414545549006194,-8.540853980898756,-1.547501488330935,0.009998671593271896,112.99521899223328
30,279,-4.433406242736603,1.7150575838916138,-8.046455431231564,-1.5516858322255958,0.009998671593271896,117.12845516204834
31,280,-4.379595893208744,1.6549458914453876,-7.99493049957531,-1.6053015744731673,0.009998671593271896,116.3946545124054
32,278,-4.442790275401118,1.6981609665944986,-7.99493049957531,-1.3381331563928276,0.009998671593271896,114.15203952789307
33,275,-4.417571626791452,1.7266560517587315,-8.492828019250481,-1.570299472073041,0.009998671593271896,113.12361741065979
34,273,-4.377370419291863,1.5887737677528275,-8.3490202682162,-1.2632872760911158,0.009998671593271896,112.96269273757935
35,277,-4.356183240317817,1.6514665170416214,-7.798912023264355,-1.4998027165085035,0.009998671593271896,113.94558811187744
36,278,-4.278767117390746,1.5701332968580857,-8.046455431231564,-1.2707919245231025,0.009998671593271896,114.00190472602844
37,277,-4.281954058127446,1.6396967722543199,-8.256390239563064,-1.4801067512644455,0.009998671593271896,112.55511260032654
38,275,-4.511984976351384,1.7463400048570366,-8.981135641749276,-1.6188330052447357,0.009998671593271896,114.34178042411804
39,281,-4.328993056206041,1.635859967445877,-7.6119140806576535,-1.4734386052011996,0.009998671593271896,115.77453207969666
40,279,-4.401713242031986,1.7346203110844984,-8.49103871270069,-1.4998027165085035,0.009998671593271896,114.37151789665222
41,281,-4.449839632442042,1.6355817696013089,-10.036337863480846,-1.7584499814744745,0.009998671593271896,117.52063298225403
42,278,-4.438267677648008,1.5812451291322576,-8.335638937731286,-1.6265566714532225,0.009998671593271896,114.95607161521912
43,281,-4.356652797245922,1.6747678368153285,-8.606634396251195,-1.4998027165085035,0.009998671593271896,113.29717016220093
44,276,-4.188018233792331,1.6209396927449482,-7.6845363762278165,-1.4080203072031694,0.009998671593271896,109.64640855789185
45,278,-4.399973654162889,1.637901908700856,-8.534611836039955,-1.547501488330935,0.009998671593271896,113.2540066242218
46,273,-4.484794117065272,1.6814984766887622,-8.298009340479688,-1.669895467089065,0.009998671593271896,113.16145586967468
47,276,-4.1631331205861954,1.568509821429428,-7.8640145750302946,-1.3263841682841309,0.009998671593271896,110.0442852973938
48,277,-4.274037620807084,1.5872123748947269,-8.023081249042152,-1.5516858322255958,0.009998671593271896,112.536141872406
49,274,-4.361622673780525,1.6337853855789872,-9.434401159342833,-1.2632872760911158,0.009998671593271896,111.5786485671997
50,275,-4.201500424399139,1.6410179629624124,-8.029234611891503,-1.4450761540480412,0.009998671593271896,110.7280535697937
51,274,-4.381292914224236,1.6730241152143641,-8.619557964068715,-1.4734386052011996,0.009998671593271896,111.1009795665741
52,279,-4.1910329267268684,1.5427807046648863,-8.01584126941837,-1.570299472073041,0.009998671593271896,115.98680543899536
53,274,-4.152578026302523,1.5345523015506812,-8.598985510482729,-1.159720281946547,0.009998671593271896,110.20178484916687
54,281,-4.326968840851873,1.6320785542857967,-8.527723555955669,-1.668527332755245,0.009998671593271896,111.41383981704712
55,277,-4.268648883609553,1.537152605221812,-8.116241186205741,-1.4183625804851827,0.009998671593271896,114.75711369514465
56,277,-4.394838301868731,1.633957507612645,-9.468721889984465,-1.5516858322255958,0.009998671593271896,114.1925938129425
57,274,-4.350046175303864,1.6749386652425609,-8.009859810406676,-1.6507246237766853,0.009998671593271896,114.15784049034119
58,274,-4.30983209057041,1.6788253885339206,-9.483496306892746,-1.552658454708784,0.009998671593271896,111.67520475387573
59,280,-4.381915358370949,1.5784185793483154,-8.358463315496751,-1.5995741707079447,0.009998671593271896,116.48571801185608
60,275,-4.493565260238836,1.5951130382880592,-8.093942350129298,-1.5516858322255958,0.009998671593271896,113.56747674942017
61,274,-4.511232893798568,1.7487494590006574,-8.726508142562636,-1.6155196643196965,0.009998671593271896,112.58628916740417
62,278,-4.34347451558277,1.661138431053154,-8.54532539657618,-1.6053015744731673,0.009998671593271896,113.53743863105774
63,278,-4.488931483499889,1.6670111413627988,-8.488232280610521,-1.5951664867669502,0.009998671593271896,113.25796461105347
64,276,-4.11364659980754,1.5418576994934785,-8.64692800622612,-1.4450761540480412,0.009998671593271896,110.18100810050964
65,281,-4.589831435724274,1.597756110797615,-8.166685744009515,-1.7992504779437624,0.009998671593271896,116.5740180015564
66,276,-4.270507211892952,1.6787152919142985,-8.932074096962252,-1.436839151820944,0.009998671593271896,111.52556157112122
67,282,-4.377762720389004,1.6506473662715555,-9.139827422496879,-1.5516858322255958,0.009998671593271896,116.67737412452698
68,275,-4.2206456076059125,1.65062000222997,-8.375063888684984,-1.492180504730989,0.009998671593271896,111.17660617828369
69,277,-4.465560996546113,1.6526763540112446,-8.73437470706264,-1.3401020256505052,0.009998671593271896,113.76974534988403
70,275,-4.528962490315023,1.7544669613845776,-8.690946217268966,-1.6713446597467676,0.009998671593271896,115.38145804405212
71,279,-4.582584577245055,1.6925672435101238,-9.544360084776292,-1.7584499814744745,0.009998671593271896,116.38821864128113
72,277,-4.263377444564617,1.695620807184537,-9.48895132328718,-1.6188330052447357,0.009998671593271896,112.14227271080017
73,273,-4.392223301343613,1.7360719412456724,-9.211704591202789,-1.570299472073041,0.009998671593271896,111.71742296218872
74,280,-4.479075436109976,1.7086837699868935,-8.693961804339613,-1.6053015744731673,0.009998671593271896,114.26514315605164
75,281,-4.350871367551893,1.6751551614497693,-9.840065877238672,-1.442326894884883,0.009998671593271896,112.96375775337219
76,286,-4.364578419943517,1.5622189358099527,-7.430137085314907,-1.6091804295874583,0.009998671593271896,117.4840247631073
77,274,-4.485079961966821,1.6227542884814306,-9.051456156907037,-1.6188330052447357,0.009998671593271896,113.24020385742188
78,281,-4.170592657084076,1.4988685748719415,-8.423736566612034,-1.668527332755245,0.009998671593271896,112.95710444450378
79,284,-4.265767042544433,1.5604939674213079,-8.031341160859514,-1.6100995094780677,0.009998671593271896,116.0750002861023
80,282,-4.073497788690976,1.6003504411017755,-8.841271492149327,-1.1405329772473556,0.009998671593271896,112.30116748809814
81,280,-4.283840947405683,1.5042969709437495,-8.088577973270246,-1.3861565840448706,0.009998671593271896,112.92538380622864
82,279,-4.593319575978181,1.694486824573514,-8.488232280610521,-1.6091804295874583,0.009998671593271896,115.74222612380981
83,281,-4.43382614890553,1.5329437261188574,-8.38820443548979,-1.2707919245231025,0.009998671593271896,115.53207349777222
84,278,-4.073713825760037,1.6629123299817021,-8.175731112727068,-1.4822004936828006,0.009998671593271896,111.71370267868042
85,279,-4.243782276132692,1.5097256032664403,-7.52752072404592,-1.4822004936828006,0.009998671593271896,112.71181607246399
86,273,-4.632194121342128,1.7788244474829702,-8.380540183833567,-1.159720281946547,0.009998671593271896,112.44668841362
87,275,-4.333308172830002,1.563313104732843,-7.988809030655919,-1.4998027165085035,0.009998671593271896,111.31894040107727
88,275,-4.451513485171394,1.6342086377204375,-9.248324215217188,-1.1405329772473556,0.009998671593271896,112.28580069541931
89,274,-4.374310415779444,1.7509853217662754,-8.912384082121882,-1.4998027165085035,0.009998671593271896,113.44868183135986
90,273,-4.440668237148623,1.6379553852310795,-9.408154366072743,-1.6542997257081435,0.009998671593271896,111.7500410079956
91,272,-4.187772285017691,1.599229431096532,-7.539724070315252,-1.159720281946547,0.009998671593271896,110.25496673583984
92,277,-4.0935398875127245,1.6927285366811915,-8.929700544599848,-1.3884068250392816,0.009998671593271896,110.90870094299316
93,278,-4.401874938726795,1.6336567824022774,-8.528593726783251,-1.4843723825038015,0.009998671593271896,115.99566984176636
94,274,-4.2675060257744475,1.6376763822602491,-9.544360084776292,-1.4822004936828006,0.009998671593271896,110.84339427947998
95,281,-4.508181718156387,1.7155537593058412,-10.969990558716983,-1.670112245643553,0.009998671593271896,116.77225875854492
96,279,-4.243003521075914,1.552423752331354,-7.368203972645582,-1.3216225154662489,0.009998671593271896,113.05772161483765
97,277,-4.498730843308297,1.6929847762390522,-8.280077918073685,-1.1405329772473556,0.009998671593271896,116.8423261642456
98,273,-4.311523982522086,1.7298332542224875,-8.758644445681767,-1.3381331563928276,0.009998671593271896,110.27298307418823
99,280,-4.322118747316125,1.643478291712336,-9.598717791554568,-1.6274677405809161,0.009998671593271896,115.20011353492737
100,277,-3.8003685312056104,1.45221169076975,-7.778601380604365,-1.3884068250392816,0.009998671593271896,108.93277740478516
