layout,length_bin,charge_class,method,n_routes,feasibility,completion_all,charging_time,station_visits
C,short,charging_required,HybridPPO,8,1.000,3.584,0.328,1.98
C,short,charging_required,DiscretePPO,8,1.000,3.608,0.345,2.05
C,short,charging_required,GreedyMinimumSufficientCharge,8,0.125,9.118,0.077,1.00
C,short,charging_required,GreedyFullCharge,8,0.375,7.436,0.362,1.00
C,short,charging_required,OneStepLookahead,8,0.750,5.122,0.296,3.33
C,short,no_charge_required,HybridPPO,2,1.000,2.172,0.106,0.90
C,short,no_charge_required,DiscretePPO,2,1.000,2.192,0.134,1.00
C,short,no_charge_required,GreedyMinimumSufficientCharge,2,1.000,2.024,0.000,0.00
C,short,no_charge_required,GreedyFullCharge,2,1.000,2.024,0.000,0.00
C,short,no_charge_required,OneStepLookahead,2,1.000,2.054,0.062,2.00
C,medium,charging_required,HybridPPO,8,0.975,3.683,0.216,1.79
C,medium,charging_required,DiscretePPO,8,0.975,3.698,0.231,1.86
C,medium,charging_required,GreedyMinimumSufficientCharge,8,0.500,6.629,0.037,1.00
C,medium,charging_required,GreedyFullCharge,8,0.500,6.781,0.340,1.00
C,medium,charging_required,OneStepLookahead,8,0.875,4.694,0.316,3.29
C,medium,no_charge_required,HybridPPO,2,1.000,2.252,0.000,0.00
C,medium,no_charge_required,DiscretePPO,2,1.000,2.252,0.013,0.10
C,medium,no_charge_required,GreedyMinimumSufficientCharge,2,1.000,2.252,0.000,0.00
C,medium,no_charge_required,GreedyFullCharge,2,1.000,2.252,0.000,0.00
C,medium,no_charge_required,OneStepLookahead,2,1.000,2.252,0.079,0.50
C,long,charging_required,HybridPPO,8,1.000,3.856,0.404,2.83
C,long,charging_required,DiscretePPO,8,1.000,3.748,0.397,2.65
C,long,charging_required,GreedyMinimumSufficientCharge,8,0.125,9.213,0.072,1.00
C,long,charging_required,GreedyFullCharge,8,0.125,9.251,0.379,1.00
C,long,charging_required,OneStepLookahead,8,0.750,5.232,0.347,5.50
C,long,no_charge_required,HybridPPO,2,1.000,2.732,0.076,0.90
C,long,no_charge_required,DiscretePPO,2,1.000,2.732,0.092,1.00
C,long,no_charge_required,GreedyMinimumSufficientCharge,2,1.000,2.732,0.000,0.00
C,long,no_charge_required,GreedyFullCharge,2,1.000,2.732,0.000,0.00
C,long,no_charge_required,OneStepLookahead,2,1.000,2.844,0.190,2.50
R,short,charging_required,HybridPPO,8,1.000,3.913,0.279,1.85
R,short,charging_required,DiscretePPO,8,1.000,3.788,0.274,1.70
R,short,charging_required,GreedyMinimumSufficientCharge,8,0.375,7.633,0.081,1.00
R,short,charging_required,GreedyFullCharge,8,0.625,6.310,0.371,1.00
R,short,charging_required,OneStepLookahead,8,0.750,5.341,0.288,2.83
R,short,no_charge_required,HybridPPO,2,1.000,3.553,0.145,0.50
R,short,no_charge_required,DiscretePPO,2,1.000,3.563,0.155,0.50
R,short,no_charge_required,GreedyMinimumSufficientCharge,2,1.000,3.217,0.000,0.00
R,short,no_charge_required,GreedyFullCharge,2,1.000,3.217,0.000,0.00
R,short,no_charge_required,OneStepLookahead,2,1.000,3.217,0.000,0.00
R,medium,charging_required,HybridPPO,8,0.950,4.343,0.355,2.56
R,medium,charging_required,DiscretePPO,8,0.900,4.497,0.335,2.50
R,medium,charging_required,GreedyMinimumSufficientCharge,8,0.250,8.236,0.029,1.00
R,medium,charging_required,GreedyFullCharge,8,0.250,8.319,0.361,1.00
R,medium,charging_required,OneStepLookahead,8,0.375,7.414,0.190,2.67
R,medium,no_charge_required,HybridPPO,2,1.000,3.311,0.076,0.80
R,medium,no_charge_required,DiscretePPO,2,1.000,3.249,0.069,0.80
R,medium,no_charge_required,GreedyMinimumSufficientCharge,2,1.000,3.217,0.000,0.00
R,medium,no_charge_required,GreedyFullCharge,2,1.000,3.217,0.000,0.00
R,medium,no_charge_required,OneStepLookahead,2,1.000,3.217,0.159,2.00
R,long,charging_required,HybridPPO,8,0.725,6.634,0.532,3.23
R,long,charging_required,DiscretePPO,8,0.750,6.238,0.456,2.79
R,long,charging_required,GreedyMinimumSufficientCharge,8,0.000,10.000,NA,NA
R,long,charging_required,GreedyFullCharge,8,0.125,9.338,0.391,1.00
R,long,charging_required,OneStepLookahead,8,0.000,10.000,NA,NA
R,long,no_charge_required,HybridPPO,2,0.900,4.256,0.216,1.60
R,long,no_charge_required,DiscretePPO,2,1.000,3.597,0.209,1.30
R,long,no_charge_required,GreedyMinimumSufficientCharge,2,1.000,3.302,0.000,0.00
R,long,no_charge_required,GreedyFullCharge,2,1.000,3.302,0.000,0.00
R,long,no_charge_required,OneStepLookahead,2,1.000,3.362,0.030,1.00
RC,short,charging_required,HybridPPO,8,0.500,7.068,0.381,2.10
RC,short,charging_required,DiscretePPO,8,0.500,7.036,0.383,2.10
RC,short,charging_required,GreedyMinimumSufficientCharge,8,0.125,9.193,0.033,1.00
RC,short,charging_required,GreedyFullCharge,8,0.250,8.556,0.371,1.00
RC,short,charging_required,OneStepLookahead,8,0.500,6.984,0.359,2.75
RC,short,no_charge_required,HybridPPO,2,1.000,1.858,0.018,0.40
RC,short,no_charge_required,DiscretePPO,2,1.000,1.862,0.037,0.70
RC,short,no_charge_required,GreedyMinimumSufficientCharge,2,1.000,1.856,0.000,0.00
RC,short,no_charge_required,GreedyFullCharge,2,1.000,1.856,0.000,0.00
RC,short,no_charge_required,OneStepLookahead,2,1.000,1.945,0.135,1.50
RC,medium,charging_required,HybridPPO,8,0.875,4.724,0.351,2.40
RC,medium,charging_required,DiscretePPO,8,0.850,4.794,0.354,2.40
RC,medium,charging_required,GreedyMinimumSufficientCharge,8,0.250,8.316,0.024,1.00
RC,medium,charging_required,GreedyFullCharge,8,0.250,8.401,0.365,1.00
RC,medium,charging_required,OneStepLookahead,8,0.625,6.003,0.357,3.20
RC,medium,no_charge_required,HybridPPO,2,1.000,2.874,0.057,1.00
RC,medium,no_charge_required,DiscretePPO,2,1.000,2.874,0.053,0.90
RC,medium,no_charge_required,GreedyMinimumSufficientCharge,2,1.000,2.874,0.000,0.00
RC,medium,no_charge_required,GreedyFullCharge,2,1.000,2.874,0.000,0.00
RC,medium,no_charge_required,OneStepLookahead,2,1.000,3.092,0.281,2.50
RC,long,charging_required,HybridPPO,8,0.900,5.120,0.422,3.42
RC,long,charging_required,DiscretePPO,8,0.975,4.392,0.324,2.53
RC,long,charging_required,GreedyMinimumSufficientCharge,8,0.000,10.000,NA,NA
RC,long,charging_required,GreedyFullCharge,8,0.375,7.832,0.384,1.00
RC,long,charging_required,OneStepLookahead,8,0.625,6.068,0.163,3.20
RC,long,no_charge_required,HybridPPO,2,1.000,3.069,0.080,0.70
RC,long,no_charge_required,DiscretePPO,2,1.000,3.045,0.072,0.90
RC,long,no_charge_required,GreedyMinimumSufficientCharge,2,1.000,3.045,0.000,0.00
RC,long,no_charge_required,GreedyFullCharge,2,1.000,3.045,0.000,0.00
RC,long,no_charge_required,OneStepLookahead,2,1.000,3.045,0.026,0.50
