route_id,raw_instance_id,base_instance,relative_path,network_group,terrain_variant,vehicle_index,n_customers,n_vehicles,route_demand,route_distance,total_distance,fixed_vehicle_cost,lexicographic_objective,routing_feasible,routing_tw_feasible,charging_feasibility_status,route_source_instance_id,terrain_reuse,fleet_policy,generator,generator_version,seed,n_iterations,config_hash,physics_profile,unassigned_customer_ids
c101_50_21_NL__v0,c101_50_21_NL,c101,Large_Network/50_Customers/Nearly_Level/c101_50_21_NL.txt,Large_Network,NL,0,6,7,1460.0,73.96,871.036,9434001,66909043.0,True,True,unverified,c101_50_21_NL,False,unrestricted_fleet_with_fixed_cost,pyvrp,0.14.0,42,40000,394e2059a0b4f9bd26be2a162b6105bef55fcdc40da0d4c2ec1fbc8c32058a9f,official_evrptwgr,[]
c101_50_21_NL__v1,c101_50_21_NL,c101,Large_Network/50_Customers/Nearly_Level/c101_50_21_NL.txt,Large_Network,NL,1,8,7,2372.5,158.756,871.036,9434001,66909043.0,True,True,unverified,c101_50_21_NL,False,unrestricted_fleet_with_fixed_cost,pyvrp,0.14.0,42,40000,394e2059a0b4f9bd26be2a162b6105bef55fcdc40da0d4c2ec1fbc8c32058a9f,official_evrptwgr,[]
c101_50_21_NL__v2,c101_50_21_NL,c101,Large_Network/50_Customers/Nearly_Level/c101_50_21_NL.txt,Large_Network,NL,2,7,7,2737.5,133.238,871.036,9434001,66909043.0,True,True,unverified,c101_50_21_NL,False,unrestricted_fleet_with_fixed_cost,pyvrp,0.14.0,42,40000,394e2059a0b4f9bd26be2a162b6105bef55fcdc40da0d4c2ec1fbc8c32058a9f,official_evrptwgr,[]
c101_50_21_NL__v3,c101_50_21_NL,c101,Large_Network/50_Customers/Nearly_Level/c101_50_21_NL.txt,Large_Network,NL,3,5,7,1277.5,140.658,871.036,9434001,66909043.0,True,True,unverified,c101_50_21_NL,False,unrestricted_fleet_with_fixed_cost,pyvrp,0.14.0,42,40000,394e2059a0b4f9bd26be2a162b6105bef55fcdc40da0d4c2ec1fbc8c32058a9f,official_evrptwgr,[]
c101_50_21_NL__v4,c101_50_21_NL,c101,Large_Network/50_Customers/Nearly_Level/c101_50_21_NL.txt,Large_Network,NL,4,6,7,2555.0,97.88,871.036,9434001,66909043.0,True,True,unverified,c101_50_21_NL,False,unrestricted_fleet_with_fixed_cost,pyvrp,0.14.0,42,40000,394e2059a0b4f9bd26be2a162b6105bef55fcdc40da0d4c2ec1fbc8c32058a9f,official_evrptwgr,[]
c101_50_21_NL__v5,c101_50_21_NL,c101,Large_Network/50_Customers/Nearly_Level/c101_50_21_NL.txt,Large_Network,NL,5,10,7,2737.5,138.401,871.036,9434001,66909043.0,True,True,unverified,c101_50_21_NL,False,unrestricted_fleet_with_fixed_cost,pyvrp,0.14.0,42,40000,394e2059a0b4f9bd26be2a162b6105bef55fcdc40da0d4c2ec1fbc8c32058a9f,official_evrptwgr,[]
c101_50_21_NL__v6,c101_50_21_NL,c101,Large_Network/50_Customers/Nearly_Level/c101_50_21_NL.txt,Large_Network,NL,6,8,7,3285.0,128.143,871.036,9434001,66909043.0,True,True,unverified,c101_50_21_NL,False,unrestricted_fleet_with_fixed_cost,pyvrp,0.14.0,42,40000,394e2059a0b4f9bd26be2a162b6105bef55fcdc40da0d4c2ec1fbc8c32058a9f,official_evrptwgr,[]
c102_50_21_NL__v0,c102_50_21_NL,c102,Large_Network/50_Customers/Nearly_Level/c102_50_21_NL.txt,Large_Network,NL,0,10,5,2737.5,168.475,880.263,9124101,46500768.0,True,True,unverified,c102_50_21_NL,False,unrestricted_fleet_with_fixed_cost,pyvrp,0.14.0,42,40000,394e2059a0b4f9bd26be2a162b6105bef55fcdc40da0d4c2ec1fbc8c32058a9f,official_evrptwgr,[]
c102_50_21_NL__v1,c102_50_21_NL,c102,Large_Network/50_Customers/Nearly_Level/c102_50_21_NL.txt,Large_Network,NL,1,10,5,3102.5,186.167,880.263,9124101,46500768.0,True,True,unverified,c102_50_21_NL,False,unrestricted_fleet_with_fixed_cost,pyvrp,0.14.0,42,40000,394e2059a0b4f9bd26be2a162b6105bef55fcdc40da0d4c2ec1fbc8c32058a9f,official_evrptwgr,[]
c102_50_21_NL__v2,c102_50_21_NL,c102,Large_Network/50_Customers/Nearly_Level/c102_50_21_NL.txt,Large_Network,NL,2,10,5,3650.0,258.887,880.263,9124101,46500768.0,True,True,unverified,c102_50_21_NL,False,unrestricted_fleet_with_fixed_cost,pyvrp,0.14.0,42,40000,394e2059a0b4f9bd26be2a162b6105bef55fcdc40da0d4c2ec1fbc8c32058a9f,official_evrptwgr,[]
c102_50_21_NL__v3,c102_50_21_NL,c102,Large_Network/50_Customers/Nearly_Level/c102_50_21_NL.txt,Large_Network,NL,3,10,5,3285.0,151.104,880.263,9124101,46500768.0,True,True,unverified,c102_50_21_NL,False,unrestricted_fleet_with_fixed_cost,pyvrp,0.14.0,42,40000,394e2059a0b4f9bd26be2a162b6105bef55fcdc40da0d4c2ec1fbc8c32058a9f,official_evrptwgr,[]
c102_50_21_NL__v4,c102_50_21_NL,c102,Large_Network/50_Customers/Nearly_Level/c102_50_21_NL.txt,Large_Network,NL,4,10,5,2555.0,115.63,880.263,9124101,46500768.0,True,True,unverified,c102_50_21_NL,False,unrestricted_fleet_with_fixed_cost,pyvrp,0.14.0,42,40000,394e2059a0b4f9bd26be2a162b6105bef55fcdc40da0d4c2ec1fbc8c32058a9f,official_evrptwgr,[]
r102_50_21_NL__v0,r102_50_21_NL,r102,Large_Network/50_Customers/Nearly_Level/r102_50_21_NL.txt,Large_Network,NL,0,9,10,2244.75,122.584,907.539,8769301,88600549.0,True,True,unverified,r102_50_21_NL,False,unrestricted_fleet_with_fixed_cost,pyvrp,0.14.0,42,40000,394e2059a0b4f9bd26be2a162b6105bef55fcdc40da0d4c2ec1fbc8c32058a9f,official_evrptwgr,[]
r102_50_21_NL__v1,r102_50_21_NL,r102,Large_Network/50_Customers/Nearly_Level/r102_50_21_NL.txt,Large_Network,NL,1,4,10,1277.5,89.17,907.539,8769301,88600549.0,True,True,unverified,r102_50_21_NL,False,unrestricted_fleet_with_fixed_cost,pyvrp,0.14.0,42,40000,394e2059a0b4f9bd26be2a162b6105bef55fcdc40da0d4c2ec1fbc8c32058a9f,official_evrptwgr,[]
r102_50_21_NL__v2,r102_50_21_NL,r102,Large_Network/50_Customers/Nearly_Level/r102_50_21_NL.txt,Large_Network,NL,2,4,10,1314.0,47.855,907.539,8769301,88600549.0,True,True,unverified,r102_50_21_NL,False,unrestricted_fleet_with_fixed_cost,pyvrp,0.14.0,42,40000,394e2059a0b4f9bd26be2a162b6105bef55fcdc40da0d4c2ec1fbc8c32058a9f,official_evrptwgr,[]
r102_50_21_NL__v3,r102_50_21_NL,r102,Large_Network/50_Customers/Nearly_Level/r102_50_21_NL.txt,Large_Network,NL,3,5,10,1149.75,136.747,907.539,8769301,88600549.0,True,True,unverified,r102_50_21_NL,False,unrestricted_fleet_with_fixed_cost,pyvrp,0.14.0,42,40000,394e2059a0b4f9bd26be2a162b6105bef55fcdc40da0d4c2ec1fbc8c32058a9f,official_evrptwgr,[]
r102_50_21_NL__v4,r102_50_21_NL,r102,Large_Network/50_Customers/Nearly_Level/r102_50_21_NL.txt,Large_Network,NL,4,3,10,511.0,53.719,907.539,8769301,88600549.0,True,True,unverified,r102_50_21_NL,False,unrestricted_fleet_with_fixed_cost,pyvrp,0.14.0,42,40000,394e2059a0b4f9bd26be2a162b6105bef55fcdc40da0d4c2ec1fbc8c32058a9f,official_evrptwgr,[]
r102_50_21_NL__v5,r102_50_21_NL,r102,Large_Network/50_Customers/Nearly_Level/r102_50_21_NL.txt,Large_Network,NL,5,8,10,2007.5,100.54,907.539,8769301,88600549.0,True,True,unverified,r102_50_21_NL,False,unrestricted_fleet_with_fixed_cost,pyvrp,0.14.0,42,40000,394e2059a0b4f9bd26be2a162b6105bef55fcdc40da0d4c2ec1fbc8c32058a9f,official_evrptwgr,[]
r102_50_21_NL__v6,r102_50_21_NL,r102,Large_Network/50_Customers/Nearly_Level/r102_50_21_NL.txt,Large_Network,NL,6,6,10,1149.75,70.642,907.539,8769301,88600549.0,True,True,unverified,r102_50_21_NL,False,unrestricted_fleet_with_fixed_cost,pyvrp,0.14.0,42,40000,394e2059a0b4f9bd26be2a162b6105bef55fcdc40da0d4c2ec1fbc8c32058a9f,official_evrptwgr,[]
r102_50_21_NL__v7,r102_50_21_NL,r102,Large_Network/50_Customers/Nearly_Level/r102_50_21_NL.txt,Large_Network,NL,7,3,10,784.75,107.971,907.539,8769301,88600549.0,True,True,unverified,r102_50_21_NL,False,unrestricted_fleet_with_fixed_cost,pyvrp,0.14.0,42,40000,394e2059a0b4f9bd26be2a162b6105bef55fcdc40da0d4c2ec1fbc8c32058a9f,official_evrptwgr,[]
r102_50_21_NL__v8,r102_50_21_NL,r102,Large_Network/50_Customers/Nearly_Level/r102_50_21_NL.txt,Large_Network,NL,8,4,10,876.0,100.385,907.539,8769301,88600549.0,True,True,unverified,r102_50_21_NL,False,unrestricted_fleet_with_fixed_cost,pyvrp,0.14.0,42,40000,394e2059a0b4f9bd26be2a162b6105bef55fcdc40da0d4c2ec1fbc8c32058a9f,official_evrptwgr,[]
r102_50_21_NL__v9,r102_50_21_NL,r102,Large_Network/50_Customers/Nearly_Level/r102_50_21_NL.txt,Large_Network,NL,9,4,10,949.0,77.926,907.539,8769301,88600549.0,True,True,unverified,r102_50_21_NL,False,unrestricted_fleet_with_fixed_cost,pyvrp,0.14.0,42,40000,394e2059a0b4f9bd26be2a162b6105bef55fcdc40da0d4c2ec1fbc8c32058a9f,official_evrptwgr,[]
r107_50_21_NL__v0,r107_50_21_NL,r107,Large_Network/50_Customers/Nearly_Level/r107_50_21_NL.txt,Large_Network,NL,0,11,6,3504.0,111.837,685.351,9183101,55783957.0,True,True,unverified,r107_50_21_NL,False,unrestricted_fleet_with_fixed_cost,pyvrp,0.14.0,42,40000,394e2059a0b4f9bd26be2a162b6105bef55fcdc40da0d4c2ec1fbc8c32058a9f,official_evrptwgr,[]
r107_50_21_NL__v1,r107_50_21_NL,r107,Large_Network/50_Customers/Nearly_Level/r107_50_21_NL.txt,Large_Network,NL,1,7,6,1204.5,113.871,685.351,9183101,55783957.0,True,True,unverified,r107_50_21_NL,False,unrestricted_fleet_with_fixed_cost,pyvrp,0.14.0,42,40000,394e2059a0b4f9bd26be2a162b6105bef55fcdc40da0d4c2ec1fbc8c32058a9f,official_evrptwgr,[]
r107_50_21_NL__v2,r107_50_21_NL,r107,Large_Network/50_Customers/Nearly_Level/r107_50_21_NL.txt,Large_Network,NL,2,8,6,2299.5,142.701,685.351,9183101,55783957.0,True,True,unverified,r107_50_21_NL,False,unrestricted_fleet_with_fixed_cost,pyvrp,0.14.0,42,40000,394e2059a0b4f9bd26be2a162b6105bef55fcdc40da0d4c2ec1fbc8c32058a9f,official_evrptwgr,[]
r107_50_21_NL__v3,r107_50_21_NL,r107,Large_Network/50_Customers/Nearly_Level/r107_50_21_NL.txt,Large_Network,NL,3,8,6,2117.0,96.301,685.351,9183101,55783957.0,True,True,unverified,r107_50_21_NL,False,unrestricted_fleet_with_fixed_cost,pyvrp,0.14.0,42,40000,394e2059a0b4f9bd26be2a162b6105bef55fcdc40da0d4c2ec1fbc8c32058a9f,official_evrptwgr,[]
r107_50_21_NL__v4,r107_50_21_NL,r107,Large_Network/50_Customers/Nearly_Level/r107_50_21_NL.txt,Large_Network,NL,4,8,6,1660.75,110.395,685.351,9183101,55783957.0,True,True,unverified,r107_50_21_NL,False,unrestricted_fleet_with_fixed_cost,pyvrp,0.14.0,42,40000,394e2059a0b4f9bd26be2a162b6105bef55fcdc40da0d4c2ec1fbc8c32058a9f,official_evrptwgr,[]
r107_50_21_NL__v5,r107_50_21_NL,r107,Large_Network/50_Customers/Nearly_Level/r107_50_21_NL.txt,Large_Network,NL,5,8,6,1679.0,110.246,685.351,9183101,55783957.0,True,True,unverified,r107_50_21_NL,False,unrestricted_fleet_with_fixed_cost,pyvrp,0.14.0,42,40000,394e2059a0b4f9bd26be2a162b6105bef55fcdc40da0d4c2ec1fbc8c32058a9f,official_evrptwgr,[]
c101C25_NL__v0,c101C25_NL,c101,Medium_Network/25_Customers/Nearly_Level/c101C25_NL.txt,Medium_Network,NL,0,4,5,730.0,71.486,621.473,4530201,23272478.0,True,True,unverified,c101C25_NL,False,unrestricted_fleet_with_fixed_cost,pyvrp,0.14.0,42,20000,394e2059a0b4f9bd26be2a162b6105bef55fcdc40da0d4c2ec1fbc8c32058a9f,official_evrptwgr,[]
c101C25_NL__v1,c101C25_NL,c101,Medium_Network/25_Customers/Nearly_Level/c101C25_NL.txt,Medium_Network,NL,1,5,5,1460.0,112.631,621.473,4530201,23272478.0,True,True,unverified,c101C25_NL,False,unrestricted_fleet_with_fixed_cost,pyvrp,0.14.0,42,20000,394e2059a0b4f9bd26be2a162b6105bef55fcdc40da0d4c2ec1fbc8c32058a9f,official_evrptwgr,[]
c101C25_NL__v2,c101C25_NL,c101,Medium_Network/25_Customers/Nearly_Level/c101C25_NL.txt,Medium_Network,NL,2,5,5,2372.5,190.17,621.473,4530201,23272478.0,True,True,unverified,c101C25_NL,False,unrestricted_fleet_with_fixed_cost,pyvrp,0.14.0,42,20000,394e2059a0b4f9bd26be2a162b6105bef55fcdc40da0d4c2ec1fbc8c32058a9f,official_evrptwgr,[]
c101C25_NL__v3,c101C25_NL,c101,Medium_Network/25_Customers/Nearly_Level/c101C25_NL.txt,Medium_Network,NL,3,6,5,2372.5,121.796,621.473,4530201,23272478.0,True,True,unverified,c101C25_NL,False,unrestricted_fleet_with_fixed_cost,pyvrp,0.14.0,42,20000,394e2059a0b4f9bd26be2a162b6105bef55fcdc40da0d4c2ec1fbc8c32058a9f,official_evrptwgr,[]
c101C25_NL__v4,c101C25_NL,c101,Medium_Network/25_Customers/Nearly_Level/c101C25_NL.txt,Medium_Network,NL,4,5,5,1825.0,125.39,621.473,4530201,23272478.0,True,True,unverified,c101C25_NL,False,unrestricted_fleet_with_fixed_cost,pyvrp,0.14.0,42,20000,394e2059a0b4f9bd26be2a162b6105bef55fcdc40da0d4c2ec1fbc8c32058a9f,official_evrptwgr,[]
c102C25_NL__v0,c102C25_NL,c102,Medium_Network/25_Customers/Nearly_Level/c102C25_NL.txt,Medium_Network,NL,0,9,3,3102.5,217.958,550.976,4506951,14071829.0,True,True,unverified,c102C25_NL,False,unrestricted_fleet_with_fixed_cost,pyvrp,0.14.0,42,20000,394e2059a0b4f9bd26be2a162b6105bef55fcdc40da0d4c2ec1fbc8c32058a9f,official_evrptwgr,[]
c102C25_NL__v1,c102C25_NL,c102,Medium_Network/25_Customers/Nearly_Level/c102C25_NL.txt,Medium_Network,NL,1,8,3,2372.5,152.346,550.976,4506951,14071829.0,True,True,unverified,c102C25_NL,False,unrestricted_fleet_with_fixed_cost,pyvrp,0.14.0,42,20000,394e2059a0b4f9bd26be2a162b6105bef55fcdc40da0d4c2ec1fbc8c32058a9f,official_evrptwgr,[]
c102C25_NL__v2,c102C25_NL,c102,Medium_Network/25_Customers/Nearly_Level/c102C25_NL.txt,Medium_Network,NL,2,8,3,3102.5,180.672,550.976,4506951,14071829.0,True,True,unverified,c102C25_NL,False,unrestricted_fleet_with_fixed_cost,pyvrp,0.14.0,42,20000,394e2059a0b4f9bd26be2a162b6105bef55fcdc40da0d4c2ec1fbc8c32058a9f,official_evrptwgr,[]
c104C25_NL__v0,c104C25_NL,c104,Medium_Network/25_Customers/Nearly_Level/c104C25_NL.txt,Medium_Network,NL,0,8,3,3285.0,107.48,370.635,4459251,13748388.0,True,True,unverified,c104C25_NL,False,unrestricted_fleet_with_fixed_cost,pyvrp,0.14.0,42,20000,394e2059a0b4f9bd26be2a162b6105bef55fcdc40da0d4c2ec1fbc8c32058a9f,official_evrptwgr,[]
c104C25_NL__v1,c104C25_NL,c104,Medium_Network/25_Customers/Nearly_Level/c104C25_NL.txt,Medium_Network,NL,1,9,3,2737.5,137.883,370.635,4459251,13748388.0,True,True,unverified,c104C25_NL,False,unrestricted_fleet_with_fixed_cost,pyvrp,0.14.0,42,20000,394e2059a0b4f9bd26be2a162b6105bef55fcdc40da0d4c2ec1fbc8c32058a9f,official_evrptwgr,[]
c104C25_NL__v2,c104C25_NL,c104,Medium_Network/25_Customers/Nearly_Level/c104C25_NL.txt,Medium_Network,NL,2,8,3,2555.0,125.272,370.635,4459251,13748388.0,True,True,unverified,c104C25_NL,False,unrestricted_fleet_with_fixed_cost,pyvrp,0.14.0,42,20000,394e2059a0b4f9bd26be2a162b6105bef55fcdc40da0d4c2ec1fbc8c32058a9f,official_evrptwgr,[]
c108C25_NL__v0,c108C25_NL,c108,Medium_Network/25_Customers/Nearly_Level/c108C25_NL.txt,Medium_Network,NL,0,6,3,1642.5,162.098,464.677,4776251,14793430.0,True,True,unverified,c108C25_NL,False,unrestricted_fleet_with_fixed_cost,pyvrp,0.14.0,42,20000,394e2059a0b4f9bd26be2a162b6105bef55fcdc40da0d4c2ec1fbc8c32058a9f,official_evrptwgr,[]
c108C25_NL__v1,c108C25_NL,c108,Medium_Network/25_Customers/Nearly_Level/c108C25_NL.txt,Medium_Network,NL,1,9,3,2555.0,106.275,464.677,4776251,14793430.0,True,True,unverified,c108C25_NL,False,unrestricted_fleet_with_fixed_cost,pyvrp,0.14.0,42,20000,394e2059a0b4f9bd26be2a162b6105bef55fcdc40da0d4c2ec1fbc8c32058a9f,official_evrptwgr,[]
c108C25_NL__v2,c108C25_NL,c108,Medium_Network/25_Customers/Nearly_Level/c108C25_NL.txt,Medium_Network,NL,2,10,3,2920.0,196.304,464.677,4776251,14793430.0,True,True,unverified,c108C25_NL,False,unrestricted_fleet_with_fixed_cost,pyvrp,0.14.0,42,20000,394e2059a0b4f9bd26be2a162b6105bef55fcdc40da0d4c2ec1fbc8c32058a9f,official_evrptwgr,[]
r102C25_NL__v0,r102C25_NL,r102,Medium_Network/25_Customers/Nearly_Level/r102C25_NL.txt,Medium_Network,NL,0,5,7,1058.5,107.528,568.496,3429651,24576053.0,True,True,unverified,r102C25_NL,False,unrestricted_fleet_with_fixed_cost,pyvrp,0.14.0,42,20000,394e2059a0b4f9bd26be2a162b6105bef55fcdc40da0d4c2ec1fbc8c32058a9f,official_evrptwgr,[]
r102C25_NL__v1,r102C25_NL,r102,Medium_Network/25_Customers/Nearly_Level/r102C25_NL.txt,Medium_Network,NL,1,3,7,748.25,84.849,568.496,3429651,24576053.0,True,True,unverified,r102C25_NL,False,unrestricted_fleet_with_fixed_cost,pyvrp,0.14.0,42,20000,394e2059a0b4f9bd26be2a162b6105bef55fcdc40da0d4c2ec1fbc8c32058a9f,official_evrptwgr,[]
r102C25_NL__v2,r102C25_NL,r102,Medium_Network/25_Customers/Nearly_Level/r102C25_NL.txt,Medium_Network,NL,2,3,7,1131.5,35.028,568.496,3429651,24576053.0,True,True,unverified,r102C25_NL,False,unrestricted_fleet_with_fixed_cost,pyvrp,0.14.0,42,20000,394e2059a0b4f9bd26be2a162b6105bef55fcdc40da0d4c2ec1fbc8c32058a9f,official_evrptwgr,[]
r102C25_NL__v3,r102C25_NL,r102,Medium_Network/25_Customers/Nearly_Level/r102C25_NL.txt,Medium_Network,NL,3,4,7,1204.5,75.779,568.496,3429651,24576053.0,True,True,unverified,r102C25_NL,False,unrestricted_fleet_with_fixed_cost,pyvrp,0.14.0,42,20000,394e2059a0b4f9bd26be2a162b6105bef55fcdc40da0d4c2ec1fbc8c32058a9f,official_evrptwgr,[]
r102C25_NL__v4,r102C25_NL,r102,Medium_Network/25_Customers/Nearly_Level/r102C25_NL.txt,Medium_Network,NL,4,3,7,839.5,74.206,568.496,3429651,24576053.0,True,True,unverified,r102C25_NL,False,unrestricted_fleet_with_fixed_cost,pyvrp,0.14.0,42,20000,394e2059a0b4f9bd26be2a162b6105bef55fcdc40da0d4c2ec1fbc8c32058a9f,official_evrptwgr,[]
r102C25_NL__v5,r102C25_NL,r102,Medium_Network/25_Customers/Nearly_Level/r102C25_NL.txt,Medium_Network,NL,5,3,7,1022.0,107.424,568.496,3429651,24576053.0,True,True,unverified,r102C25_NL,False,unrestricted_fleet_with_fixed_cost,pyvrp,0.14.0,42,20000,394e2059a0b4f9bd26be2a162b6105bef55fcdc40da0d4c2ec1fbc8c32058a9f,official_evrptwgr,[]
r102C25_NL__v6,r102C25_NL,r102,Medium_Network/25_Customers/Nearly_Level/r102C25_NL.txt,Medium_Network,NL,6,4,7,401.5,83.682,568.496,3429651,24576053.0,True,True,unverified,r102C25_NL,False,unrestricted_fleet_with_fixed_cost,pyvrp,0.14.0,42,20000,394e2059a0b4f9bd26be2a162b6105bef55fcdc40da0d4c2ec1fbc8c32058a9f,official_evrptwgr,[]
r104C25_NL__v0,r104C25_NL,r104,Medium_Network/25_Customers/Nearly_Level/r104C25_NL.txt,Medium_Network,NL,0,9,3,2682.75,104.031,356.482,3271851,10172035.0,True,True,unverified,r104C25_NL,False,unrestricted_fleet_with_fixed_cost,pyvrp,0.14.0,42,20000,394e2059a0b4f9bd26be2a162b6105bef55fcdc40da0d4c2ec1fbc8c32058a9f,official_evrptwgr,[]
r104C25_NL__v1,r104C25_NL,r104,Medium_Network/25_Customers/Nearly_Level/r104C25_NL.txt,Medium_Network,NL,1,7,3,1441.75,138.571,356.482,3271851,10172035.0,True,True,unverified,r104C25_NL,False,unrestricted_fleet_with_fixed_cost,pyvrp,0.14.0,42,20000,394e2059a0b4f9bd26be2a162b6105bef55fcdc40da0d4c2ec1fbc8c32058a9f,official_evrptwgr,[]
r104C25_NL__v2,r104C25_NL,r104,Medium_Network/25_Customers/Nearly_Level/r104C25_NL.txt,Medium_Network,NL,2,9,3,2482.0,113.88,356.482,3271851,10172035.0,True,True,unverified,r104C25_NL,False,unrestricted_fleet_with_fixed_cost,pyvrp,0.14.0,42,20000,394e2059a0b4f9bd26be2a162b6105bef55fcdc40da0d4c2ec1fbc8c32058a9f,official_evrptwgr,[]
r107C25_NL__v0,r107C25_NL,r107,Medium_Network/25_Customers/Nearly_Level/r107C25_NL.txt,Medium_Network,NL,0,7,4,1697.25,108.175,443.07,4136751,16990074.0,True,True,unverified,r107C25_NL,False,unrestricted_fleet_with_fixed_cost,pyvrp,0.14.0,42,20000,394e2059a0b4f9bd26be2a162b6105bef55fcdc40da0d4c2ec1fbc8c32058a9f,official_evrptwgr,[]
r107C25_NL__v1,r107C25_NL,r107,Medium_Network/25_Customers/Nearly_Level/r107C25_NL.txt,Medium_Network,NL,1,7,4,1478.25,119.065,443.07,4136751,16990074.0,True,True,unverified,r107C25_NL,False,unrestricted_fleet_with_fixed_cost,pyvrp,0.14.0,42,20000,394e2059a0b4f9bd26be2a162b6105bef55fcdc40da0d4c2ec1fbc8c32058a9f,official_evrptwgr,[]
r107C25_NL__v2,r107C25_NL,r107,Medium_Network/25_Customers/Nearly_Level/r107C25_NL.txt,Medium_Network,NL,2,7,4,1916.25,123.97,443.07,4136751,16990074.0,True,True,unverified,r107C25_NL,False,unrestricted_fleet_with_fixed_cost,pyvrp,0.14.0,42,20000,394e2059a0b4f9bd26be2a162b6105bef55fcdc40da0d4c2ec1fbc8c32058a9f,official_evrptwgr,[]
r107C25_NL__v3,r107C25_NL,r107,Medium_Network/25_Customers/Nearly_Level/r107C25_NL.txt,Medium_Network,NL,3,4,4,1587.75,91.86,443.07,4136751,16990074.0,True,True,unverified,r107C25_NL,False,unrestricted_fleet_with_fixed_cost,pyvrp,0.14.0,42,20000,394e2059a0b4f9bd26be2a162b6105bef55fcdc40da0d4c2ec1fbc8c32058a9f,official_evrptwgr,[]
r110C25_NL__v0,r110C25_NL,r110,Medium_Network/25_Customers/Nearly_Level/r110C25_NL.txt,Medium_Network,NL,0,10,4,2281.25,99.686,416.699,3802951,15628503.0,True,True,unverified,r110C25_NL,False,unrestricted_fleet_with_fixed_cost,pyvrp,0.14.0,42,20000,394e2059a0b4f9bd26be2a162b6105bef55fcdc40da0d4c2ec1fbc8c32058a9f,official_evrptwgr,[]
r110C25_NL__v1,r110C25_NL,r110,Medium_Network/25_Customers/Nearly_Level/r110C25_NL.txt,Medium_Network,NL,1,4,4,949.0,82.212,416.699,3802951,15628503.0,True,True,unverified,r110C25_NL,False,unrestricted_fleet_with_fixed_cost,pyvrp,0.14.0,42,20000,394e2059a0b4f9bd26be2a162b6105bef55fcdc40da0d4c2ec1fbc8c32058a9f,official_evrptwgr,[]
r110C25_NL__v2,r110C25_NL,r110,Medium_Network/25_Customers/Nearly_Level/r110C25_NL.txt,Medium_Network,NL,2,6,4,1934.5,118.417,416.699,3802951,15628503.0,True,True,unverified,r110C25_NL,False,unrestricted_fleet_with_fixed_cost,pyvrp,0.14.0,42,20000,394e2059a0b4f9bd26be2a162b6105bef55fcdc40da0d4c2ec1fbc8c32058a9f,official_evrptwgr,[]
r110C25_NL__v3,r110C25_NL,r110,Medium_Network/25_Customers/Nearly_Level/r110C25_NL.txt,Medium_Network,NL,3,5,4,1697.25,116.384,416.699,3802951,15628503.0,True,True,unverified,r110C25_NL,False,unrestricted_fleet_with_fixed_cost,pyvrp,0.14.0,42,20000,394e2059a0b4f9bd26be2a162b6105bef55fcdc40da0d4c2ec1fbc8c32058a9f,official_evrptwgr,[]
rc101C25_NL__v0,rc101C25_NL,rc101,Medium_Network/25_Customers/Nearly_Level/rc101C25_NL.txt,Medium_Network,NL,0,3,5,803.0,144.902,670.302,4563151,23486057.0,True,True,unverified,rc101C25_NL,False,unrestricted_fleet_with_fixed_cost,pyvrp,0.14.0,42,20000,394e2059a0b4f9bd26be2a162b6105bef55fcdc40da0d4c2ec1fbc8c32058a9f,official_evrptwgr,[]
rc101C25_NL__v1,rc101C25_NL,rc101,Medium_Network/25_Customers/Nearly_Level/rc101C25_NL.txt,Medium_Network,NL,1,5,5,1624.25,159.673,670.302,4563151,23486057.0,True,True,unverified,rc101C25_NL,False,unrestricted_fleet_with_fixed_cost,pyvrp,0.14.0,42,20000,394e2059a0b4f9bd26be2a162b6105bef55fcdc40da0d4c2ec1fbc8c32058a9f,official_evrptwgr,[]
rc101C25_NL__v2,rc101C25_NL,rc101,Medium_Network/25_Customers/Nearly_Level/rc101C25_NL.txt,Medium_Network,NL,2,4,5,1496.5,111.98,670.302,4563151,23486057.0,True,True,unverified,rc101C25_NL,False,unrestricted_fleet_with_fixed_cost,pyvrp,0.14.0,42,20000,394e2059a0b4f9bd26be2a162b6105bef55fcdc40da0d4c2ec1fbc8c32058a9f,official_evrptwgr,[]
rc101C25_NL__v3,rc101C25_NL,rc101,Medium_Network/25_Customers/Nearly_Level/rc101C25_NL.txt,Medium_Network,NL,3,7,5,2463.75,138.442,670.302,4563151,23486057.0,True,True,unverified,rc101C25_NL,False,unrestricted_fleet_with_fixed_cost,pyvrp,0.14.0,42,20000,394e2059a0b4f9bd26be2a162b6105bef55fcdc40da0d4c2ec1fbc8c32058a9f,official_evrptwgr,[]
rc101C25_NL__v4,rc101C25_NL,rc101,Medium_Network/25_Customers/Nearly_Level/rc101C25_NL.txt,Medium_Network,NL,4,6,5,1825.0,115.305,670.302,4563151,23486057.0,True,True,unverified,rc101C25_NL,False,unrestricted_fleet_with_fixed_cost,pyvrp,0.14.0,42,20000,394e2059a0b4f9bd26be2a162b6105bef55fcdc40da0d4c2ec1fbc8c32058a9f,official_evrptwgr,[]
rc103C25_NL__v0,rc103C25_NL,rc103,Medium_Network/25_Customers/Nearly_Level/rc103C25_NL.txt,Medium_Network,NL,0,10,4,3339.75,130.784,507.212,4676801,19214416.0,True,True,unverified,rc103C25_NL,False,unrestricted_fleet_with_fixed_cost,pyvrp,0.14.0,42,20000,394e2059a0b4f9bd26be2a162b6105bef55fcdc40da0d4c2ec1fbc8c32058a9f,official_evrptwgr,[]
rc103C25_NL__v1,rc103C25_NL,rc103,Medium_Network/25_Customers/Nearly_Level/rc103C25_NL.txt,Medium_Network,NL,1,5,4,1149.75,111.006,507.212,4676801,19214416.0,True,True,unverified,rc103C25_NL,False,unrestricted_fleet_with_fixed_cost,pyvrp,0.14.0,42,20000,394e2059a0b4f9bd26be2a162b6105bef55fcdc40da0d4c2ec1fbc8c32058a9f,official_evrptwgr,[]
rc103C25_NL__v2,rc103C25_NL,rc103,Medium_Network/25_Customers/Nearly_Level/rc103C25_NL.txt,Medium_Network,NL,2,6,4,1204.5,141.875,507.212,4676801,19214416.0,True,True,unverified,rc103C25_NL,False,unrestricted_fleet_with_fixed_cost,pyvrp,0.14.0,42,20000,394e2059a0b4f9bd26be2a162b6105bef55fcdc40da0d4c2ec1fbc8c32058a9f,official_evrptwgr,[]
rc103C25_NL__v3,rc103C25_NL,rc103,Medium_Network/25_Customers/Nearly_Level/rc103C25_NL.txt,Medium_Network,NL,3,4,4,1460.0,123.547,507.212,4676801,19214416.0,True,True,unverified,rc103C25_NL,False,unrestricted_fleet_with_fixed_cost,pyvrp,0.14.0,42,20000,394e2059a0b4f9bd26be2a162b6105bef55fcdc40da0d4c2ec1fbc8c32058a9f,official_evrptwgr,[]
rc104C25_NL__v0,rc104C25_NL,rc104,Medium_Network/25_Customers/Nearly_Level/rc104C25_NL.txt,Medium_Network,NL,0,5,4,2062.25,120.892,438.352,4271401,17523956.0,True,True,unverified,rc104C25_NL,False,unrestricted_fleet_with_fixed_cost,pyvrp,0.14.0,42,20000,394e2059a0b4f9bd26be2a162b6105bef55fcdc40da0d4c2ec1fbc8c32058a9f,official_evrptwgr,[]
rc104C25_NL__v1,rc104C25_NL,rc104,Medium_Network/25_Customers/Nearly_Level/rc104C25_NL.txt,Medium_Network,NL,1,8,4,2792.25,138.088,438.352,4271401,17523956.0,True,True,unverified,rc104C25_NL,False,unrestricted_fleet_with_fixed_cost,pyvrp,0.14.0,42,20000,394e2059a0b4f9bd26be2a162b6105bef55fcdc40da0d4c2ec1fbc8c32058a9f,official_evrptwgr,[]
rc104C25_NL__v2,rc104C25_NL,rc104,Medium_Network/25_Customers/Nearly_Level/rc104C25_NL.txt,Medium_Network,NL,2,6,4,2317.75,88.32,438.352,4271401,17523956.0,True,True,unverified,rc104C25_NL,False,unrestricted_fleet_with_fixed_cost,pyvrp,0.14.0,42,20000,394e2059a0b4f9bd26be2a162b6105bef55fcdc40da0d4c2ec1fbc8c32058a9f,official_evrptwgr,[]
rc104C25_NL__v3,rc104C25_NL,rc104,Medium_Network/25_Customers/Nearly_Level/rc104C25_NL.txt,Medium_Network,NL,3,6,4,1204.5,91.052,438.352,4271401,17523956.0,True,True,unverified,rc104C25_NL,False,unrestricted_fleet_with_fixed_cost,pyvrp,0.14.0,42,20000,394e2059a0b4f9bd26be2a162b6105bef55fcdc40da0d4c2ec1fbc8c32058a9f,official_evrptwgr,[]
rc106C25_NL__v0,rc106C25_NL,rc106,Medium_Network/25_Customers/Nearly_Level/rc106C25_NL.txt,Medium_Network,NL,0,6,5,1496.5,119.883,595.297,4652951,23860052.0,True,True,unverified,rc106C25_NL,False,unrestricted_fleet_with_fixed_cost,pyvrp,0.14.0,42,20000,394e2059a0b4f9bd26be2a162b6105bef55fcdc40da0d4c2ec1fbc8c32058a9f,official_evrptwgr,[]
rc106C25_NL__v1,rc106C25_NL,rc106,Medium_Network/25_Customers/Nearly_Level/rc106C25_NL.txt,Medium_Network,NL,1,5,5,1314.0,113.175,595.297,4652951,23860052.0,True,True,unverified,rc106C25_NL,False,unrestricted_fleet_with_fixed_cost,pyvrp,0.14.0,42,20000,394e2059a0b4f9bd26be2a162b6105bef55fcdc40da0d4c2ec1fbc8c32058a9f,official_evrptwgr,[]
rc106C25_NL__v2,rc106C25_NL,rc106,Medium_Network/25_Customers/Nearly_Level/rc106C25_NL.txt,Medium_Network,NL,2,5,5,1606.0,112.3,595.297,4652951,23860052.0,True,True,unverified,rc106C25_NL,False,unrestricted_fleet_with_fixed_cost,pyvrp,0.14.0,42,20000,394e2059a0b4f9bd26be2a162b6105bef55fcdc40da0d4c2ec1fbc8c32058a9f,official_evrptwgr,[]
rc106C25_NL__v3,rc106C25_NL,rc106,Medium_Network/25_Customers/Nearly_Level/rc106C25_NL.txt,Medium_Network,NL,3,4,5,1460.0,130.121,595.297,4652951,23860052.0,True,True,unverified,rc106C25_NL,False,unrestricted_fleet_with_fixed_cost,pyvrp,0.14.0,42,20000,394e2059a0b4f9bd26be2a162b6105bef55fcdc40da0d4c2ec1fbc8c32058a9f,official_evrptwgr,[]
rc106C25_NL__v4,rc106C25_NL,rc106,Medium_Network/25_Customers/Nearly_Level/rc106C25_NL.txt,Medium_Network,NL,4,5,5,1660.75,119.818,595.297,4652951,23860052.0,True,True,unverified,rc106C25_NL,False,unrestricted_fleet_with_fixed_cost,pyvrp,0.14.0,42,20000,394e2059a0b4f9bd26be2a162b6105bef55fcdc40da0d4c2ec1fbc8c32058a9f,official_evrptwgr,[]
c101C10_L__v0,c101C10_L,c101,Small_Network/10_Customers/Level/c101C10_L.txt,Small_Network,L,0,3,3,1460.0,173.211,366.333,1543501,4996836.0,True,True,unverified,c101C10_L,False,unrestricted_fleet_with_fixed_cost,pyvrp,0.14.0,42,10000,394e2059a0b4f9bd26be2a162b6105bef55fcdc40da0d4c2ec1fbc8c32058a9f,official_evrptwgr,[]
c101C10_L__v1,c101C10_L,c101,Small_Network/10_Customers/Level/c101C10_L.txt,Small_Network,L,1,3,3,912.5,93.952,366.333,1543501,4996836.0,True,True,unverified,c101C10_L,False,unrestricted_fleet_with_fixed_cost,pyvrp,0.14.0,42,10000,394e2059a0b4f9bd26be2a162b6105bef55fcdc40da0d4c2ec1fbc8c32058a9f,official_evrptwgr,[]
c101C10_L__v2,c101C10_L,c101,Small_Network/10_Customers/Level/c101C10_L.txt,Small_Network,L,2,4,3,1277.5,99.17,366.333,1543501,4996836.0,True,True,unverified,c101C10_L,False,unrestricted_fleet_with_fixed_cost,pyvrp,0.14.0,42,10000,394e2059a0b4f9bd26be2a162b6105bef55fcdc40da0d4c2ec1fbc8c32058a9f,official_evrptwgr,[]
c101C10_NL__v0,c101C10_NL,c101,Small_Network/10_Customers/Nearly_Level/c101C10_NL.txt,Small_Network,NL,0,3,3,1460.0,173.211,366.333,1543501,4996836.0,True,True,unverified,c101C10_L,True,unrestricted_fleet_with_fixed_cost,pyvrp,0.14.0,42,10000,394e2059a0b4f9bd26be2a162b6105bef55fcdc40da0d4c2ec1fbc8c32058a9f,official_evrptwgr,[]
c101C10_NL__v1,c101C10_NL,c101,Small_Network/10_Customers/Nearly_Level/c101C10_NL.txt,Small_Network,NL,1,3,3,912.5,93.952,366.333,1543501,4996836.0,True,True,unverified,c101C10_L,True,unrestricted_fleet_with_fixed_cost,pyvrp,0.14.0,42,10000,394e2059a0b4f9bd26be2a162b6105bef55fcdc40da0d4c2ec1fbc8c32058a9f,official_evrptwgr,[]
c101C10_NL__v2,c101C10_NL,c101,Small_Network/10_Customers/Nearly_Level/c101C10_NL.txt,Small_Network,NL,2,4,3,1277.5,99.17,366.333,1543501,4996836.0,True,True,unverified,c101C10_L,True,unrestricted_fleet_with_fixed_cost,pyvrp,0.14.0,42,10000,394e2059a0b4f9bd26be2a162b6105bef55fcdc40da0d4c2ec1fbc8c32058a9f,official_evrptwgr,[]
c101C10_VG__v0,c101C10_VG,c101,Small_Network/10_Customers/Very_Gentle/c101C10_VG.txt,Small_Network,VG,0,3,3,1460.0,173.211,366.333,1543501,4996836.0,True,True,unverified,c101C10_L,True,unrestricted_fleet_with_fixed_cost,pyvrp,0.14.0,42,10000,394e2059a0b4f9bd26be2a162b6105bef55fcdc40da0d4c2ec1fbc8c32058a9f,official_evrptwgr,[]
c101C10_VG__v1,c101C10_VG,c101,Small_Network/10_Customers/Very_Gentle/c101C10_VG.txt,Small_Network,VG,1,3,3,912.5,93.952,366.333,1543501,4996836.0,True,True,unverified,c101C10_L,True,unrestricted_fleet_with_fixed_cost,pyvrp,0.14.0,42,10000,394e2059a0b4f9bd26be2a162b6105bef55fcdc40da0d4c2ec1fbc8c32058a9f,official_evrptwgr,[]
c101C10_VG__v2,c101C10_VG,c101,Small_Network/10_Customers/Very_Gentle/c101C10_VG.txt,Small_Network,VG,2,4,3,1277.5,99.17,366.333,1543501,4996836.0,True,True,unverified,c101C10_L,True,unrestricted_fleet_with_fixed_cost,pyvrp,0.14.0,42,10000,394e2059a0b4f9bd26be2a162b6105bef55fcdc40da0d4c2ec1fbc8c32058a9f,official_evrptwgr,[]
c104C10_L__v0,c104C10_L,c104,Small_Network/10_Customers/Level/c104C10_L.txt,Small_Network,L,0,10,1,3285.0,234.219,234.219,1591101,1825320.0,True,True,unverified,c104C10_L,False,unrestricted_fleet_with_fixed_cost,pyvrp,0.14.0,42,10000,394e2059a0b4f9bd26be2a162b6105bef55fcdc40da0d4c2ec1fbc8c32058a9f,official_evrptwgr,[]
c104C10_NL__v0,c104C10_NL,c104,Small_Network/10_Customers/Nearly_Level/c104C10_NL.txt,Small_Network,NL,0,10,1,3285.0,234.219,234.219,1591101,1825320.0,True,True,unverified,c104C10_L,True,unrestricted_fleet_with_fixed_cost,pyvrp,0.14.0,42,10000,394e2059a0b4f9bd26be2a162b6105bef55fcdc40da0d4c2ec1fbc8c32058a9f,official_evrptwgr,[]
c104C10_VG__v0,c104C10_VG,c104,Small_Network/10_Customers/Very_Gentle/c104C10_VG.txt,Small_Network,VG,0,10,1,3285.0,234.219,234.219,1591101,1825320.0,True,True,unverified,c104C10_L,True,unrestricted_fleet_with_fixed_cost,pyvrp,0.14.0,42,10000,394e2059a0b4f9bd26be2a162b6105bef55fcdc40da0d4c2ec1fbc8c32058a9f,official_evrptwgr,[]
c202C10_L__v0,c202C10_L,c202,Small_Network/10_Customers/Level/c202C10_L.txt,Small_Network,L,0,10,1,1147.142857142857,282.439,282.439,1445541,1727980.0,True,True,unverified,c202C10_L,False,unrestricted_fleet_with_fixed_cost,pyvrp,0.14.0,42,10000,394e2059a0b4f9bd26be2a162b6105bef55fcdc40da0d4c2ec1fbc8c32058a9f,official_evrptwgr,[]
c202C10_NL__v0,c202C10_NL,c202,Small_Network/10_Customers/Nearly_Level/c202C10_NL.txt,Small_Network,NL,0,10,1,1147.142857142857,282.439,282.439,1445541,1727980.0,True,True,unverified,c202C10_L,True,unrestricted_fleet_with_fixed_cost,pyvrp,0.14.0,42,10000,394e2059a0b4f9bd26be2a162b6105bef55fcdc40da0d4c2ec1fbc8c32058a9f,official_evrptwgr,[]
c202C10_VG__v0,c202C10_VG,c202,Small_Network/10_Customers/Very_Gentle/c202C10_VG.txt,Small_Network,VG,0,10,1,1147.142857142857,282.439,282.439,1445541,1727980.0,True,True,unverified,c202C10_L,True,unrestricted_fleet_with_fixed_cost,pyvrp,0.14.0,42,10000,394e2059a0b4f9bd26be2a162b6105bef55fcdc40da0d4c2ec1fbc8c32058a9f,official_evrptwgr,[]
c205C10_L__v0,c205C10_L,c205,Small_Network/10_Customers/Level/c205C10_L.txt,Small_Network,L,0,10,1,938.5714285714286,271.3,271.3,1652761,1924061.0,True,True,unverified,c205C10_L,False,unrestricted_fleet_with_fixed_cost,pyvrp,0.14.0,42,10000,394e2059a0b4f9bd26be2a162b6105bef55fcdc40da0d4c2ec1fbc8c32058a9f,official_evrptwgr,[]
c205C10_NL__v0,c205C10_NL,c205,Small_Network/10_Customers/Nearly_Level/c205C10_NL.txt,Small_Network,NL,0,10,1,938.5714285714286,271.3,271.3,1652761,1924061.0,True,True,unverified,c205C10_L,True,unrestricted_fleet_with_fixed_cost,pyvrp,0.14.0,42,10000,394e2059a0b4f9bd26be2a162b6105bef55fcdc40da0d4c2ec1fbc8c32058a9f,official_evrptwgr,[]
c205C10_VG__v0,c205C10_VG,c205,Small_Network/10_Customers/Very_Gentle/c205C10_VG.txt,Small_Network,VG,0,10,1,938.5714285714286,271.3,271.3,1652761,1924061.0,True,True,unverified,c205C10_L,True,unrestricted_fleet_with_fixed_cost,pyvrp,0.14.0,42,10000,394e2059a0b4f9bd26be2a162b6105bef55fcdc40da0d4c2ec1fbc8c32058a9f,official_evrptwgr,[]
r102C10_L__v0,r102C10_L,r102,Small_Network/10_Customers/Level/r102C10_L.txt,Small_Network,L,0,5,3,1788.5,118.252,241.143,1278121,4075506.0,True,True,unverified,r102C10_L,False,unrestricted_fleet_with_fixed_cost,pyvrp,0.14.0,42,10000,394e2059a0b4f9bd26be2a162b6105bef55fcdc40da0d4c2ec1fbc8c32058a9f,official_evrptwgr,[]
r102C10_L__v1,r102C10_L,r102,Small_Network/10_Customers/Level/r102C10_L.txt,Small_Network,L,1,2,3,219.0,44.065,241.143,1278121,4075506.0,True,True,unverified,r102C10_L,False,unrestricted_fleet_with_fixed_cost,pyvrp,0.14.0,42,10000,394e2059a0b4f9bd26be2a162b6105bef55fcdc40da0d4c2ec1fbc8c32058a9f,official_evrptwgr,[]
r102C10_L__v2,r102C10_L,r102,Small_Network/10_Customers/Level/r102C10_L.txt,Small_Network,L,2,3,3,821.25,78.826,241.143,1278121,4075506.0,True,True,unverified,r102C10_L,False,unrestricted_fleet_with_fixed_cost,pyvrp,0.14.0,42,10000,394e2059a0b4f9bd26be2a162b6105bef55fcdc40da0d4c2ec1fbc8c32058a9f,official_evrptwgr,[]
r102C10_NL__v0,r102C10_NL,r102,Small_Network/10_Customers/Nearly_Level/r102C10_NL.txt,Small_Network,NL,0,5,3,1788.5,118.252,241.143,1278121,4075506.0,True,True,unverified,r102C10_L,True,unrestricted_fleet_with_fixed_cost,pyvrp,0.14.0,42,10000,394e2059a0b4f9bd26be2a162b6105bef55fcdc40da0d4c2ec1fbc8c32058a9f,official_evrptwgr,[]
r102C10_NL__v1,r102C10_NL,r102,Small_Network/10_Customers/Nearly_Level/r102C10_NL.txt,Small_Network,NL,1,2,3,219.0,44.065,241.143,1278121,4075506.0,True,True,unverified,r102C10_L,True,unrestricted_fleet_with_fixed_cost,pyvrp,0.14.0,42,10000,394e2059a0b4f9bd26be2a162b6105bef55fcdc40da0d4c2ec1fbc8c32058a9f,official_evrptwgr,[]
r102C10_NL__v2,r102C10_NL,r102,Small_Network/10_Customers/Nearly_Level/r102C10_NL.txt,Small_Network,NL,2,3,3,821.25,78.826,241.143,1278121,4075506.0,True,True,unverified,r102C10_L,True,unrestricted_fleet_with_fixed_cost,pyvrp,0.14.0,42,10000,394e2059a0b4f9bd26be2a162b6105bef55fcdc40da0d4c2ec1fbc8c32058a9f,official_evrptwgr,[]
r102C10_VG__v0,r102C10_VG,r102,Small_Network/10_Customers/Very_Gentle/r102C10_VG.txt,Small_Network,VG,0,5,3,1788.5,118.252,241.143,1278121,4075506.0,True,True,unverified,r102C10_L,True,unrestricted_fleet_with_fixed_cost,pyvrp,0.14.0,42,10000,394e2059a0b4f9bd26be2a162b6105bef55fcdc40da0d4c2ec1fbc8c32058a9f,official_evrptwgr,[]
r102C10_VG__v1,r102C10_VG,r102,Small_Network/10_Customers/Very_Gentle/r102C10_VG.txt,Small_Network,VG,1,2,3,219.0,44.065,241.143,1278121,4075506.0,True,True,unverified,r102C10_L,True,unrestricted_fleet_with_fixed_cost,pyvrp,0.14.0,42,10000,394e2059a0b4f9bd26be2a162b6105bef55fcdc40da0d4c2ec1fbc8c32058a9f,official_evrptwgr,[]
r102C10_VG__v2,r102C10_VG,r102,Small_Network/10_Customers/Very_Gentle/r102C10_VG.txt,Small_Network,VG,2,3,3,821.25,78.826,241.143,1278121,4075506.0,True,True,unverified,r102C10_L,True,unrestricted_fleet_with_fixed_cost,pyvrp,0.14.0,42,10000,394e2059a0b4f9bd26be2a162b6105bef55fcdc40da0d4c2ec1fbc8c32058a9f,official_evrptwgr,[]
r103C10_L__v0,r103C10_L,r103,Small_Network/10_Customers/Level/r103C10_L.txt,Small_Network,L,0,5,2,1405.25,120.962,188.665,1128001,2444667.0,True,True,unverified,r103C10_L,False,unrestricted_fleet_with_fixed_cost,pyvrp,0.14.0,42,10000,394e2059a0b4f9bd26be2a162b6105bef55fcdc40da0d4c2ec1fbc8c32058a9f,official_evrptwgr,[]
r103C10_L__v1,r103C10_L,r103,Small_Network/10_Customers/Level/r103C10_L.txt,Small_Network,L,1,5,2,1131.5,67.703,188.665,1128001,2444667.0,True,True,unverified,r103C10_L,False,unrestricted_fleet_with_fixed_cost,pyvrp,0.14.0,42,10000,394e2059a0b4f9bd26be2a162b6105bef55fcdc40da0d4c2ec1fbc8c32058a9f,official_evrptwgr,[]
r103C10_NL__v0,r103C10_NL,r103,Small_Network/10_Customers/Nearly_Level/r103C10_NL.txt,Small_Network,NL,0,5,2,1405.25,120.962,188.665,1128001,2444667.0,True,True,unverified,r103C10_L,True,unrestricted_fleet_with_fixed_cost,pyvrp,0.14.0,42,10000,394e2059a0b4f9bd26be2a162b6105bef55fcdc40da0d4c2ec1fbc8c32058a9f,official_evrptwgr,[]
r103C10_NL__v1,r103C10_NL,r103,Small_Network/10_Customers/Nearly_Level/r103C10_NL.txt,Small_Network,NL,1,5,2,1131.5,67.703,188.665,1128001,2444667.0,True,True,unverified,r103C10_L,True,unrestricted_fleet_with_fixed_cost,pyvrp,0.14.0,42,10000,394e2059a0b4f9bd26be2a162b6105bef55fcdc40da0d4c2ec1fbc8c32058a9f,official_evrptwgr,[]
r103C10_VG__v0,r103C10_VG,r103,Small_Network/10_Customers/Very_Gentle/r103C10_VG.txt,Small_Network,VG,0,5,2,1405.25,120.962,188.665,1128001,2444667.0,True,True,unverified,r103C10_L,True,unrestricted_fleet_with_fixed_cost,pyvrp,0.14.0,42,10000,394e2059a0b4f9bd26be2a162b6105bef55fcdc40da0d4c2ec1fbc8c32058a9f,official_evrptwgr,[]
r103C10_VG__v1,r103C10_VG,r103,Small_Network/10_Customers/Very_Gentle/r103C10_VG.txt,Small_Network,VG,1,5,2,1131.5,67.703,188.665,1128001,2444667.0,True,True,unverified,r103C10_L,True,unrestricted_fleet_with_fixed_cost,pyvrp,0.14.0,42,10000,394e2059a0b4f9bd26be2a162b6105bef55fcdc40da0d4c2ec1fbc8c32058a9f,official_evrptwgr,[]
r201C10_L__v0,r201C10_L,r201,Small_Network/10_Customers/Level/r201C10_L.txt,Small_Network,L,0,10,1,660.65,232.639,232.639,1086841,1319480.0,True,True,unverified,r201C10_L,False,unrestricted_fleet_with_fixed_cost,pyvrp,0.14.0,42,10000,394e2059a0b4f9bd26be2a162b6105bef55fcdc40da0d4c2ec1fbc8c32058a9f,official_evrptwgr,[]
r201C10_NL__v0,r201C10_NL,r201,Small_Network/10_Customers/Nearly_Level/r201C10_NL.txt,Small_Network,NL,0,10,1,660.65,232.639,232.639,1086841,1319480.0,True,True,unverified,r201C10_L,True,unrestricted_fleet_with_fixed_cost,pyvrp,0.14.0,42,10000,394e2059a0b4f9bd26be2a162b6105bef55fcdc40da0d4c2ec1fbc8c32058a9f,official_evrptwgr,[]
r201C10_VG__v0,r201C10_VG,r201,Small_Network/10_Customers/Very_Gentle/r201C10_VG.txt,Small_Network,VG,0,10,1,660.65,232.639,232.639,1086841,1319480.0,True,True,unverified,r201C10_L,True,unrestricted_fleet_with_fixed_cost,pyvrp,0.14.0,42,10000,394e2059a0b4f9bd26be2a162b6105bef55fcdc40da0d4c2ec1fbc8c32058a9f,official_evrptwgr,[]
r203C10_L__v0,r203C10_L,r203,Small_Network/10_Customers/Level/r203C10_L.txt,Small_Network,L,0,10,1,397.85,213.653,213.653,1288101,1501754.0,True,True,unverified,r203C10_L,False,unrestricted_fleet_with_fixed_cost,pyvrp,0.14.0,42,10000,394e2059a0b4f9bd26be2a162b6105bef55fcdc40da0d4c2ec1fbc8c32058a9f,official_evrptwgr,[]
r203C10_NL__v0,r203C10_NL,r203,Small_Network/10_Customers/Nearly_Level/r203C10_NL.txt,Small_Network,NL,0,10,1,397.85,213.653,213.653,1288101,1501754.0,True,True,unverified,r203C10_L,True,unrestricted_fleet_with_fixed_cost,pyvrp,0.14.0,42,10000,394e2059a0b4f9bd26be2a162b6105bef55fcdc40da0d4c2ec1fbc8c32058a9f,official_evrptwgr,[]
r203C10_VG__v0,r203C10_VG,r203,Small_Network/10_Customers/Very_Gentle/r203C10_VG.txt,Small_Network,VG,0,10,1,397.85,213.653,213.653,1288101,1501754.0,True,True,unverified,r203C10_L,True,unrestricted_fleet_with_fixed_cost,pyvrp,0.14.0,42,10000,394e2059a0b4f9bd26be2a162b6105bef55fcdc40da0d4c2ec1fbc8c32058a9f,official_evrptwgr,[]
rc102C10_L__v0,rc102C10_L,rc102,Small_Network/10_Customers/Level/rc102C10_L.txt,Small_Network,L,0,3,3,1149.75,159.114,384.749,1825261,5860532.0,True,True,unverified,rc102C10_L,False,unrestricted_fleet_with_fixed_cost,pyvrp,0.14.0,42,10000,394e2059a0b4f9bd26be2a162b6105bef55fcdc40da0d4c2ec1fbc8c32058a9f,official_evrptwgr,[]
rc102C10_L__v1,rc102C10_L,rc102,Small_Network/10_Customers/Level/rc102C10_L.txt,Small_Network,L,1,4,3,1076.75,130.15,384.749,1825261,5860532.0,True,True,unverified,rc102C10_L,False,unrestricted_fleet_with_fixed_cost,pyvrp,0.14.0,42,10000,394e2059a0b4f9bd26be2a162b6105bef55fcdc40da0d4c2ec1fbc8c32058a9f,official_evrptwgr,[]
rc102C10_L__v2,rc102C10_L,rc102,Small_Network/10_Customers/Level/rc102C10_L.txt,Small_Network,L,2,3,3,1076.75,95.485,384.749,1825261,5860532.0,True,True,unverified,rc102C10_L,False,unrestricted_fleet_with_fixed_cost,pyvrp,0.14.0,42,10000,394e2059a0b4f9bd26be2a162b6105bef55fcdc40da0d4c2ec1fbc8c32058a9f,official_evrptwgr,[]
rc102C10_NL__v0,rc102C10_NL,rc102,Small_Network/10_Customers/Nearly_Level/rc102C10_NL.txt,Small_Network,NL,0,3,3,1149.75,159.114,384.749,1825261,5860532.0,True,True,unverified,rc102C10_L,True,unrestricted_fleet_with_fixed_cost,pyvrp,0.14.0,42,10000,394e2059a0b4f9bd26be2a162b6105bef55fcdc40da0d4c2ec1fbc8c32058a9f,official_evrptwgr,[]
rc102C10_NL__v1,rc102C10_NL,rc102,Small_Network/10_Customers/Nearly_Level/rc102C10_NL.txt,Small_Network,NL,1,4,3,1076.75,130.15,384.749,1825261,5860532.0,True,True,unverified,rc102C10_L,True,unrestricted_fleet_with_fixed_cost,pyvrp,0.14.0,42,10000,394e2059a0b4f9bd26be2a162b6105bef55fcdc40da0d4c2ec1fbc8c32058a9f,official_evrptwgr,[]
rc102C10_NL__v2,rc102C10_NL,rc102,Small_Network/10_Customers/Nearly_Level/rc102C10_NL.txt,Small_Network,NL,2,3,3,1076.75,95.485,384.749,1825261,5860532.0,True,True,unverified,rc102C10_L,True,unrestricted_fleet_with_fixed_cost,pyvrp,0.14.0,42,10000,394e2059a0b4f9bd26be2a162b6105bef55fcdc40da0d4c2ec1fbc8c32058a9f,official_evrptwgr,[]
rc102C10_VG__v0,rc102C10_VG,rc102,Small_Network/10_Customers/Very_Gentle/rc102C10_VG.txt,Small_Network,VG,0,3,3,1149.75,159.114,384.749,1825261,5860532.0,True,True,unverified,rc102C10_L,True,unrestricted_fleet_with_fixed_cost,pyvrp,0.14.0,42,10000,394e2059a0b4f9bd26be2a162b6105bef55fcdc40da0d4c2ec1fbc8c32058a9f,official_evrptwgr,[]
rc102C10_VG__v1,rc102C10_VG,rc102,Small_Network/10_Customers/Very_Gentle/rc102C10_VG.txt,Small_Network,VG,1,4,3,1076.75,130.15,384.749,1825261,5860532.0,True,True,unverified,rc102C10_L,True,unrestricted_fleet_with_fixed_cost,pyvrp,0.14.0,42,10000,394e2059a0b4f9bd26be2a162b6105bef55fcdc40da0d4c2ec1fbc8c32058a9f,official_evrptwgr,[]
rc102C10_VG__v2,rc102C10_VG,rc102,Small_Network/10_Customers/Very_Gentle/rc102C10_VG.txt,Small_Network,VG,2,3,3,1076.75,95.485,384.749,1825261,5860532.0,True,True,unverified,rc102C10_L,True,unrestricted_fleet_with_fixed_cost,pyvrp,0.14.0,42,10000,394e2059a0b4f9bd26be2a162b6105bef55fcdc40da0d4c2ec1fbc8c32058a9f,official_evrptwgr,[]
rc108C10_L__v0,rc108C10_L,rc108,Small_Network/10_Customers/Level/rc108C10_L.txt,Small_Network,L,0,6,2,1277.5,167.197,329.787,1880421,4090629.0,True,True,unverified,rc108C10_L,False,unrestricted_fleet_with_fixed_cost,pyvrp,0.14.0,42,10000,394e2059a0b4f9bd26be2a162b6105bef55fcdc40da0d4c2ec1fbc8c32058a9f,official_evrptwgr,[]
rc108C10_L__v1,rc108C10_L,rc108,Small_Network/10_Customers/Level/rc108C10_L.txt,Small_Network,L,1,4,2,1387.0,162.59,329.787,1880421,4090629.0,True,True,unverified,rc108C10_L,False,unrestricted_fleet_with_fixed_cost,pyvrp,0.14.0,42,10000,394e2059a0b4f9bd26be2a162b6105bef55fcdc40da0d4c2ec1fbc8c32058a9f,official_evrptwgr,[]
rc108C10_NL__v0,rc108C10_NL,rc108,Small_Network/10_Customers/Nearly_Level/rc108C10_NL.txt,Small_Network,NL,0,6,2,1277.5,167.197,329.787,1880421,4090629.0,True,True,unverified,rc108C10_L,True,unrestricted_fleet_with_fixed_cost,pyvrp,0.14.0,42,10000,394e2059a0b4f9bd26be2a162b6105bef55fcdc40da0d4c2ec1fbc8c32058a9f,official_evrptwgr,[]
rc108C10_NL__v1,rc108C10_NL,rc108,Small_Network/10_Customers/Nearly_Level/rc108C10_NL.txt,Small_Network,NL,1,4,2,1387.0,162.59,329.787,1880421,4090629.0,True,True,unverified,rc108C10_L,True,unrestricted_fleet_with_fixed_cost,pyvrp,0.14.0,42,10000,394e2059a0b4f9bd26be2a162b6105bef55fcdc40da0d4c2ec1fbc8c32058a9f,official_evrptwgr,[]
rc108C10_VG__v0,rc108C10_VG,rc108,Small_Network/10_Customers/Very_Gentle/rc108C10_VG.txt,Small_Network,VG,0,6,2,1277.5,167.197,329.787,1880421,4090629.0,True,True,unverified,rc108C10_L,True,unrestricted_fleet_with_fixed_cost,pyvrp,0.14.0,42,10000,394e2059a0b4f9bd26be2a162b6105bef55fcdc40da0d4c2ec1fbc8c32058a9f,official_evrptwgr,[]
rc108C10_VG__v1,rc108C10_VG,rc108,Small_Network/10_Customers/Very_Gentle/rc108C10_VG.txt,Small_Network,VG,1,4,2,1387.0,162.59,329.787,1880421,4090629.0,True,True,unverified,rc108C10_L,True,unrestricted_fleet_with_fixed_cost,pyvrp,0.14.0,42,10000,394e2059a0b4f9bd26be2a162b6105bef55fcdc40da0d4c2ec1fbc8c32058a9f,official_evrptwgr,[]
rc201C10_L__v0,rc201C10_L,rc201,Small_Network/10_Customers/Level/rc201C10_L.txt,Small_Network,L,0,10,1,584.0,399.646,399.646,1431781,1831427.0,True,True,unverified,rc201C10_L,False,unrestricted_fleet_with_fixed_cost,pyvrp,0.14.0,42,10000,394e2059a0b4f9bd26be2a162b6105bef55fcdc40da0d4c2ec1fbc8c32058a9f,official_evrptwgr,[]
rc201C10_NL__v0,rc201C10_NL,rc201,Small_Network/10_Customers/Nearly_Level/rc201C10_NL.txt,Small_Network,NL,0,10,1,584.0,399.646,399.646,1431781,1831427.0,True,True,unverified,rc201C10_L,True,unrestricted_fleet_with_fixed_cost,pyvrp,0.14.0,42,10000,394e2059a0b4f9bd26be2a162b6105bef55fcdc40da0d4c2ec1fbc8c32058a9f,official_evrptwgr,[]
rc201C10_VG__v0,rc201C10_VG,rc201,Small_Network/10_Customers/Very_Gentle/rc201C10_VG.txt,Small_Network,VG,0,10,1,584.0,399.646,399.646,1431781,1831427.0,True,True,unverified,rc201C10_L,True,unrestricted_fleet_with_fixed_cost,pyvrp,0.14.0,42,10000,394e2059a0b4f9bd26be2a162b6105bef55fcdc40da0d4c2ec1fbc8c32058a9f,official_evrptwgr,[]
rc205C10_L__v0,rc205C10_L,rc205,Small_Network/10_Customers/Level/rc205C10_L.txt,Small_Network,L,0,10,1,562.1,446.056,446.056,1722901,2168957.0,True,True,unverified,rc205C10_L,False,unrestricted_fleet_with_fixed_cost,pyvrp,0.14.0,42,10000,394e2059a0b4f9bd26be2a162b6105bef55fcdc40da0d4c2ec1fbc8c32058a9f,official_evrptwgr,[]
rc205C10_NL__v0,rc205C10_NL,rc205,Small_Network/10_Customers/Nearly_Level/rc205C10_NL.txt,Small_Network,NL,0,10,1,562.1,446.056,446.056,1722901,2168957.0,True,True,unverified,rc205C10_L,True,unrestricted_fleet_with_fixed_cost,pyvrp,0.14.0,42,10000,394e2059a0b4f9bd26be2a162b6105bef55fcdc40da0d4c2ec1fbc8c32058a9f,official_evrptwgr,[]
rc205C10_VG__v0,rc205C10_VG,rc205,Small_Network/10_Customers/Very_Gentle/rc205C10_VG.txt,Small_Network,VG,0,10,1,562.1,446.056,446.056,1722901,2168957.0,True,True,unverified,rc205C10_L,True,unrestricted_fleet_with_fixed_cost,pyvrp,0.14.0,42,10000,394e2059a0b4f9bd26be2a162b6105bef55fcdc40da0d4c2ec1fbc8c32058a9f,official_evrptwgr,[]
c103C15_L__v0,c103C15_L,c103,Small_Network/15_Customers/Level/c103C15_L.txt,Small_Network,L,0,7,2,1825.0,152.842,343.982,2178661,4701304.0,True,True,unverified,c103C15_L,False,unrestricted_fleet_with_fixed_cost,pyvrp,0.14.0,42,10000,394e2059a0b4f9bd26be2a162b6105bef55fcdc40da0d4c2ec1fbc8c32058a9f,official_evrptwgr,[]
c103C15_L__v1,c103C15_L,c103,Small_Network/15_Customers/Level/c103C15_L.txt,Small_Network,L,1,8,2,2920.0,191.14,343.982,2178661,4701304.0,True,True,unverified,c103C15_L,False,unrestricted_fleet_with_fixed_cost,pyvrp,0.14.0,42,10000,394e2059a0b4f9bd26be2a162b6105bef55fcdc40da0d4c2ec1fbc8c32058a9f,official_evrptwgr,[]
c103C15_NL__v0,c103C15_NL,c103,Small_Network/15_Customers/Nearly_level/c103C15_NL.txt,Small_Network,NL,0,7,2,1825.0,152.842,343.982,2178661,4701304.0,True,True,unverified,c103C15_L,True,unrestricted_fleet_with_fixed_cost,pyvrp,0.14.0,42,10000,394e2059a0b4f9bd26be2a162b6105bef55fcdc40da0d4c2ec1fbc8c32058a9f,official_evrptwgr,[]
c103C15_NL__v1,c103C15_NL,c103,Small_Network/15_Customers/Nearly_level/c103C15_NL.txt,Small_Network,NL,1,8,2,2920.0,191.14,343.982,2178661,4701304.0,True,True,unverified,c103C15_L,True,unrestricted_fleet_with_fixed_cost,pyvrp,0.14.0,42,10000,394e2059a0b4f9bd26be2a162b6105bef55fcdc40da0d4c2ec1fbc8c32058a9f,official_evrptwgr,[]
c103C15_VG__v0,c103C15_VG,c103,Small_Network/15_Customers/Very_Gentle/c103C15_VG.txt,Small_Network,VG,0,7,2,1825.0,152.842,343.982,2178661,4701304.0,True,True,unverified,c103C15_L,True,unrestricted_fleet_with_fixed_cost,pyvrp,0.14.0,42,10000,394e2059a0b4f9bd26be2a162b6105bef55fcdc40da0d4c2ec1fbc8c32058a9f,official_evrptwgr,[]
c103C15_VG__v1,c103C15_VG,c103,Small_Network/15_Customers/Very_Gentle/c103C15_VG.txt,Small_Network,VG,1,8,2,2920.0,191.14,343.982,2178661,4701304.0,True,True,unverified,c103C15_L,True,unrestricted_fleet_with_fixed_cost,pyvrp,0.14.0,42,10000,394e2059a0b4f9bd26be2a162b6105bef55fcdc40da0d4c2ec1fbc8c32058a9f,official_evrptwgr,[]
c106C15_L__v0,c106C15_L,c106,Small_Network/15_Customers/Level/c106C15_L.txt,Small_Network,L,0,7,2,1642.5,148.005,274.353,2015581,4305515.0,True,True,unverified,c106C15_L,False,unrestricted_fleet_with_fixed_cost,pyvrp,0.14.0,42,10000,394e2059a0b4f9bd26be2a162b6105bef55fcdc40da0d4c2ec1fbc8c32058a9f,official_evrptwgr,[]
c106C15_L__v1,c106C15_L,c106,Small_Network/15_Customers/Level/c106C15_L.txt,Small_Network,L,1,8,2,1460.0,126.348,274.353,2015581,4305515.0,True,True,unverified,c106C15_L,False,unrestricted_fleet_with_fixed_cost,pyvrp,0.14.0,42,10000,394e2059a0b4f9bd26be2a162b6105bef55fcdc40da0d4c2ec1fbc8c32058a9f,official_evrptwgr,[]
c106C15_NL__v0,c106C15_NL,c106,Small_Network/15_Customers/Nearly_level/c106C15_NL.txt,Small_Network,NL,0,7,2,1642.5,148.005,274.353,2015581,4305515.0,True,True,unverified,c106C15_L,True,unrestricted_fleet_with_fixed_cost,pyvrp,0.14.0,42,10000,394e2059a0b4f9bd26be2a162b6105bef55fcdc40da0d4c2ec1fbc8c32058a9f,official_evrptwgr,[]
c106C15_NL__v1,c106C15_NL,c106,Small_Network/15_Customers/Nearly_level/c106C15_NL.txt,Small_Network,NL,1,8,2,1460.0,126.348,274.353,2015581,4305515.0,True,True,unverified,c106C15_L,True,unrestricted_fleet_with_fixed_cost,pyvrp,0.14.0,42,10000,394e2059a0b4f9bd26be2a162b6105bef55fcdc40da0d4c2ec1fbc8c32058a9f,official_evrptwgr,[]
c106C15_VG__v0,c106C15_VG,c106,Small_Network/15_Customers/Very_Gentle/c106C15_VG.txt,Small_Network,VG,0,7,2,1642.5,148.005,274.353,2015581,4305515.0,True,True,unverified,c106C15_L,True,unrestricted_fleet_with_fixed_cost,pyvrp,0.14.0,42,10000,394e2059a0b4f9bd26be2a162b6105bef55fcdc40da0d4c2ec1fbc8c32058a9f,official_evrptwgr,[]
c106C15_VG__v1,c106C15_VG,c106,Small_Network/15_Customers/Very_Gentle/c106C15_VG.txt,Small_Network,VG,1,8,2,1460.0,126.348,274.353,2015581,4305515.0,True,True,unverified,c106C15_L,True,unrestricted_fleet_with_fixed_cost,pyvrp,0.14.0,42,10000,394e2059a0b4f9bd26be2a162b6105bef55fcdc40da0d4c2ec1fbc8c32058a9f,official_evrptwgr,[]
c202C15_L__v0,c202C15_L,c202,Small_Network/15_Customers/Level/c202C15_L.txt,Small_Network,L,0,15,1,1251.4285714285716,534.335,534.335,2598241,3132576.0,True,True,unverified,c202C15_L,False,unrestricted_fleet_with_fixed_cost,pyvrp,0.14.0,42,10000,394e2059a0b4f9bd26be2a162b6105bef55fcdc40da0d4c2ec1fbc8c32058a9f,official_evrptwgr,[]
c202C15_NL__v0,c202C15_NL,c202,Small_Network/15_Customers/Nearly_level/c202C15_NL.txt,Small_Network,NL,0,15,1,1251.4285714285716,534.335,534.335,2598241,3132576.0,True,True,unverified,c202C15_L,True,unrestricted_fleet_with_fixed_cost,pyvrp,0.14.0,42,10000,394e2059a0b4f9bd26be2a162b6105bef55fcdc40da0d4c2ec1fbc8c32058a9f,official_evrptwgr,[]
c202C15_VG__v0,c202C15_VG,c202,Small_Network/15_Customers/Very_Gentle/c202C15_VG.txt,Small_Network,VG,0,15,1,1251.4285714285716,534.335,534.335,2598241,3132576.0,True,True,unverified,c202C15_L,True,unrestricted_fleet_with_fixed_cost,pyvrp,0.14.0,42,10000,394e2059a0b4f9bd26be2a162b6105bef55fcdc40da0d4c2ec1fbc8c32058a9f,official_evrptwgr,[]
c208C15_L__v0,c208C15_L,c208,Small_Network/15_Customers/Level/c208C15_L.txt,Small_Network,L,0,15,1,1303.5714285714287,315.904,315.904,2464561,2780465.0,True,True,unverified,c208C15_L,False,unrestricted_fleet_with_fixed_cost,pyvrp,0.14.0,42,10000,394e2059a0b4f9bd26be2a162b6105bef55fcdc40da0d4c2ec1fbc8c32058a9f,official_evrptwgr,[]
c208C15_NL__v0,c208C15_NL,c208,Small_Network/15_Customers/Nearly_level/c208C15_NL.txt,Small_Network,NL,0,15,1,1303.5714285714287,315.904,315.904,2464561,2780465.0,True,True,unverified,c208C15_L,True,unrestricted_fleet_with_fixed_cost,pyvrp,0.14.0,42,10000,394e2059a0b4f9bd26be2a162b6105bef55fcdc40da0d4c2ec1fbc8c32058a9f,official_evrptwgr,[]
c208C15_VG__v0,c208C15_VG,c208,Small_Network/15_Customers/Very_Gentle/c208C15_VG.txt,Small_Network,VG,0,15,1,1303.5714285714287,315.904,315.904,2464561,2780465.0,True,True,unverified,c208C15_L,True,unrestricted_fleet_with_fixed_cost,pyvrp,0.14.0,42,10000,394e2059a0b4f9bd26be2a162b6105bef55fcdc40da0d4c2ec1fbc8c32058a9f,official_evrptwgr,[]
r102C15_L__v0,r102C15_L,r102,Small_Network/15_Customers/Level/r102C15_L.txt,Small_Network,L,0,2,5,876.0,36.67,377.759,1855411,9654814.0,True,True,unverified,r102C15_L,False,unrestricted_fleet_with_fixed_cost,pyvrp,0.14.0,42,10000,394e2059a0b4f9bd26be2a162b6105bef55fcdc40da0d4c2ec1fbc8c32058a9f,official_evrptwgr,[]
r102C15_L__v1,r102C15_L,r102,Small_Network/15_Customers/Level/r102C15_L.txt,Small_Network,L,1,4,5,766.5,118.145,377.759,1855411,9654814.0,True,True,unverified,r102C15_L,False,unrestricted_fleet_with_fixed_cost,pyvrp,0.14.0,42,10000,394e2059a0b4f9bd26be2a162b6105bef55fcdc40da0d4c2ec1fbc8c32058a9f,official_evrptwgr,[]
r102C15_L__v2,r102C15_L,r102,Small_Network/15_Customers/Level/r102C15_L.txt,Small_Network,L,2,3,5,474.5,69.754,377.759,1855411,9654814.0,True,True,unverified,r102C15_L,False,unrestricted_fleet_with_fixed_cost,pyvrp,0.14.0,42,10000,394e2059a0b4f9bd26be2a162b6105bef55fcdc40da0d4c2ec1fbc8c32058a9f,official_evrptwgr,[]
r102C15_L__v3,r102C15_L,r102,Small_Network/15_Customers/Level/r102C15_L.txt,Small_Network,L,3,3,5,985.5,81.931,377.759,1855411,9654814.0,True,True,unverified,r102C15_L,False,unrestricted_fleet_with_fixed_cost,pyvrp,0.14.0,42,10000,394e2059a0b4f9bd26be2a162b6105bef55fcdc40da0d4c2ec1fbc8c32058a9f,official_evrptwgr,[]
r102C15_L__v4,r102C15_L,r102,Small_Network/15_Customers/Level/r102C15_L.txt,Small_Network,L,4,3,5,383.25,71.259,377.759,1855411,9654814.0,True,True,unverified,r102C15_L,False,unrestricted_fleet_with_fixed_cost,pyvrp,0.14.0,42,10000,394e2059a0b4f9bd26be2a162b6105bef55fcdc40da0d4c2ec1fbc8c32058a9f,official_evrptwgr,[]
r102C15_NL__v0,r102C15_NL,r102,Small_Network/15_Customers/Nearly_level/r102C15_NL.txt,Small_Network,NL,0,2,5,876.0,36.67,377.759,1855411,9654814.0,True,True,unverified,r102C15_L,True,unrestricted_fleet_with_fixed_cost,pyvrp,0.14.0,42,10000,394e2059a0b4f9bd26be2a162b6105bef55fcdc40da0d4c2ec1fbc8c32058a9f,official_evrptwgr,[]
r102C15_NL__v1,r102C15_NL,r102,Small_Network/15_Customers/Nearly_level/r102C15_NL.txt,Small_Network,NL,1,4,5,766.5,118.145,377.759,1855411,9654814.0,True,True,unverified,r102C15_L,True,unrestricted_fleet_with_fixed_cost,pyvrp,0.14.0,42,10000,394e2059a0b4f9bd26be2a162b6105bef55fcdc40da0d4c2ec1fbc8c32058a9f,official_evrptwgr,[]
r102C15_NL__v2,r102C15_NL,r102,Small_Network/15_Customers/Nearly_level/r102C15_NL.txt,Small_Network,NL,2,3,5,474.5,69.754,377.759,1855411,9654814.0,True,True,unverified,r102C15_L,True,unrestricted_fleet_with_fixed_cost,pyvrp,0.14.0,42,10000,394e2059a0b4f9bd26be2a162b6105bef55fcdc40da0d4c2ec1fbc8c32058a9f,official_evrptwgr,[]
r102C15_NL__v3,r102C15_NL,r102,Small_Network/15_Customers/Nearly_level/r102C15_NL.txt,Small_Network,NL,3,3,5,985.5,81.931,377.759,1855411,9654814.0,True,True,unverified,r102C15_L,True,unrestricted_fleet_with_fixed_cost,pyvrp,0.14.0,42,10000,394e2059a0b4f9bd26be2a162b6105bef55fcdc40da0d4c2ec1fbc8c32058a9f,official_evrptwgr,[]
r102C15_NL__v4,r102C15_NL,r102,Small_Network/15_Customers/Nearly_level/r102C15_NL.txt,Small_Network,NL,4,3,5,383.25,71.259,377.759,1855411,9654814.0,True,True,unverified,r102C15_L,True,unrestricted_fleet_with_fixed_cost,pyvrp,0.14.0,42,10000,394e2059a0b4f9bd26be2a162b6105bef55fcdc40da0d4c2ec1fbc8c32058a9f,official_evrptwgr,[]
r102C15_VG__v0,r102C15_VG,r102,Small_Network/15_Customers/Very_Gentle/r102C15_VG.txt,Small_Network,VG,0,2,5,876.0,36.67,377.759,1855411,9654814.0,True,True,unverified,r102C15_L,True,unrestricted_fleet_with_fixed_cost,pyvrp,0.14.0,42,10000,394e2059a0b4f9bd26be2a162b6105bef55fcdc40da0d4c2ec1fbc8c32058a9f,official_evrptwgr,[]
r102C15_VG__v1,r102C15_VG,r102,Small_Network/15_Customers/Very_Gentle/r102C15_VG.txt,Small_Network,VG,1,4,5,766.5,118.145,377.759,1855411,9654814.0,True,True,unverified,r102C15_L,True,unrestricted_fleet_with_fixed_cost,pyvrp,0.14.0,42,10000,394e2059a0b4f9bd26be2a162b6105bef55fcdc40da0d4c2ec1fbc8c32058a9f,official_evrptwgr,[]
r102C15_VG__v2,r102C15_VG,r102,Small_Network/15_Customers/Very_Gentle/r102C15_VG.txt,Small_Network,VG,2,3,5,474.5,69.754,377.759,1855411,9654814.0,True,True,unverified,r102C15_L,True,unrestricted_fleet_with_fixed_cost,pyvrp,0.14.0,42,10000,394e2059a0b4f9bd26be2a162b6105bef55fcdc40da0d4c2ec1fbc8c32058a9f,official_evrptwgr,[]
r102C15_VG__v3,r102C15_VG,r102,Small_Network/15_Customers/Very_Gentle/r102C15_VG.txt,Small_Network,VG,3,3,5,985.5,81.931,377.759,1855411,9654814.0,True,True,unverified,r102C15_L,True,unrestricted_fleet_with_fixed_cost,pyvrp,0.14.0,42,10000,394e2059a0b4f9bd26be2a162b6105bef55fcdc40da0d4c2ec1fbc8c32058a9f,official_evrptwgr,[]
r102C15_VG__v4,r102C15_VG,r102,Small_Network/15_Customers/Very_Gentle/r102C15_VG.txt,Small_Network,VG,4,3,5,383.25,71.259,377.759,1855411,9654814.0,True,True,unverified,r102C15_L,True,unrestricted_fleet_with_fixed_cost,pyvrp,0.14.0,42,10000,394e2059a0b4f9bd26be2a162b6105bef55fcdc40da0d4c2ec1fbc8c32058a9f,official_evrptwgr,[]
r105C15_L__v0,r105C15_L,r105,Small_Network/15_Customers/Level/r105C15_L.txt,Small_Network,L,0,6,3,1916.25,122.614,312.409,1824841,5786932.0,True,True,unverified,r105C15_L,False,unrestricted_fleet_with_fixed_cost,pyvrp,0.14.0,42,10000,394e2059a0b4f9bd26be2a162b6105bef55fcdc40da0d4c2ec1fbc8c32058a9f,official_evrptwgr,[]
r105C15_L__v1,r105C15_L,r105,Small_Network/15_Customers/Level/r105C15_L.txt,Small_Network,L,1,5,3,894.25,99.545,312.409,1824841,5786932.0,True,True,unverified,r105C15_L,False,unrestricted_fleet_with_fixed_cost,pyvrp,0.14.0,42,10000,394e2059a0b4f9bd26be2a162b6105bef55fcdc40da0d4c2ec1fbc8c32058a9f,official_evrptwgr,[]
r105C15_L__v2,r105C15_L,r105,Small_Network/15_Customers/Level/r105C15_L.txt,Small_Network,L,2,4,3,1040.25,90.25,312.409,1824841,5786932.0,True,True,unverified,r105C15_L,False,unrestricted_fleet_with_fixed_cost,pyvrp,0.14.0,42,10000,394e2059a0b4f9bd26be2a162b6105bef55fcdc40da0d4c2ec1fbc8c32058a9f,official_evrptwgr,[]
r105C15_NL__v0,r105C15_NL,r105,Small_Network/15_Customers/Nearly_level/r105C15_NL.txt,Small_Network,NL,0,6,3,1916.25,122.614,312.409,1824841,5786932.0,True,True,unverified,r105C15_L,True,unrestricted_fleet_with_fixed_cost,pyvrp,0.14.0,42,10000,394e2059a0b4f9bd26be2a162b6105bef55fcdc40da0d4c2ec1fbc8c32058a9f,official_evrptwgr,[]
r105C15_NL__v1,r105C15_NL,r105,Small_Network/15_Customers/Nearly_level/r105C15_NL.txt,Small_Network,NL,1,5,3,894.25,99.545,312.409,1824841,5786932.0,True,True,unverified,r105C15_L,True,unrestricted_fleet_with_fixed_cost,pyvrp,0.14.0,42,10000,394e2059a0b4f9bd26be2a162b6105bef55fcdc40da0d4c2ec1fbc8c32058a9f,official_evrptwgr,[]
r105C15_NL__v2,r105C15_NL,r105,Small_Network/15_Customers/Nearly_level/r105C15_NL.txt,Small_Network,NL,2,4,3,1040.25,90.25,312.409,1824841,5786932.0,True,True,unverified,r105C15_L,True,unrestricted_fleet_with_fixed_cost,pyvrp,0.14.0,42,10000,394e2059a0b4f9bd26be2a162b6105bef55fcdc40da0d4c2ec1fbc8c32058a9f,official_evrptwgr,[]
r105C15_VG__v0,r105C15_VG,r105,Small_Network/15_Customers/Very_Gentle/r105C15_VG.txt,Small_Network,VG,0,6,3,1916.25,122.614,312.409,1824841,5786932.0,True,True,unverified,r105C15_L,True,unrestricted_fleet_with_fixed_cost,pyvrp,0.14.0,42,10000,394e2059a0b4f9bd26be2a162b6105bef55fcdc40da0d4c2ec1fbc8c32058a9f,official_evrptwgr,[]
r105C15_VG__v1,r105C15_VG,r105,Small_Network/15_Customers/Very_Gentle/r105C15_VG.txt,Small_Network,VG,1,5,3,894.25,99.545,312.409,1824841,5786932.0,True,True,unverified,r105C15_L,True,unrestricted_fleet_with_fixed_cost,pyvrp,0.14.0,42,10000,394e2059a0b4f9bd26be2a162b6105bef55fcdc40da0d4c2ec1fbc8c32058a9f,official_evrptwgr,[]
r105C15_VG__v2,r105C15_VG,r105,Small_Network/15_Customers/Very_Gentle/r105C15_VG.txt,Small_Network,VG,2,4,3,1040.25,90.25,312.409,1824841,5786932.0,True,True,unverified,r105C15_L,True,unrestricted_fleet_with_fixed_cost,pyvrp,0.14.0,42,10000,394e2059a0b4f9bd26be2a162b6105bef55fcdc40da0d4c2ec1fbc8c32058a9f,official_evrptwgr,[]
r202C15_L__v0,r202C15_L,r202,Small_Network/15_Customers/Level/r202C15_L.txt,Small_Network,L,0,15,1,952.65,405.635,405.635,2083861,2489496.0,True,True,unverified,r202C15_L,False,unrestricted_fleet_with_fixed_cost,pyvrp,0.14.0,42,10000,394e2059a0b4f9bd26be2a162b6105bef55fcdc40da0d4c2ec1fbc8c32058a9f,official_evrptwgr,[]
r202C15_NL__v0,r202C15_NL,r202,Small_Network/15_Customers/Nearly_level/r202C15_NL.txt,Small_Network,NL,0,15,1,952.65,405.635,405.635,2083861,2489496.0,True,True,unverified,r202C15_L,True,unrestricted_fleet_with_fixed_cost,pyvrp,0.14.0,42,10000,394e2059a0b4f9bd26be2a162b6105bef55fcdc40da0d4c2ec1fbc8c32058a9f,official_evrptwgr,[]
r202C15_VG__v0,r202C15_VG,r202,Small_Network/15_Customers/Very_Gentle/r202C15_VG.txt,Small_Network,VG,0,15,1,952.65,405.635,405.635,2083861,2489496.0,True,True,unverified,r202C15_L,True,unrestricted_fleet_with_fixed_cost,pyvrp,0.14.0,42,10000,394e2059a0b4f9bd26be2a162b6105bef55fcdc40da0d4c2ec1fbc8c32058a9f,official_evrptwgr,[]
r209C15_L__v0,r209C15_L,r209,Small_Network/15_Customers/Level/r209C15_L.txt,Small_Network,L,0,15,1,901.5500000000001,299.689,299.689,1901641,2201330.0,True,True,unverified,r209C15_L,False,unrestricted_fleet_with_fixed_cost,pyvrp,0.14.0,42,10000,394e2059a0b4f9bd26be2a162b6105bef55fcdc40da0d4c2ec1fbc8c32058a9f,official_evrptwgr,[]
r209C15_NL__v0,r209C15_NL,r209,Small_Network/15_Customers/Nearly_level/r209C15_NL.txt,Small_Network,NL,0,15,1,901.5500000000001,299.689,299.689,1901641,2201330.0,True,True,unverified,r209C15_L,True,unrestricted_fleet_with_fixed_cost,pyvrp,0.14.0,42,10000,394e2059a0b4f9bd26be2a162b6105bef55fcdc40da0d4c2ec1fbc8c32058a9f,official_evrptwgr,[]
r209C15_VG__v0,r209C15_VG,r209,Small_Network/15_Customers/Very_Gentle/r209C15_VG.txt,Small_Network,VG,0,15,1,901.5500000000001,299.689,299.689,1901641,2201330.0,True,True,unverified,r209C15_L,True,unrestricted_fleet_with_fixed_cost,pyvrp,0.14.0,42,10000,394e2059a0b4f9bd26be2a162b6105bef55fcdc40da0d4c2ec1fbc8c32058a9f,official_evrptwgr,[]
rc103C15_L__v0,rc103C15_L,rc103,Small_Network/15_Customers/Level/rc103C15_L.txt,Small_Network,L,0,5,3,912.5,102.183,406.868,2670661,8418851.0,True,True,unverified,rc103C15_L,False,unrestricted_fleet_with_fixed_cost,pyvrp,0.14.0,42,10000,394e2059a0b4f9bd26be2a162b6105bef55fcdc40da0d4c2ec1fbc8c32058a9f,official_evrptwgr,[]
rc103C15_L__v1,rc103C15_L,rc103,Small_Network/15_Customers/Level/rc103C15_L.txt,Small_Network,L,1,4,3,1149.75,176.746,406.868,2670661,8418851.0,True,True,unverified,rc103C15_L,False,unrestricted_fleet_with_fixed_cost,pyvrp,0.14.0,42,10000,394e2059a0b4f9bd26be2a162b6105bef55fcdc40da0d4c2ec1fbc8c32058a9f,official_evrptwgr,[]
rc103C15_L__v2,rc103C15_L,rc103,Small_Network/15_Customers/Level/rc103C15_L.txt,Small_Network,L,2,6,3,1660.75,127.939,406.868,2670661,8418851.0,True,True,unverified,rc103C15_L,False,unrestricted_fleet_with_fixed_cost,pyvrp,0.14.0,42,10000,394e2059a0b4f9bd26be2a162b6105bef55fcdc40da0d4c2ec1fbc8c32058a9f,official_evrptwgr,[]
rc103C15_NL__v0,rc103C15_NL,rc103,Small_Network/15_Customers/Nearly_level/rc103C15_NL.txt,Small_Network,NL,0,5,3,912.5,102.183,406.868,2670661,8418851.0,True,True,unverified,rc103C15_L,True,unrestricted_fleet_with_fixed_cost,pyvrp,0.14.0,42,10000,394e2059a0b4f9bd26be2a162b6105bef55fcdc40da0d4c2ec1fbc8c32058a9f,official_evrptwgr,[]
rc103C15_NL__v1,rc103C15_NL,rc103,Small_Network/15_Customers/Nearly_level/rc103C15_NL.txt,Small_Network,NL,1,4,3,1149.75,176.746,406.868,2670661,8418851.0,True,True,unverified,rc103C15_L,True,unrestricted_fleet_with_fixed_cost,pyvrp,0.14.0,42,10000,394e2059a0b4f9bd26be2a162b6105bef55fcdc40da0d4c2ec1fbc8c32058a9f,official_evrptwgr,[]
rc103C15_NL__v2,rc103C15_NL,rc103,Small_Network/15_Customers/Nearly_level/rc103C15_NL.txt,Small_Network,NL,2,6,3,1660.75,127.939,406.868,2670661,8418851.0,True,True,unverified,rc103C15_L,True,unrestricted_fleet_with_fixed_cost,pyvrp,0.14.0,42,10000,394e2059a0b4f9bd26be2a162b6105bef55fcdc40da0d4c2ec1fbc8c32058a9f,official_evrptwgr,[]
rc103C15_VG__v0,rc103C15_VG,rc103,Small_Network/15_Customers/Very_Gentle/rc103C15_VG.txt,Small_Network,VG,0,5,3,912.5,102.183,406.868,2670661,8418851.0,True,True,unverified,rc103C15_L,True,unrestricted_fleet_with_fixed_cost,pyvrp,0.14.0,42,10000,394e2059a0b4f9bd26be2a162b6105bef55fcdc40da0d4c2ec1fbc8c32058a9f,official_evrptwgr,[]
rc103C15_VG__v1,rc103C15_VG,rc103,Small_Network/15_Customers/Very_Gentle/rc103C15_VG.txt,Small_Network,VG,1,4,3,1149.75,176.746,406.868,2670661,8418851.0,True,True,unverified,rc103C15_L,True,unrestricted_fleet_with_fixed_cost,pyvrp,0.14.0,42,10000,394e2059a0b4f9bd26be2a162b6105bef55fcdc40da0d4c2ec1fbc8c32058a9f,official_evrptwgr,[]
rc103C15_VG__v2,rc103C15_VG,rc103,Small_Network/15_Customers/Very_Gentle/rc103C15_VG.txt,Small_Network,VG,2,6,3,1660.75,127.939,406.868,2670661,8418851.0,True,True,unverified,rc103C15_L,True,unrestricted_fleet_with_fixed_cost,pyvrp,0.14.0,42,10000,394e2059a0b4f9bd26be2a162b6105bef55fcdc40da0d4c2ec1fbc8c32058a9f,official_evrptwgr,[]
rc108C15_L__v0,rc108C15_L,rc108,Small_Network/15_Customers/Level/rc108C15_L.txt,Small_Network,L,0,6,3,2226.5,152.173,358.775,2600491,8160248.0,True,True,unverified,rc108C15_L,False,unrestricted_fleet_with_fixed_cost,pyvrp,0.14.0,42,10000,394e2059a0b4f9bd26be2a162b6105bef55fcdc40da0d4c2ec1fbc8c32058a9f,official_evrptwgr,[]
rc108C15_L__v1,rc108C15_L,rc108,Small_Network/15_Customers/Level/rc108C15_L.txt,Small_Network,L,1,6,3,1934.5,124.765,358.775,2600491,8160248.0,True,True,unverified,rc108C15_L,False,unrestricted_fleet_with_fixed_cost,pyvrp,0.14.0,42,10000,394e2059a0b4f9bd26be2a162b6105bef55fcdc40da0d4c2ec1fbc8c32058a9f,official_evrptwgr,[]
rc108C15_L__v2,rc108C15_L,rc108,Small_Network/15_Customers/Level/rc108C15_L.txt,Small_Network,L,2,3,3,894.25,81.837,358.775,2600491,8160248.0,True,True,unverified,rc108C15_L,False,unrestricted_fleet_with_fixed_cost,pyvrp,0.14.0,42,10000,394e2059a0b4f9bd26be2a162b6105bef55fcdc40da0d4c2ec1fbc8c32058a9f,official_evrptwgr,[]
rc108C15_NL__v0,rc108C15_NL,rc108,Small_Network/15_Customers/Nearly_level/rc108C15_NL.txt,Small_Network,NL,0,6,3,2226.5,152.173,358.775,2600491,8160248.0,True,True,unverified,rc108C15_L,True,unrestricted_fleet_with_fixed_cost,pyvrp,0.14.0,42,10000,394e2059a0b4f9bd26be2a162b6105bef55fcdc40da0d4c2ec1fbc8c32058a9f,official_evrptwgr,[]
rc108C15_NL__v1,rc108C15_NL,rc108,Small_Network/15_Customers/Nearly_level/rc108C15_NL.txt,Small_Network,NL,1,6,3,1934.5,124.765,358.775,2600491,8160248.0,True,True,unverified,rc108C15_L,True,unrestricted_fleet_with_fixed_cost,pyvrp,0.14.0,42,10000,394e2059a0b4f9bd26be2a162b6105bef55fcdc40da0d4c2ec1fbc8c32058a9f,official_evrptwgr,[]
rc108C15_NL__v2,rc108C15_NL,rc108,Small_Network/15_Customers/Nearly_level/rc108C15_NL.txt,Small_Network,NL,2,3,3,894.25,81.837,358.775,2600491,8160248.0,True,True,unverified,rc108C15_L,True,unrestricted_fleet_with_fixed_cost,pyvrp,0.14.0,42,10000,394e2059a0b4f9bd26be2a162b6105bef55fcdc40da0d4c2ec1fbc8c32058a9f,official_evrptwgr,[]
rc108C15_VG__v0,rc108C15_VG,rc108,Small_Network/15_Customers/Very_Gentle/rc108C15_VG.txt,Small_Network,VG,0,6,3,2226.5,152.173,358.775,2600491,8160248.0,True,True,unverified,rc108C15_L,True,unrestricted_fleet_with_fixed_cost,pyvrp,0.14.0,42,10000,394e2059a0b4f9bd26be2a162b6105bef55fcdc40da0d4c2ec1fbc8c32058a9f,official_evrptwgr,[]
rc108C15_VG__v1,rc108C15_VG,rc108,Small_Network/15_Customers/Very_Gentle/rc108C15_VG.txt,Small_Network,VG,1,6,3,1934.5,124.765,358.775,2600491,8160248.0,True,True,unverified,rc108C15_L,True,unrestricted_fleet_with_fixed_cost,pyvrp,0.14.0,42,10000,394e2059a0b4f9bd26be2a162b6105bef55fcdc40da0d4c2ec1fbc8c32058a9f,official_evrptwgr,[]
rc108C15_VG__v2,rc108C15_VG,rc108,Small_Network/15_Customers/Very_Gentle/rc108C15_VG.txt,Small_Network,VG,2,3,3,894.25,81.837,358.775,2600491,8160248.0,True,True,unverified,rc108C15_L,True,unrestricted_fleet_with_fixed_cost,pyvrp,0.14.0,42,10000,394e2059a0b4f9bd26be2a162b6105bef55fcdc40da0d4c2ec1fbc8c32058a9f,official_evrptwgr,[]
rc202C15_L__v0,rc202C15_L,rc202,Small_Network/15_Customers/Level/rc202C15_L.txt,Small_Network,L,0,15,1,850.45,599.872,599.872,2466751,3066623.0,True,True,unverified,rc202C15_L,False,unrestricted_fleet_with_fixed_cost,pyvrp,0.14.0,42,10000,394e2059a0b4f9bd26be2a162b6105bef55fcdc40da0d4c2ec1fbc8c32058a9f,official_evrptwgr,[]
rc202C15_NL__v0,rc202C15_NL,rc202,Small_Network/15_Customers/Nearly_level/rc202C15_NL.txt,Small_Network,NL,0,15,1,850.45,599.872,599.872,2466751,3066623.0,True,True,unverified,rc202C15_L,True,unrestricted_fleet_with_fixed_cost,pyvrp,0.14.0,42,10000,394e2059a0b4f9bd26be2a162b6105bef55fcdc40da0d4c2ec1fbc8c32058a9f,official_evrptwgr,[]
rc202C15_VG__v0,rc202C15_VG,rc202,Small_Network/15_Customers/Very_Gentle/rc202C15_VG.txt,Small_Network,VG,0,15,1,850.45,599.872,599.872,2466751,3066623.0,True,True,unverified,rc202C15_L,True,unrestricted_fleet_with_fixed_cost,pyvrp,0.14.0,42,10000,394e2059a0b4f9bd26be2a162b6105bef55fcdc40da0d4c2ec1fbc8c32058a9f,official_evrptwgr,[]
rc204C15_L__v0,rc204C15_L,rc204,Small_Network/15_Customers/Level/rc204C15_L.txt,Small_Network,L,0,15,1,1047.55,314.287,314.287,2473861,2788148.0,True,True,unverified,rc204C15_L,False,unrestricted_fleet_with_fixed_cost,pyvrp,0.14.0,42,10000,394e2059a0b4f9bd26be2a162b6105bef55fcdc40da0d4c2ec1fbc8c32058a9f,official_evrptwgr,[]
rc204C15_NL__v0,rc204C15_NL,rc204,Small_Network/15_Customers/Nearly_level/rc204C15_NL.txt,Small_Network,NL,0,15,1,1047.55,314.287,314.287,2473861,2788148.0,True,True,unverified,rc204C15_L,True,unrestricted_fleet_with_fixed_cost,pyvrp,0.14.0,42,10000,394e2059a0b4f9bd26be2a162b6105bef55fcdc40da0d4c2ec1fbc8c32058a9f,official_evrptwgr,[]
rc204C15_VG__v0,rc204C15_VG,rc204,Small_Network/15_Customers/Very_Gentle/rc204C15_VG.txt,Small_Network,VG,0,15,1,1047.55,314.287,314.287,2473861,2788148.0,True,True,unverified,rc204C15_L,True,unrestricted_fleet_with_fixed_cost,pyvrp,0.14.0,42,10000,394e2059a0b4f9bd26be2a162b6105bef55fcdc40da0d4c2ec1fbc8c32058a9f,official_evrptwgr,[]
c101C5_L__v0,c101C5_L,c101,Small_Network/5_Customers/Level/c101C5_L.txt,Small_Network,L,0,3,2,912.5,152.67,239.999,596151,1432301.0,True,True,unverified,c101C5_L,False,unrestricted_fleet_with_fixed_cost,pyvrp,0.14.0,42,10000,394e2059a0b4f9bd26be2a162b6105bef55fcdc40da0d4c2ec1fbc8c32058a9f,official_evrptwgr,[]
c101C5_L__v1,c101C5_L,c101,Small_Network/5_Customers/Level/c101C5_L.txt,Small_Network,L,1,2,2,730.0,87.329,239.999,596151,1432301.0,True,True,unverified,c101C5_L,False,unrestricted_fleet_with_fixed_cost,pyvrp,0.14.0,42,10000,394e2059a0b4f9bd26be2a162b6105bef55fcdc40da0d4c2ec1fbc8c32058a9f,official_evrptwgr,[]
c101C5_NL__v0,c101C5_NL,c101,Small_Network/5_Customers/Nearly_Level/c101C5_NL.txt,Small_Network,NL,0,3,2,912.5,152.67,239.999,596151,1432301.0,True,True,unverified,c101C5_L,True,unrestricted_fleet_with_fixed_cost,pyvrp,0.14.0,42,10000,394e2059a0b4f9bd26be2a162b6105bef55fcdc40da0d4c2ec1fbc8c32058a9f,official_evrptwgr,[]
c101C5_NL__v1,c101C5_NL,c101,Small_Network/5_Customers/Nearly_Level/c101C5_NL.txt,Small_Network,NL,1,2,2,730.0,87.329,239.999,596151,1432301.0,True,True,unverified,c101C5_L,True,unrestricted_fleet_with_fixed_cost,pyvrp,0.14.0,42,10000,394e2059a0b4f9bd26be2a162b6105bef55fcdc40da0d4c2ec1fbc8c32058a9f,official_evrptwgr,[]
c101C5_VG__v0,c101C5_VG,c101,Small_Network/5_Customers/Very_Gentle/c101C5_VG.txt,Small_Network,VG,0,3,2,912.5,152.67,239.999,596151,1432301.0,True,True,unverified,c101C5_L,True,unrestricted_fleet_with_fixed_cost,pyvrp,0.14.0,42,10000,394e2059a0b4f9bd26be2a162b6105bef55fcdc40da0d4c2ec1fbc8c32058a9f,official_evrptwgr,[]
c101C5_VG__v1,c101C5_VG,c101,Small_Network/5_Customers/Very_Gentle/c101C5_VG.txt,Small_Network,VG,1,2,2,730.0,87.329,239.999,596151,1432301.0,True,True,unverified,c101C5_L,True,unrestricted_fleet_with_fixed_cost,pyvrp,0.14.0,42,10000,394e2059a0b4f9bd26be2a162b6105bef55fcdc40da0d4c2ec1fbc8c32058a9f,official_evrptwgr,[]
c103C5_L__v0,c103C5_L,c103,Small_Network/5_Customers/Level/c103C5_L.txt,Small_Network,L,0,5,1,1642.5,164.823,164.823,626421,791244.0,True,True,unverified,c103C5_L,False,unrestricted_fleet_with_fixed_cost,pyvrp,0.14.0,42,10000,394e2059a0b4f9bd26be2a162b6105bef55fcdc40da0d4c2ec1fbc8c32058a9f,official_evrptwgr,[]
c103C5_NL__v0,c103C5_NL,c103,Small_Network/5_Customers/Nearly_Level/c103C5_NL.txt,Small_Network,NL,0,5,1,1642.5,164.823,164.823,626421,791244.0,True,True,unverified,c103C5_L,True,unrestricted_fleet_with_fixed_cost,pyvrp,0.14.0,42,10000,394e2059a0b4f9bd26be2a162b6105bef55fcdc40da0d4c2ec1fbc8c32058a9f,official_evrptwgr,[]
c103C5_VG__v0,c103C5_VG,c103,Small_Network/5_Customers/Very_Gentle/c103C5_VG.txt,Small_Network,VG,0,5,1,1642.5,164.823,164.823,626421,791244.0,True,True,unverified,c103C5_L,True,unrestricted_fleet_with_fixed_cost,pyvrp,0.14.0,42,10000,394e2059a0b4f9bd26be2a162b6105bef55fcdc40da0d4c2ec1fbc8c32058a9f,official_evrptwgr,[]
c206C5_L__v0,c206C5_L,c206,Small_Network/5_Customers/Level/c206C5_L.txt,Small_Network,L,0,5,1,365.0,236.507,236.507,677421,913928.0,True,True,unverified,c206C5_L,False,unrestricted_fleet_with_fixed_cost,pyvrp,0.14.0,42,10000,394e2059a0b4f9bd26be2a162b6105bef55fcdc40da0d4c2ec1fbc8c32058a9f,official_evrptwgr,[]
c206C5_NL__v0,c206C5_NL,c206,Small_Network/5_Customers/Nearly_Level/c206C5_NL.txt,Small_Network,NL,0,5,1,365.0,236.507,236.507,677421,913928.0,True,True,unverified,c206C5_L,True,unrestricted_fleet_with_fixed_cost,pyvrp,0.14.0,42,10000,394e2059a0b4f9bd26be2a162b6105bef55fcdc40da0d4c2ec1fbc8c32058a9f,official_evrptwgr,[]
c206C5_VG__v0,c206C5_VG,c206,Small_Network/5_Customers/Very_Gentle/c206C5_VG.txt,Small_Network,VG,0,5,1,365.0,236.507,236.507,677421,913928.0,True,True,unverified,c206C5_L,True,unrestricted_fleet_with_fixed_cost,pyvrp,0.14.0,42,10000,394e2059a0b4f9bd26be2a162b6105bef55fcdc40da0d4c2ec1fbc8c32058a9f,official_evrptwgr,[]
c208C5_L__v0,c208C5_L,c208,Small_Network/5_Customers/Level/c208C5_L.txt,Small_Network,L,0,5,1,521.4285714285714,157.716,157.716,594641,752357.0,True,True,unverified,c208C5_L,False,unrestricted_fleet_with_fixed_cost,pyvrp,0.14.0,42,10000,394e2059a0b4f9bd26be2a162b6105bef55fcdc40da0d4c2ec1fbc8c32058a9f,official_evrptwgr,[]
c208C5_NL__v0,c208C5_NL,c208,Small_Network/5_Customers/Nearly_Level/c208C5_NL.txt,Small_Network,NL,0,5,1,521.4285714285714,157.716,157.716,594641,752357.0,True,True,unverified,c208C5_L,True,unrestricted_fleet_with_fixed_cost,pyvrp,0.14.0,42,10000,394e2059a0b4f9bd26be2a162b6105bef55fcdc40da0d4c2ec1fbc8c32058a9f,official_evrptwgr,[]
c208C5_VG__v0,c208C5_VG,c208,Small_Network/5_Customers/Very_Gentle/c208C5_VG.txt,Small_Network,VG,0,5,1,521.4285714285714,157.716,157.716,594641,752357.0,True,True,unverified,c208C5_L,True,unrestricted_fleet_with_fixed_cost,pyvrp,0.14.0,42,10000,394e2059a0b4f9bd26be2a162b6105bef55fcdc40da0d4c2ec1fbc8c32058a9f,official_evrptwgr,[]
r104C5_L__v0,r104C5_L,r104,Small_Network/5_Customers/Level/r104C5_L.txt,Small_Network,L,0,5,1,1569.5,132.812,132.812,578011,710823.0,True,True,unverified,r104C5_L,False,unrestricted_fleet_with_fixed_cost,pyvrp,0.14.0,42,10000,394e2059a0b4f9bd26be2a162b6105bef55fcdc40da0d4c2ec1fbc8c32058a9f,official_evrptwgr,[]
r104C5_NL__v0,r104C5_NL,r104,Small_Network/5_Customers/Nearly_Level/r104C5_NL.txt,Small_Network,NL,0,5,1,1569.5,132.812,132.812,578011,710823.0,True,True,unverified,r104C5_L,True,unrestricted_fleet_with_fixed_cost,pyvrp,0.14.0,42,10000,394e2059a0b4f9bd26be2a162b6105bef55fcdc40da0d4c2ec1fbc8c32058a9f,official_evrptwgr,[]
r104C5_VG__v0,r104C5_VG,r104,Small_Network/5_Customers/Very_Gentle/r104C5_VG.txt,Small_Network,VG,0,5,1,1569.5,132.812,132.812,578011,710823.0,True,True,unverified,r104C5_L,True,unrestricted_fleet_with_fixed_cost,pyvrp,0.14.0,42,10000,394e2059a0b4f9bd26be2a162b6105bef55fcdc40da0d4c2ec1fbc8c32058a9f,official_evrptwgr,[]
r105C5_L__v0,r105C5_L,r105,Small_Network/5_Customers/Level/r105C5_L.txt,Small_Network,L,0,2,2,346.75,62.389,151.148,566131,1283410.0,True,True,unverified,r105C5_L,False,unrestricted_fleet_with_fixed_cost,pyvrp,0.14.0,42,10000,394e2059a0b4f9bd26be2a162b6105bef55fcdc40da0d4c2ec1fbc8c32058a9f,official_evrptwgr,[]
r105C5_L__v1,r105C5_L,r105,Small_Network/5_Customers/Level/r105C5_L.txt,Small_Network,L,1,3,2,711.75,88.759,151.148,566131,1283410.0,True,True,unverified,r105C5_L,False,unrestricted_fleet_with_fixed_cost,pyvrp,0.14.0,42,10000,394e2059a0b4f9bd26be2a162b6105bef55fcdc40da0d4c2ec1fbc8c32058a9f,official_evrptwgr,[]
r105C5_NL__v0,r105C5_NL,r105,Small_Network/5_Customers/Nearly_Level/r105C5_NL.txt,Small_Network,NL,0,2,2,346.75,62.389,151.148,566131,1283410.0,True,True,unverified,r105C5_L,True,unrestricted_fleet_with_fixed_cost,pyvrp,0.14.0,42,10000,394e2059a0b4f9bd26be2a162b6105bef55fcdc40da0d4c2ec1fbc8c32058a9f,official_evrptwgr,[]
r105C5_NL__v1,r105C5_NL,r105,Small_Network/5_Customers/Nearly_Level/r105C5_NL.txt,Small_Network,NL,1,3,2,711.75,88.759,151.148,566131,1283410.0,True,True,unverified,r105C5_L,True,unrestricted_fleet_with_fixed_cost,pyvrp,0.14.0,42,10000,394e2059a0b4f9bd26be2a162b6105bef55fcdc40da0d4c2ec1fbc8c32058a9f,official_evrptwgr,[]
r105C5_VG__v0,r105C5_VG,r105,Small_Network/5_Customers/Very_Gentle/r105C5_VG.txt,Small_Network,VG,0,2,2,346.75,62.389,151.148,566131,1283410.0,True,True,unverified,r105C5_L,True,unrestricted_fleet_with_fixed_cost,pyvrp,0.14.0,42,10000,394e2059a0b4f9bd26be2a162b6105bef55fcdc40da0d4c2ec1fbc8c32058a9f,official_evrptwgr,[]
r105C5_VG__v1,r105C5_VG,r105,Small_Network/5_Customers/Very_Gentle/r105C5_VG.txt,Small_Network,VG,1,3,2,711.75,88.759,151.148,566131,1283410.0,True,True,unverified,r105C5_L,True,unrestricted_fleet_with_fixed_cost,pyvrp,0.14.0,42,10000,394e2059a0b4f9bd26be2a162b6105bef55fcdc40da0d4c2ec1fbc8c32058a9f,official_evrptwgr,[]
r202C5_L__v0,r202C5_L,r202,Small_Network/5_Customers/Level/r202C5_L.txt,Small_Network,L,0,5,1,222.65,126.519,126.519,497291,623810.0,True,True,unverified,r202C5_L,False,unrestricted_fleet_with_fixed_cost,pyvrp,0.14.0,42,10000,394e2059a0b4f9bd26be2a162b6105bef55fcdc40da0d4c2ec1fbc8c32058a9f,official_evrptwgr,[]
r202C5_NL__v0,r202C5_NL,r202,Small_Network/5_Customers/Nearly_Level/r202C5_NL.txt,Small_Network,NL,0,5,1,222.65,126.519,126.519,497291,623810.0,True,True,unverified,r202C5_L,True,unrestricted_fleet_with_fixed_cost,pyvrp,0.14.0,42,10000,394e2059a0b4f9bd26be2a162b6105bef55fcdc40da0d4c2ec1fbc8c32058a9f,official_evrptwgr,[]
r202C5_VG__v0,r202C5_VG,r202,Small_Network/5_Customers/Very_Gentle/r202C5_VG.txt,Small_Network,VG,0,5,1,222.65,126.519,126.519,497291,623810.0,True,True,unverified,r202C5_L,True,unrestricted_fleet_with_fixed_cost,pyvrp,0.14.0,42,10000,394e2059a0b4f9bd26be2a162b6105bef55fcdc40da0d4c2ec1fbc8c32058a9f,official_evrptwgr,[]
r203C5_L__v0,r203C5_L,r203,Small_Network/5_Customers/Level/r203C5_L.txt,Small_Network,L,0,5,1,302.95,178.051,178.051,760591,938642.0,True,True,unverified,r203C5_L,False,unrestricted_fleet_with_fixed_cost,pyvrp,0.14.0,42,10000,394e2059a0b4f9bd26be2a162b6105bef55fcdc40da0d4c2ec1fbc8c32058a9f,official_evrptwgr,[]
r203C5_NL__v0,r203C5_NL,r203,Small_Network/5_Customers/Nearly_Level/r203C5_NL.txt,Small_Network,NL,0,5,1,302.95,178.051,178.051,760591,938642.0,True,True,unverified,r203C5_L,True,unrestricted_fleet_with_fixed_cost,pyvrp,0.14.0,42,10000,394e2059a0b4f9bd26be2a162b6105bef55fcdc40da0d4c2ec1fbc8c32058a9f,official_evrptwgr,[]
r203C5_VG__v0,r203C5_VG,r203,Small_Network/5_Customers/Very_Gentle/r203C5_VG.txt,Small_Network,VG,0,5,1,302.95,178.051,178.051,760591,938642.0,True,True,unverified,r203C5_L,True,unrestricted_fleet_with_fixed_cost,pyvrp,0.14.0,42,10000,394e2059a0b4f9bd26be2a162b6105bef55fcdc40da0d4c2ec1fbc8c32058a9f,official_evrptwgr,[]
rc105C5_L__v0,rc105C5_L,rc105,Small_Network/5_Customers/Level/rc105C5_L.txt,Small_Network,L,0,3,2,1186.25,118.052,227.186,743301,1713788.0,True,True,unverified,rc105C5_L,False,unrestricted_fleet_with_fixed_cost,pyvrp,0.14.0,42,10000,394e2059a0b4f9bd26be2a162b6105bef55fcdc40da0d4c2ec1fbc8c32058a9f,official_evrptwgr,[]
rc105C5_L__v1,rc105C5_L,rc105,Small_Network/5_Customers/Level/rc105C5_L.txt,Small_Network,L,1,2,2,1460.0,109.134,227.186,743301,1713788.0,True,True,unverified,rc105C5_L,False,unrestricted_fleet_with_fixed_cost,pyvrp,0.14.0,42,10000,394e2059a0b4f9bd26be2a162b6105bef55fcdc40da0d4c2ec1fbc8c32058a9f,official_evrptwgr,[]
rc105C5_NL__v0,rc105C5_NL,rc105,Small_Network/5_Customers/Nearly_Level/rc105C5_NL.txt,Small_Network,NL,0,3,2,1186.25,118.052,227.186,743301,1713788.0,True,True,unverified,rc105C5_L,True,unrestricted_fleet_with_fixed_cost,pyvrp,0.14.0,42,10000,394e2059a0b4f9bd26be2a162b6105bef55fcdc40da0d4c2ec1fbc8c32058a9f,official_evrptwgr,[]
rc105C5_NL__v1,rc105C5_NL,rc105,Small_Network/5_Customers/Nearly_Level/rc105C5_NL.txt,Small_Network,NL,1,2,2,1460.0,109.134,227.186,743301,1713788.0,True,True,unverified,rc105C5_L,True,unrestricted_fleet_with_fixed_cost,pyvrp,0.14.0,42,10000,394e2059a0b4f9bd26be2a162b6105bef55fcdc40da0d4c2ec1fbc8c32058a9f,official_evrptwgr,[]
rc105C5_VG__v0,rc105C5_VG,rc105,Small_Network/5_Customers/Very_Gentle/rc105C5_VG.txt,Small_Network,VG,0,3,2,1186.25,118.052,227.186,743301,1713788.0,True,True,unverified,rc105C5_L,True,unrestricted_fleet_with_fixed_cost,pyvrp,0.14.0,42,10000,394e2059a0b4f9bd26be2a162b6105bef55fcdc40da0d4c2ec1fbc8c32058a9f,official_evrptwgr,[]
rc105C5_VG__v1,rc105C5_VG,rc105,Small_Network/5_Customers/Very_Gentle/rc105C5_VG.txt,Small_Network,VG,1,2,2,1460.0,109.134,227.186,743301,1713788.0,True,True,unverified,rc105C5_L,True,unrestricted_fleet_with_fixed_cost,pyvrp,0.14.0,42,10000,394e2059a0b4f9bd26be2a162b6105bef55fcdc40da0d4c2ec1fbc8c32058a9f,official_evrptwgr,[]
rc108C5_L__v0,rc108C5_L,rc108,Small_Network/5_Customers/Level/rc108C5_L.txt,Small_Network,L,0,3,2,1186.25,144.66,245.873,831501,1908875.0,True,True,unverified,rc108C5_L,False,unrestricted_fleet_with_fixed_cost,pyvrp,0.14.0,42,10000,394e2059a0b4f9bd26be2a162b6105bef55fcdc40da0d4c2ec1fbc8c32058a9f,official_evrptwgr,[]
rc108C5_L__v1,rc108C5_L,rc108,Small_Network/5_Customers/Level/rc108C5_L.txt,Small_Network,L,1,2,2,803.0,101.213,245.873,831501,1908875.0,True,True,unverified,rc108C5_L,False,unrestricted_fleet_with_fixed_cost,pyvrp,0.14.0,42,10000,394e2059a0b4f9bd26be2a162b6105bef55fcdc40da0d4c2ec1fbc8c32058a9f,official_evrptwgr,[]
rc108C5_NL__v0,rc108C5_NL,rc108,Small_Network/5_Customers/Nearly_Level/rc108C5_NL.txt,Small_Network,NL,0,3,2,1186.25,144.66,245.873,831501,1908875.0,True,True,unverified,rc108C5_L,True,unrestricted_fleet_with_fixed_cost,pyvrp,0.14.0,42,10000,394e2059a0b4f9bd26be2a162b6105bef55fcdc40da0d4c2ec1fbc8c32058a9f,official_evrptwgr,[]
rc108C5_NL__v1,rc108C5_NL,rc108,Small_Network/5_Customers/Nearly_Level/rc108C5_NL.txt,Small_Network,NL,1,2,2,803.0,101.213,245.873,831501,1908875.0,True,True,unverified,rc108C5_L,True,unrestricted_fleet_with_fixed_cost,pyvrp,0.14.0,42,10000,394e2059a0b4f9bd26be2a162b6105bef55fcdc40da0d4c2ec1fbc8c32058a9f,official_evrptwgr,[]
rc108C5_VG__v0,rc108C5_VG,rc108,Small_Network/5_Customers/Very_Gentle/rc108C5_VG.txt,Small_Network,VG,0,3,2,1186.25,144.66,245.873,831501,1908875.0,True,True,unverified,rc108C5_L,True,unrestricted_fleet_with_fixed_cost,pyvrp,0.14.0,42,10000,394e2059a0b4f9bd26be2a162b6105bef55fcdc40da0d4c2ec1fbc8c32058a9f,official_evrptwgr,[]
rc108C5_VG__v1,rc108C5_VG,rc108,Small_Network/5_Customers/Very_Gentle/rc108C5_VG.txt,Small_Network,VG,1,2,2,803.0,101.213,245.873,831501,1908875.0,True,True,unverified,rc108C5_L,True,unrestricted_fleet_with_fixed_cost,pyvrp,0.14.0,42,10000,394e2059a0b4f9bd26be2a162b6105bef55fcdc40da0d4c2ec1fbc8c32058a9f,official_evrptwgr,[]
rc204C5_L__v0,rc204C5_L,rc204,Small_Network/5_Customers/Level/rc204C5_L.txt,Small_Network,L,0,5,1,474.5,172.029,172.029,771301,943330.0,True,True,unverified,rc204C5_L,False,unrestricted_fleet_with_fixed_cost,pyvrp,0.14.0,42,10000,394e2059a0b4f9bd26be2a162b6105bef55fcdc40da0d4c2ec1fbc8c32058a9f,official_evrptwgr,[]
rc204C5_NL__v0,rc204C5_NL,rc204,Small_Network/5_Customers/Nearly_Level/rc204C5_NL.txt,Small_Network,NL,0,5,1,474.5,172.029,172.029,771301,943330.0,True,True,unverified,rc204C5_L,True,unrestricted_fleet_with_fixed_cost,pyvrp,0.14.0,42,10000,394e2059a0b4f9bd26be2a162b6105bef55fcdc40da0d4c2ec1fbc8c32058a9f,official_evrptwgr,[]
rc204C5_VG__v0,rc204C5_VG,rc204,Small_Network/5_Customers/Very_Gentle/rc204C5_VG.txt,Small_Network,VG,0,5,1,474.5,172.029,172.029,771301,943330.0,True,True,unverified,rc204C5_L,True,unrestricted_fleet_with_fixed_cost,pyvrp,0.14.0,42,10000,394e2059a0b4f9bd26be2a162b6105bef55fcdc40da0d4c2ec1fbc8c32058a9f,official_evrptwgr,[]
rc208C5_L__v0,rc208C5_L,rc208,Small_Network/5_Customers/Level/rc208C5_L.txt,Small_Network,L,0,5,1,299.3,162.666,162.666,564621,727287.0,True,True,unverified,rc208C5_L,False,unrestricted_fleet_with_fixed_cost,pyvrp,0.14.0,42,10000,394e2059a0b4f9bd26be2a162b6105bef55fcdc40da0d4c2ec1fbc8c32058a9f,official_evrptwgr,[]
rc208C5_NL__v0,rc208C5_NL,rc208,Small_Network/5_Customers/Nearly_Level/rc208C5_NL.txt,Small_Network,NL,0,5,1,299.3,162.666,162.666,564621,727287.0,True,True,unverified,rc208C5_L,True,unrestricted_fleet_with_fixed_cost,pyvrp,0.14.0,42,10000,394e2059a0b4f9bd26be2a162b6105bef55fcdc40da0d4c2ec1fbc8c32058a9f,official_evrptwgr,[]
rc208C5_VG__v0,rc208C5_VG,rc208,Small_Network/5_Customers/Very_Gentle/rc208C5_VG.txt,Small_Network,VG,0,5,1,299.3,162.666,162.666,564621,727287.0,True,True,unverified,rc208C5_L,True,unrestricted_fleet_with_fixed_cost,pyvrp,0.14.0,42,10000,394e2059a0b4f9bd26be2a162b6105bef55fcdc40da0d4c2ec1fbc8c32058a9f,official_evrptwgr,[]
