split,method,route_id,base_instance,n_customers,network_group,feasible,reason,completion_time,n_station_visits,n_station_revisits,consecutive_same_station,loop_guard_hit,return_value,horizon,n_continue,n_charge
train,GreedyMinimumSufficientCharge,c102_50_21_NL__v0,c102,10,Large_Network,False,NO_FEASIBLE_ACTION,1236.0,2,0,0,False,-1959.1672335576263,1236.0,3,2
train,GreedyMinimumSufficientCharge,c102_50_21_NL__v1,c102,10,Large_Network,False,ZERO_CHARGE_NOOP,1236.0,0,0,0,False,-2091.2531675049995,1236.0,2,0
train,GreedyMinimumSufficientCharge,c102_50_21_NL__v2,c102,10,Large_Network,False,NO_FEASIBLE_ACTION,1236.0,1,0,0,False,-2021.4499945852585,1236.0,3,1
train,GreedyMinimumSufficientCharge,c102_50_21_NL__v3,c102,10,Large_Network,False,ZERO_CHARGE_NOOP,1236.0,12,0,0,False,-1688.477855396417,1236.0,6,12
train,GreedyMinimumSufficientCharge,c102_50_21_NL__v4,c102,10,Large_Network,False,NO_FEASIBLE_ACTION,1236.0,0,0,0,False,-1634.2860182378315,1236.0,6,0
train,GreedyMinimumSufficientCharge,r107_50_21_NL__v0,r107,11,Large_Network,False,NO_FEASIBLE_ACTION,230.0,19,0,0,False,-423.34723886825367,230.0,5,19
train,GreedyMinimumSufficientCharge,r107_50_21_NL__v1,r107,7,Large_Network,False,NO_FEASIBLE_ACTION,230.0,1,0,0,False,-284.0014159326953,230.0,5,1
train,GreedyMinimumSufficientCharge,r107_50_21_NL__v2,r107,8,Large_Network,False,NO_FEASIBLE_ACTION,230.0,0,0,0,False,-365.3228310885039,230.0,3,0
train,GreedyMinimumSufficientCharge,r107_50_21_NL__v3,r107,8,Large_Network,False,NO_FEASIBLE_ACTION,230.0,0,0,0,False,-326.3076606843274,230.0,4,0
train,GreedyMinimumSufficientCharge,r107_50_21_NL__v4,r107,8,Large_Network,False,ZERO_CHARGE_NOOP,230.0,4,0,0,False,-383.4546942861076,230.0,2,4
train,GreedyMinimumSufficientCharge,r107_50_21_NL__v5,r107,8,Large_Network,False,NO_FEASIBLE_ACTION,230.0,0,0,0,False,-312.7202064553621,230.0,5,0
train,GreedyMinimumSufficientCharge,c102C25_NL__v0,c102,9,Medium_Network,False,NO_FEASIBLE_ACTION,1236.0,1,0,0,False,-1902.2789551573173,1236.0,3,1
train,GreedyMinimumSufficientCharge,c102C25_NL__v1,c102,8,Medium_Network,False,NO_FEASIBLE_ACTION,1236.0,18,0,0,False,-1596.103245232662,1236.0,5,18
train,GreedyMinimumSufficientCharge,c102C25_NL__v2,c102,8,Medium_Network,False,ZERO_CHARGE_NOOP,1236.0,2,0,0,False,-1771.4652619663725,1236.0,3,2
train,GreedyMinimumSufficientCharge,c104C25_NL__v0,c104,8,Medium_Network,False,ZERO_CHARGE_NOOP,1236.0,16,0,0,False,-1399.9334594345744,1236.0,7,16
train,GreedyMinimumSufficientCharge,c104C25_NL__v1,c104,9,Medium_Network,False,NO_FEASIBLE_ACTION,1236.0,1,0,0,False,-1760.7870866461908,1236.0,4,1
train,GreedyMinimumSufficientCharge,c104C25_NL__v2,c104,8,Medium_Network,False,NO_FEASIBLE_ACTION,1236.0,5,0,0,False,-1350.422205101856,1236.0,7,5
train,GreedyMinimumSufficientCharge,r104C25_NL__v0,r104,9,Medium_Network,False,ZERO_CHARGE_NOOP,230.0,6,0,0,False,-288.5520975726909,230.0,8,6
train,GreedyMinimumSufficientCharge,r104C25_NL__v1,r104,7,Medium_Network,False,NO_FEASIBLE_ACTION,230.0,0,0,0,False,-300.7439606799677,230.0,6,0
train,GreedyMinimumSufficientCharge,r104C25_NL__v2,r104,9,Medium_Network,False,ZERO_CHARGE_NOOP,230.0,0,0,0,False,-433.8809013552895,230.0,0,0
train,GreedyMinimumSufficientCharge,r107C25_NL__v0,r107,7,Medium_Network,False,NO_FEASIBLE_ACTION,230.0,1,0,0,False,-259.9757747365031,230.0,6,1
train,GreedyMinimumSufficientCharge,r107C25_NL__v1,r107,7,Medium_Network,False,ZERO_CHARGE_NOOP,230.0,0,0,0,False,-419.06483881789205,230.0,0,0
train,GreedyMinimumSufficientCharge,r107C25_NL__v2,r107,7,Medium_Network,False,NO_FEASIBLE_ACTION,230.0,1,0,0,False,-319.57398550548265,230.0,4,1
train,GreedyMinimumSufficientCharge,r107C25_NL__v3,r107,4,Medium_Network,False,ZERO_CHARGE_NOOP,230.0,2,0,0,False,-211.97224362268005,230.0,4,2
train,GreedyMinimumSufficientCharge,rc101C25_NL__v0,rc101,3,Medium_Network,False,NO_FEASIBLE_ACTION,240.0,1,0,0,False,-290.28916384272065,240.0,3,1
train,GreedyMinimumSufficientCharge,rc101C25_NL__v1,rc101,5,Medium_Network,False,NO_FEASIBLE_ACTION,240.0,2,0,0,False,-322.20407221060066,240.0,3,2
train,GreedyMinimumSufficientCharge,rc101C25_NL__v2,rc101,4,Medium_Network,False,ZERO_CHARGE_NOOP,240.0,3,0,0,False,-294.347213549854,240.0,2,3
train,GreedyMinimumSufficientCharge,rc101C25_NL__v3,rc101,7,Medium_Network,False,NO_FEASIBLE_ACTION,240.0,2,0,0,False,-372.65905112949065,240.0,3,2
train,GreedyMinimumSufficientCharge,rc101C25_NL__v4,rc101,6,Medium_Network,False,ZERO_CHARGE_NOOP,240.0,0,0,0,False,-415.305550702457,240.0,0,0
train,GreedyMinimumSufficientCharge,rc103C25_NL__v0,rc103,10,Medium_Network,False,ZERO_CHARGE_NOOP,240.0,6,0,0,False,-378.4303777092824,240.0,4,6
train,GreedyMinimumSufficientCharge,rc103C25_NL__v1,rc103,5,Medium_Network,True,,214.7719102569821,3,0,0,False,-214.7719102569821,240.0,6,3
train,GreedyMinimumSufficientCharge,rc103C25_NL__v2,rc103,6,Medium_Network,False,ZERO_CHARGE_NOOP,240.0,11,0,0,False,-362.02450870959314,240.0,4,11
train,GreedyMinimumSufficientCharge,rc103C25_NL__v3,rc103,4,Medium_Network,False,NO_FEASIBLE_ACTION,240.0,1,0,0,False,-258.02775637732,240.0,4,1
train,GreedyMinimumSufficientCharge,rc104C25_NL__v0,rc104,5,Medium_Network,False,ZERO_CHARGE_NOOP,240.0,13,0,0,False,-324.60651353033745,240.0,4,13
train,GreedyMinimumSufficientCharge,rc104C25_NL__v1,rc104,8,Medium_Network,False,NO_FEASIBLE_ACTION,240.0,2,0,0,False,-294.9427739134882,240.0,7,2
train,GreedyMinimumSufficientCharge,rc104C25_NL__v2,rc104,6,Medium_Network,False,ZERO_CHARGE_NOOP,240.0,7,0,0,False,-318.10724264184853,240.0,4,7
train,GreedyMinimumSufficientCharge,rc104C25_NL__v3,rc104,6,Medium_Network,False,ZERO_CHARGE_NOOP,240.0,3,0,0,False,-201.92113447068044,240.0,6,3
train,GreedyMinimumSufficientCharge,rc106C25_NL__v0,rc106,6,Medium_Network,False,NO_FEASIBLE_ACTION,240.0,1,0,0,False,-257.11724276862367,240.0,6,1
train,GreedyMinimumSufficientCharge,rc106C25_NL__v1,rc106,5,Medium_Network,False,ZERO_CHARGE_NOOP,240.0,13,0,0,False,-332.4032316669442,240.0,4,13
train,GreedyMinimumSufficientCharge,rc106C25_NL__v2,rc106,5,Medium_Network,False,NO_FEASIBLE_ACTION,240.0,0,0,0,False,-306.41966070458705,240.0,3,0
train,GreedyMinimumSufficientCharge,rc106C25_NL__v3,rc106,4,Medium_Network,False,NO_FEASIBLE_ACTION,240.0,3,0,0,False,-298.67620816560026,240.0,3,3
train,GreedyMinimumSufficientCharge,rc106C25_NL__v4,rc106,5,Medium_Network,False,NO_FEASIBLE_ACTION,240.0,0,0,0,False,-286.6996332582443,240.0,4,0
train,GreedyMinimumSufficientCharge,c104C10_L__v0,c104,10,Small_Network,False,NO_FEASIBLE_ACTION,1236.0,0,0,0,False,-2040.6740777431735,1236.0,3,0
train,GreedyMinimumSufficientCharge,c104C10_NL__v0,c104,10,Small_Network,False,NO_FEASIBLE_ACTION,1236.0,2,0,0,False,-1910.3627890016808,1236.0,4,2
train,GreedyMinimumSufficientCharge,c104C10_VG__v0,c104,10,Small_Network,False,NO_FEASIBLE_ACTION,1236.0,2,0,0,False,-1910.3627890016808,1236.0,4,2
train,GreedyMinimumSufficientCharge,r103C10_L__v0,r103,5,Small_Network,False,NO_FEASIBLE_ACTION,230.0,0,0,0,False,-311.648486196566,230.0,3,0
train,GreedyMinimumSufficientCharge,r103C10_L__v1,r103,5,Small_Network,False,NO_FEASIBLE_ACTION,230.0,1,0,0,False,-265.0997512422418,230.0,4,1
train,GreedyMinimumSufficientCharge,r103C10_NL__v0,r103,5,Small_Network,False,NO_FEASIBLE_ACTION,230.0,0,0,0,False,-311.648486196566,230.0,3,0
train,GreedyMinimumSufficientCharge,r103C10_NL__v1,r103,5,Small_Network,False,NO_FEASIBLE_ACTION,230.0,0,0,0,False,-235.0,230.0,5,0
train,GreedyMinimumSufficientCharge,r103C10_VG__v0,r103,5,Small_Network,False,NO_FEASIBLE_ACTION,230.0,0,0,0,False,-293.58622844826743,230.0,4,0
train,GreedyMinimumSufficientCharge,r103C10_VG__v1,r103,5,Small_Network,False,ZERO_CHARGE_NOOP,230.0,1,0,0,False,-234.18861169915812,230.0,4,1
train,GreedyMinimumSufficientCharge,r203C10_L__v0,r203,10,Small_Network,False,NO_FEASIBLE_ACTION,1000.0,1,0,0,False,-1200.2876118484023,1000.0,5,1
train,GreedyMinimumSufficientCharge,r203C10_NL__v0,r203,10,Small_Network,False,NO_FEASIBLE_ACTION,1000.0,0,0,0,False,-1200.2876118484023,1000.0,5,0
train,GreedyMinimumSufficientCharge,r203C10_VG__v0,r203,10,Small_Network,False,NO_FEASIBLE_ACTION,1000.0,1,0,0,False,-1200.2876118484023,1000.0,5,1
train,GreedyMinimumSufficientCharge,rc201C10_L__v0,rc201,10,Small_Network,False,NO_FEASIBLE_ACTION,960.0,1,0,0,False,-1349.3098025292245,960.0,2,1
train,GreedyMinimumSufficientCharge,rc201C10_NL__v0,rc201,10,Small_Network,False,NO_FEASIBLE_ACTION,960.0,1,0,0,False,-1349.3098025292245,960.0,2,1
train,GreedyMinimumSufficientCharge,rc201C10_VG__v0,rc201,10,Small_Network,False,NO_FEASIBLE_ACTION,960.0,1,0,0,False,-1349.3098025292247,960.0,2,1
train,GreedyMinimumSufficientCharge,c103C15_L__v0,c103,7,Small_Network,False,NO_FEASIBLE_ACTION,1236.0,1,0,0,False,-1579.4880242630243,1236.0,4,1
train,GreedyMinimumSufficientCharge,c103C15_L__v1,c103,8,Small_Network,False,NO_FEASIBLE_ACTION,1236.0,1,0,0,False,-1686.8338352681671,1236.0,4,1
train,GreedyMinimumSufficientCharge,c103C15_NL__v0,c103,7,Small_Network,False,NO_FEASIBLE_ACTION,1236.0,4,0,0,False,-1714.4101791534567,1236.0,3,4
train,GreedyMinimumSufficientCharge,c103C15_NL__v1,c103,8,Small_Network,False,NO_FEASIBLE_ACTION,1236.0,2,0,0,False,-1591.8338352681671,1236.0,5,2
train,GreedyMinimumSufficientCharge,c103C15_VG__v0,c103,7,Small_Network,False,NO_FEASIBLE_ACTION,1236.0,4,0,0,False,-1933.3059045576872,1236.0,1,4
train,GreedyMinimumSufficientCharge,c103C15_VG__v1,c103,8,Small_Network,False,NO_FEASIBLE_ACTION,1236.0,1,0,0,False,-1591.8338352681671,1236.0,5,1
train,GreedyMinimumSufficientCharge,c106C15_L__v0,c106,7,Small_Network,False,NO_FEASIBLE_ACTION,1236.0,0,0,0,False,-1680.0775581979156,1236.0,3,0
train,GreedyMinimumSufficientCharge,c106C15_L__v1,c106,8,Small_Network,False,NO_FEASIBLE_ACTION,1236.0,0,0,0,False,-1557.1850415144693,1236.0,5,0
train,GreedyMinimumSufficientCharge,c106C15_NL__v0,c106,7,Small_Network,False,NO_FEASIBLE_ACTION,1236.0,0,0,0,False,-1680.0775581979156,1236.0,3,0
train,GreedyMinimumSufficientCharge,c106C15_NL__v1,c106,8,Small_Network,False,NO_FEASIBLE_ACTION,1236.0,2,0,0,False,-1747.2472992627677,1236.0,3,2
train,GreedyMinimumSufficientCharge,c106C15_VG__v0,c106,7,Small_Network,False,NO_FEASIBLE_ACTION,1236.0,1,0,0,False,-1680.0775581979156,1236.0,3,1
train,GreedyMinimumSufficientCharge,c106C15_VG__v1,c106,8,Small_Network,False,NO_FEASIBLE_ACTION,1236.0,0,0,0,False,-1762.9547701624788,1236.0,3,0
train,GreedyMinimumSufficientCharge,c208C15_L__v0,c208,15,Small_Network,False,NO_FEASIBLE_ACTION,3390.0,0,0,0,False,-4710.172921655155,3390.0,3,0
train,GreedyMinimumSufficientCharge,c208C15_NL__v0,c208,15,Small_Network,False,NO_FEASIBLE_ACTION,3390.0,2,0,0,False,-4641.069205802892,3390.0,4,2
train,GreedyMinimumSufficientCharge,c208C15_VG__v0,c208,15,Small_Network,False,NO_FEASIBLE_ACTION,3390.0,2,0,0,False,-4641.069205802892,3390.0,4,2
train,GreedyMinimumSufficientCharge,r105C15_L__v0,r105,6,Small_Network,False,NO_FEASIBLE_ACTION,230.0,1,0,0,False,-309.61556760545693,230.0,4,1
train,GreedyMinimumSufficientCharge,r105C15_L__v1,r105,5,Small_Network,False,NO_FEASIBLE_ACTION,230.0,0,0,0,False,-289.8855702072658,230.0,3,0
train,GreedyMinimumSufficientCharge,r105C15_L__v2,r105,4,Small_Network,False,NO_FEASIBLE_ACTION,230.0,1,0,0,False,-236.32455532033677,230.0,4,1
train,GreedyMinimumSufficientCharge,r105C15_NL__v0,r105,6,Small_Network,False,NO_FEASIBLE_ACTION,230.0,0,0,0,False,-352.43658257148525,230.0,2,0
train,GreedyMinimumSufficientCharge,r105C15_NL__v1,r105,5,Small_Network,False,NO_FEASIBLE_ACTION,230.0,5,0,0,False,-312.36502754508,230.0,3,5
train,GreedyMinimumSufficientCharge,r105C15_NL__v2,r105,4,Small_Network,False,NO_FEASIBLE_ACTION,230.0,3,0,0,False,-252.6491106406735,230.0,3,3
train,GreedyMinimumSufficientCharge,r105C15_VG__v0,r105,6,Small_Network,False,ZERO_CHARGE_NOOP,230.0,3,0,0,False,-404.45324692397986,230.0,1,3
train,GreedyMinimumSufficientCharge,r105C15_VG__v1,r105,5,Small_Network,False,NO_FEASIBLE_ACTION,230.0,6,0,0,False,-312.36502754508,230.0,3,6
train,GreedyMinimumSufficientCharge,r105C15_VG__v2,r105,4,Small_Network,False,NO_FEASIBLE_ACTION,230.0,4,0,0,False,-277.94733192202057,230.0,3,4
train,GreedyMinimumSufficientCharge,r202C15_L__v0,r202,15,Small_Network,False,NO_FEASIBLE_ACTION,1000.0,1,0,0,False,-1460.5452126196,1000.0,3,1
train,GreedyMinimumSufficientCharge,r202C15_NL__v0,r202,15,Small_Network,False,NO_FEASIBLE_ACTION,1000.0,5,0,0,False,-1515.800046615539,1000.0,2,5
train,GreedyMinimumSufficientCharge,r202C15_VG__v0,r202,15,Small_Network,False,NO_FEASIBLE_ACTION,1000.0,7,0,0,False,-1368.4036378125174,1000.0,5,7
train,GreedyMinimumSufficientCharge,rc103C15_L__v0,rc103,5,Small_Network,False,NO_FEASIBLE_ACTION,240.0,0,0,0,False,-285.8654172888031,240.0,4,0
train,GreedyMinimumSufficientCharge,rc103C15_L__v1,rc103,4,Small_Network,False,NO_FEASIBLE_ACTION,240.0,1,0,0,False,-347.1841989932485,240.0,2,1
train,GreedyMinimumSufficientCharge,rc103C15_L__v2,rc103,6,Small_Network,False,NO_FEASIBLE_ACTION,240.0,0,0,0,False,-319.15475947422647,240.0,4,0
train,GreedyMinimumSufficientCharge,rc103C15_NL__v0,rc103,5,Small_Network,False,NO_FEASIBLE_ACTION,240.0,2,0,0,False,-341.5600559239865,240.0,3,2
train,GreedyMinimumSufficientCharge,rc103C15_NL__v1,rc103,4,Small_Network,False,NO_FEASIBLE_ACTION,240.0,0,0,0,False,-347.1841989932485,240.0,2,0
train,GreedyMinimumSufficientCharge,rc103C15_NL__v2,rc103,6,Small_Network,False,NO_FEASIBLE_ACTION,240.0,4,0,0,False,-420.43903072168837,240.0,2,4
train,GreedyMinimumSufficientCharge,rc103C15_VG__v0,rc103,5,Small_Network,False,NO_FEASIBLE_ACTION,240.0,3,0,0,False,-341.5600559239865,240.0,3,3
train,GreedyMinimumSufficientCharge,rc103C15_VG__v1,rc103,4,Small_Network,False,NO_FEASIBLE_ACTION,240.0,4,0,0,False,-358.49636651596086,240.0,3,4
train,GreedyMinimumSufficientCharge,rc103C15_VG__v2,rc103,6,Small_Network,False,ZERO_CHARGE_NOOP,240.0,2,0,0,False,-376.24973903051955,240.0,2,2
train,GreedyMinimumSufficientCharge,rc202C15_L__v0,rc202,15,Small_Network,False,NO_FEASIBLE_ACTION,960.0,1,0,0,False,-1609.7461038684678,960.0,2,1
train,GreedyMinimumSufficientCharge,rc202C15_NL__v0,rc202,15,Small_Network,False,NO_FEASIBLE_ACTION,960.0,2,0,0,False,-1576.6593111072375,960.0,3,2
train,GreedyMinimumSufficientCharge,rc202C15_VG__v0,rc202,15,Small_Network,False,ZERO_CHARGE_NOOP,960.0,0,0,0,False,-1656.4518413344965,960.0,1,0
train,GreedyMinimumSufficientCharge,rc204C15_L__v0,rc204,15,Small_Network,False,NO_FEASIBLE_ACTION,960.0,0,0,0,False,-1326.2505401544913,960.0,3,0
train,GreedyMinimumSufficientCharge,rc204C15_NL__v0,rc204,15,Small_Network,False,NO_FEASIBLE_ACTION,960.0,3,0,0,False,-1251.4977432543296,960.0,6,3
train,GreedyMinimumSufficientCharge,rc204C15_VG__v0,rc204,15,Small_Network,False,NO_FEASIBLE_ACTION,960.0,6,0,0,False,-1205.0971938079272,960.0,7,6
train,GreedyMinimumSufficientCharge,c103C5_L__v0,c103,5,Small_Network,False,NO_FEASIBLE_ACTION,1236.0,0,0,0,False,-1621.6155142875664,1236.0,2,0
train,GreedyMinimumSufficientCharge,c103C5_NL__v0,c103,5,Small_Network,False,NO_FEASIBLE_ACTION,1236.0,0,0,0,False,-1621.6155142875664,1236.0,2,0
train,GreedyMinimumSufficientCharge,c103C5_VG__v0,c103,5,Small_Network,False,NO_FEASIBLE_ACTION,1236.0,0,0,0,False,-1621.6155142875664,1236.0,2,0
train,GreedyMinimumSufficientCharge,c206C5_L__v0,c206,5,Small_Network,False,NO_FEASIBLE_ACTION,3390.0,1,0,0,False,-3724.647246210014,3390.0,3,1
train,GreedyMinimumSufficientCharge,c206C5_NL__v0,c206,5,Small_Network,False,NO_FEASIBLE_ACTION,3390.0,3,0,0,False,-3585.8210237470794,3390.0,4,3
train,GreedyMinimumSufficientCharge,c206C5_VG__v0,c206,5,Small_Network,False,NO_FEASIBLE_ACTION,3390.0,3,0,0,False,-3933.0761633796055,3390.0,1,3
train,GreedyMinimumSufficientCharge,c208C5_L__v0,c208,5,Small_Network,False,NO_FEASIBLE_ACTION,3390.0,1,0,0,False,-3430.3112887414927,3390.0,5,1
train,GreedyMinimumSufficientCharge,c208C5_NL__v0,c208,5,Small_Network,False,NO_FEASIBLE_ACTION,3390.0,1,0,0,False,-3430.3112887414927,3390.0,5,1
train,GreedyMinimumSufficientCharge,c208C5_VG__v0,c208,5,Small_Network,False,NO_FEASIBLE_ACTION,3390.0,1,0,0,False,-3430.3112887414927,3390.0,5,1
train,GreedyMinimumSufficientCharge,r104C5_L__v0,r104,5,Small_Network,False,NO_FEASIBLE_ACTION,230.0,1,0,0,False,-286.10160904726786,230.0,3,1
train,GreedyMinimumSufficientCharge,r104C5_NL__v0,r104,5,Small_Network,False,NO_FEASIBLE_ACTION,230.0,5,0,0,False,-323.74391590092546,230.0,3,5
train,GreedyMinimumSufficientCharge,r104C5_VG__v0,r104,5,Small_Network,False,NO_FEASIBLE_ACTION,230.0,0,0,0,False,-352.74081808129307,230.0,2,0
train,GreedyMinimumSufficientCharge,r105C5_L__v0,r105,2,Small_Network,False,NO_FEASIBLE_ACTION,230.0,0,0,0,False,-236.32455532033674,230.0,2,0
train,GreedyMinimumSufficientCharge,r105C5_L__v1,r105,3,Small_Network,False,NO_FEASIBLE_ACTION,230.0,1,0,0,False,-266.04640863481745,230.0,2,1
train,GreedyMinimumSufficientCharge,r105C5_NL__v0,r105,2,Small_Network,False,NO_FEASIBLE_ACTION,230.0,2,0,0,False,-252.6491106406735,230.0,1,2
train,GreedyMinimumSufficientCharge,r105C5_NL__v1,r105,3,Small_Network,False,NO_FEASIBLE_ACTION,230.0,2,0,0,False,-282.7546125673168,230.0,1,2
train,GreedyMinimumSufficientCharge,r105C5_VG__v0,r105,2,Small_Network,False,NO_FEASIBLE_ACTION,230.0,2,0,0,False,-252.6491106406735,230.0,1,2
train,GreedyMinimumSufficientCharge,r105C5_VG__v1,r105,3,Small_Network,False,NO_FEASIBLE_ACTION,230.0,1,0,0,False,-301.65890558454885,230.0,1,1
train,GreedyMinimumSufficientCharge,r202C5_L__v0,r202,5,Small_Network,False,NO_FEASIBLE_ACTION,1000.0,0,0,0,False,-1109.1615891833942,1000.0,2,0
train,GreedyMinimumSufficientCharge,r202C5_NL__v0,r202,5,Small_Network,False,NO_FEASIBLE_ACTION,1000.0,0,0,0,False,-1109.1615891833942,1000.0,2,0
train,GreedyMinimumSufficientCharge,r202C5_VG__v0,r202,5,Small_Network,False,NO_FEASIBLE_ACTION,1000.0,0,0,0,False,-1109.1615891833942,1000.0,2,0
train,GreedyMinimumSufficientCharge,r203C5_L__v0,r203,5,Small_Network,False,NO_FEASIBLE_ACTION,1000.0,1,0,0,False,-1145.3907465380494,1000.0,2,1
train,GreedyMinimumSufficientCharge,r203C5_NL__v0,r203,5,Small_Network,False,NO_FEASIBLE_ACTION,1000.0,0,0,0,False,-1184.5111860951715,1000.0,1,0
train,GreedyMinimumSufficientCharge,r203C5_VG__v0,r203,5,Small_Network,False,NO_FEASIBLE_ACTION,1000.0,4,0,0,False,-1145.3907465380494,1000.0,2,4
train,GreedyMinimumSufficientCharge,rc105C5_L__v0,rc105,3,Small_Network,False,NO_FEASIBLE_ACTION,240.0,1,0,0,False,-326.85564909640146,240.0,1,1
train,GreedyMinimumSufficientCharge,rc105C5_L__v1,rc105,2,Small_Network,False,NO_FEASIBLE_ACTION,240.0,0,0,0,False,-275.0,240.0,2,0
train,GreedyMinimumSufficientCharge,rc105C5_NL__v0,rc105,3,Small_Network,False,NO_FEASIBLE_ACTION,240.0,3,0,0,False,-327.1985103520034,240.0,1,3
train,GreedyMinimumSufficientCharge,rc105C5_NL__v1,rc105,2,Small_Network,True,,186.789723176793,1,0,0,False,-186.789723176793,240.0,3,1
train,GreedyMinimumSufficientCharge,rc105C5_VG__v0,rc105,3,Small_Network,False,ZERO_CHARGE_NOOP,240.0,2,0,0,False,-303.1776860530748,240.0,1,2
train,GreedyMinimumSufficientCharge,rc105C5_VG__v1,rc105,2,Small_Network,True,,187.93394237415416,1,0,0,False,-187.93394237415416,240.0,3,1
train,GreedyMinimumSufficientCharge,rc204C5_L__v0,rc204,5,Small_Network,False,NO_FEASIBLE_ACTION,960.0,1,0,0,False,-1026.4557194183137,960.0,3,1
train,GreedyMinimumSufficientCharge,rc204C5_NL__v0,rc204,5,Small_Network,False,NO_FEASIBLE_ACTION,960.0,2,0,0,False,-1026.4557194183137,960.0,3,2
train,GreedyMinimumSufficientCharge,rc204C5_VG__v0,rc204,5,Small_Network,False,NO_FEASIBLE_ACTION,960.0,6,0,0,False,-1060.1025639698826,960.0,3,6
train,GreedyFullCharge,c102_50_21_NL__v0,c102,10,Large_Network,False,NO_FEASIBLE_ACTION,1236.0,21,0,0,False,-2023.8004873681484,1236.0,3,21
train,GreedyFullCharge,c102_50_21_NL__v1,c102,10,Large_Network,False,NO_FEASIBLE_ACTION,1236.0,23,0,0,False,-2077.914536878187,1236.0,3,23
train,GreedyFullCharge,c102_50_21_NL__v2,c102,10,Large_Network,False,NO_FEASIBLE_ACTION,1236.0,21,0,0,False,-2177.7221606883822,1236.0,2,21
train,GreedyFullCharge,c102_50_21_NL__v3,c102,10,Large_Network,False,NO_FEASIBLE_ACTION,1236.0,22,0,0,False,-1725.6771829705688,1236.0,6,22
train,GreedyFullCharge,c102_50_21_NL__v4,c102,10,Large_Network,False,NO_FEASIBLE_ACTION,1236.0,0,0,0,False,-1634.2860182378315,1236.0,6,0
train,GreedyFullCharge,r107_50_21_NL__v0,r107,11,Large_Network,False,ZERO_CHARGE_NOOP,230.0,3,0,0,False,-388.96824598565746,230.0,4,3
train,GreedyFullCharge,r107_50_21_NL__v1,r107,7,Large_Network,False,ZERO_CHARGE_NOOP,230.0,2,0,0,False,-289.2476271839306,230.0,4,2
train,GreedyFullCharge,r107_50_21_NL__v2,r107,8,Large_Network,False,NO_FEASIBLE_ACTION,230.0,0,0,0,False,-365.3228310885039,230.0,3,0
train,GreedyFullCharge,r107_50_21_NL__v3,r107,8,Large_Network,False,NO_FEASIBLE_ACTION,230.0,0,0,0,False,-326.3076606843274,230.0,4,0
train,GreedyFullCharge,r107_50_21_NL__v4,r107,8,Large_Network,False,ZERO_CHARGE_NOOP,230.0,3,0,0,False,-366.9925225702426,230.0,2,3
train,GreedyFullCharge,r107_50_21_NL__v5,r107,8,Large_Network,False,NO_FEASIBLE_ACTION,230.0,0,0,0,False,-312.7202064553621,230.0,5,0
train,GreedyFullCharge,c102C25_NL__v0,c102,9,Medium_Network,False,NO_FEASIBLE_ACTION,1236.0,21,0,0,False,-2074.3764581644127,1236.0,2,21
train,GreedyFullCharge,c102C25_NL__v1,c102,8,Medium_Network,False,NO_FEASIBLE_ACTION,1236.0,22,0,0,False,-1632.7140551661855,1236.0,5,22
train,GreedyFullCharge,c102C25_NL__v2,c102,8,Medium_Network,False,NO_FEASIBLE_ACTION,1236.0,23,0,0,False,-1866.1382273082227,1236.0,3,23
train,GreedyFullCharge,c104C25_NL__v0,c104,8,Medium_Network,False,ZERO_CHARGE_NOOP,1236.0,14,0,0,False,-1390.4446374341246,1236.0,7,14
train,GreedyFullCharge,c104C25_NL__v1,c104,9,Medium_Network,False,ZERO_CHARGE_NOOP,1236.0,18,0,0,False,-1834.4455146494352,1236.0,4,18
train,GreedyFullCharge,c104C25_NL__v2,c104,8,Medium_Network,False,ZERO_CHARGE_NOOP,1236.0,12,0,0,False,-1359.5269315211742,1236.0,7,12
train,GreedyFullCharge,r104C25_NL__v0,r104,9,Medium_Network,False,ZERO_CHARGE_NOOP,230.0,3,0,0,False,-305.72460841328865,230.0,6,3
train,GreedyFullCharge,r104C25_NL__v1,r104,7,Medium_Network,False,NO_FEASIBLE_ACTION,230.0,0,0,0,False,-300.7439606799677,230.0,6,0
train,GreedyFullCharge,r104C25_NL__v2,r104,9,Medium_Network,False,ZERO_CHARGE_NOOP,230.0,0,0,0,False,-433.8809013552895,230.0,0,0
train,GreedyFullCharge,r107C25_NL__v0,r107,7,Medium_Network,False,ZERO_CHARGE_NOOP,230.0,11,0,0,False,-268.1513405875097,230.0,6,11
train,GreedyFullCharge,r107C25_NL__v1,r107,7,Medium_Network,False,ZERO_CHARGE_NOOP,230.0,0,0,0,False,-419.06483881789205,230.0,0,0
train,GreedyFullCharge,r107C25_NL__v2,r107,7,Medium_Network,False,ZERO_CHARGE_NOOP,230.0,3,0,0,False,-354.16387776390764,230.0,3,3
train,GreedyFullCharge,r107C25_NL__v3,r107,4,Medium_Network,False,ZERO_CHARGE_NOOP,230.0,10,0,0,False,-297.23566480203743,230.0,3,10
train,GreedyFullCharge,rc101C25_NL__v0,rc101,3,Medium_Network,False,ZERO_CHARGE_NOOP,240.0,7,0,0,False,-327.5204458563868,240.0,2,7
train,GreedyFullCharge,rc101C25_NL__v1,rc101,5,Medium_Network,False,ZERO_CHARGE_NOOP,240.0,17,0,0,False,-349.7675946457644,240.0,3,17
train,GreedyFullCharge,rc101C25_NL__v2,rc101,4,Medium_Network,False,ZERO_CHARGE_NOOP,240.0,2,0,0,False,-292.4907903574674,240.0,2,2
train,GreedyFullCharge,rc101C25_NL__v3,rc101,7,Medium_Network,False,ZERO_CHARGE_NOOP,240.0,2,0,0,False,-357.7782488337481,240.0,3,2
train,GreedyFullCharge,rc101C25_NL__v4,rc101,6,Medium_Network,False,ZERO_CHARGE_NOOP,240.0,0,0,0,False,-415.305550702457,240.0,0,0
train,GreedyFullCharge,rc103C25_NL__v0,rc103,10,Medium_Network,False,ZERO_CHARGE_NOOP,240.0,4,0,0,False,-350.72713328363454,240.0,4,4
train,GreedyFullCharge,rc103C25_NL__v1,rc103,5,Medium_Network,True,,213.3893965461283,1,0,0,False,-213.3893965461283,240.0,6,1
train,GreedyFullCharge,rc103C25_NL__v2,rc103,6,Medium_Network,False,ZERO_CHARGE_NOOP,240.0,6,0,0,False,-342.09639582875684,240.0,4,6
train,GreedyFullCharge,rc103C25_NL__v3,rc103,4,Medium_Network,False,NO_FEASIBLE_ACTION,240.0,1,0,0,False,-258.02775637732,240.0,4,1
train,GreedyFullCharge,rc104C25_NL__v0,rc104,5,Medium_Network,False,ZERO_CHARGE_NOOP,240.0,10,0,0,False,-301.3628317688175,240.0,4,10
train,GreedyFullCharge,rc104C25_NL__v1,rc104,8,Medium_Network,False,ZERO_CHARGE_NOOP,240.0,3,0,0,False,-318.33272688788344,240.0,6,3
train,GreedyFullCharge,rc104C25_NL__v2,rc104,6,Medium_Network,False,ZERO_CHARGE_NOOP,240.0,3,0,0,False,-293.45731852796257,240.0,4,3
train,GreedyFullCharge,rc104C25_NL__v3,rc104,6,Medium_Network,True,,209.81138830084188,1,0,0,False,-209.81138830084188,240.0,7,1
train,GreedyFullCharge,rc106C25_NL__v0,rc106,6,Medium_Network,False,NO_FEASIBLE_ACTION,240.0,21,0,0,False,-305.1961082979433,240.0,5,21
train,GreedyFullCharge,rc106C25_NL__v1,rc106,5,Medium_Network,False,ZERO_CHARGE_NOOP,240.0,2,0,0,False,-327.85481222470855,240.0,2,2
train,GreedyFullCharge,rc106C25_NL__v2,rc106,5,Medium_Network,False,NO_FEASIBLE_ACTION,240.0,0,0,0,False,-306.41966070458705,240.0,3,0
train,GreedyFullCharge,rc106C25_NL__v3,rc106,4,Medium_Network,False,NO_FEASIBLE_ACTION,240.0,21,0,0,False,-370.6043339902569,240.0,3,21
train,GreedyFullCharge,rc106C25_NL__v4,rc106,5,Medium_Network,False,NO_FEASIBLE_ACTION,240.0,0,0,0,False,-286.6996332582443,240.0,4,0
train,GreedyFullCharge,c104C10_L__v0,c104,10,Small_Network,False,NO_FEASIBLE_ACTION,1236.0,0,0,0,False,-2040.6740777431735,1236.0,3,0
train,GreedyFullCharge,c104C10_NL__v0,c104,10,Small_Network,False,NO_FEASIBLE_ACTION,1236.0,6,0,0,False,-1930.1281387618988,1236.0,4,6
train,GreedyFullCharge,c104C10_VG__v0,c104,10,Small_Network,False,NO_FEASIBLE_ACTION,1236.0,2,0,0,False,-1787.9745195202775,1236.0,5,2
train,GreedyFullCharge,r103C10_L__v0,r103,5,Small_Network,False,NO_FEASIBLE_ACTION,230.0,0,0,0,False,-311.648486196566,230.0,3,0
train,GreedyFullCharge,r103C10_L__v1,r103,5,Small_Network,False,NO_FEASIBLE_ACTION,230.0,3,0,0,False,-267.8035085019828,230.0,4,3
train,GreedyFullCharge,r103C10_NL__v0,r103,5,Small_Network,False,NO_FEASIBLE_ACTION,230.0,0,0,0,False,-311.648486196566,230.0,3,0
train,GreedyFullCharge,r103C10_NL__v1,r103,5,Small_Network,False,NO_FEASIBLE_ACTION,230.0,0,0,0,False,-235.0,230.0,5,0
train,GreedyFullCharge,r103C10_VG__v0,r103,5,Small_Network,False,NO_FEASIBLE_ACTION,230.0,0,0,0,False,-293.58622844826743,230.0,4,0
train,GreedyFullCharge,r103C10_VG__v1,r103,5,Small_Network,False,NO_FEASIBLE_ACTION,230.0,4,0,0,False,-267.8035085019828,230.0,4,4
train,GreedyFullCharge,r203C10_L__v0,r203,10,Small_Network,False,NO_FEASIBLE_ACTION,1000.0,1,0,0,False,-1173.2582254824758,1000.0,6,1
train,GreedyFullCharge,r203C10_NL__v0,r203,10,Small_Network,False,NO_FEASIBLE_ACTION,1000.0,0,0,0,False,-1200.2876118484023,1000.0,5,0
train,GreedyFullCharge,r203C10_VG__v0,r203,10,Small_Network,False,NO_FEASIBLE_ACTION,1000.0,3,0,0,False,-1173.2582254824758,1000.0,6,3
train,GreedyFullCharge,rc201C10_L__v0,rc201,10,Small_Network,False,NO_FEASIBLE_ACTION,960.0,7,0,0,False,-1238.4953476893818,960.0,4,7
train,GreedyFullCharge,rc201C10_NL__v0,rc201,10,Small_Network,False,NO_FEASIBLE_ACTION,960.0,1,0,0,False,-1288.3196073932968,960.0,3,1
train,GreedyFullCharge,rc201C10_VG__v0,rc201,10,Small_Network,False,NO_FEASIBLE_ACTION,960.0,1,0,0,False,-1288.3196073932968,960.0,3,1
train,GreedyFullCharge,c103C15_L__v0,c103,7,Small_Network,False,NO_FEASIBLE_ACTION,1236.0,5,0,0,False,-1734.0248354640744,1236.0,3,5
train,GreedyFullCharge,c103C15_L__v1,c103,8,Small_Network,False,NO_FEASIBLE_ACTION,1236.0,5,0,0,False,-1835.9269820789439,1236.0,3,5
train,GreedyFullCharge,c103C15_NL__v0,c103,7,Small_Network,False,NO_FEASIBLE_ACTION,1236.0,6,0,0,False,-1734.0248354640744,1236.0,3,6
train,GreedyFullCharge,c103C15_NL__v1,c103,8,Small_Network,False,NO_FEASIBLE_ACTION,1236.0,6,0,0,False,-1818.8814273514245,1236.0,3,6
train,GreedyFullCharge,c103C15_VG__v0,c103,7,Small_Network,False,ZERO_CHARGE_NOOP,1236.0,2,0,0,False,-1875.0203632335279,1236.0,1,2
train,GreedyFullCharge,c103C15_VG__v1,c103,8,Small_Network,False,NO_FEASIBLE_ACTION,1236.0,4,0,0,False,-1818.8814273514242,1236.0,3,4
train,GreedyFullCharge,c106C15_L__v0,c106,7,Small_Network,False,NO_FEASIBLE_ACTION,1236.0,0,0,0,False,-1680.0775581979156,1236.0,3,0
train,GreedyFullCharge,c106C15_L__v1,c106,8,Small_Network,False,NO_FEASIBLE_ACTION,1236.0,0,0,0,False,-1557.1850415144693,1236.0,5,0
train,GreedyFullCharge,c106C15_NL__v0,c106,7,Small_Network,False,NO_FEASIBLE_ACTION,1236.0,0,0,0,False,-1680.0775581979156,1236.0,3,0
train,GreedyFullCharge,c106C15_NL__v1,c106,8,Small_Network,False,NO_FEASIBLE_ACTION,1236.0,3,0,0,False,-1784.185041514469,1236.0,3,3
train,GreedyFullCharge,c106C15_VG__v0,c106,7,Small_Network,False,NO_FEASIBLE_ACTION,1236.0,4,0,0,False,-1695.4247332847858,1236.0,3,4
train,GreedyFullCharge,c106C15_VG__v1,c106,8,Small_Network,False,NO_FEASIBLE_ACTION,1236.0,0,0,0,False,-1762.9547701624788,1236.0,3,0
train,GreedyFullCharge,c208C15_L__v0,c208,15,Small_Network,False,NO_FEASIBLE_ACTION,3390.0,0,0,0,False,-4710.172921655155,3390.0,3,0
train,GreedyFullCharge,c208C15_NL__v0,c208,15,Small_Network,False,NO_FEASIBLE_ACTION,3390.0,3,0,0,False,-4641.069205802892,3390.0,4,3
train,GreedyFullCharge,c208C15_VG__v0,c208,15,Small_Network,False,NO_FEASIBLE_ACTION,3390.0,3,0,0,False,-4623.693274246069,3390.0,4,3
train,GreedyFullCharge,r105C15_L__v0,r105,6,Small_Network,False,NO_FEASIBLE_ACTION,230.0,7,0,0,False,-313.79126957218045,230.0,5,7
train,GreedyFullCharge,r105C15_L__v1,r105,5,Small_Network,False,NO_FEASIBLE_ACTION,230.0,0,0,0,False,-289.8855702072658,230.0,3,0
train,GreedyFullCharge,r105C15_L__v2,r105,4,Small_Network,False,NO_FEASIBLE_ACTION,230.0,6,0,0,False,-270.3661858806794,230.0,3,6
train,GreedyFullCharge,r105C15_NL__v0,r105,6,Small_Network,False,NO_FEASIBLE_ACTION,230.0,0,0,0,False,-352.43658257148525,230.0,2,0
train,GreedyFullCharge,r105C15_NL__v1,r105,5,Small_Network,False,ZERO_CHARGE_NOOP,230.0,1,0,0,False,-304.8855702072658,230.0,2,1
train,GreedyFullCharge,r105C15_NL__v2,r105,4,Small_Network,False,ZERO_CHARGE_NOOP,230.0,4,0,0,False,-244.4063122595237,230.0,3,4
train,GreedyFullCharge,r105C15_VG__v0,r105,6,Small_Network,False,ZERO_CHARGE_NOOP,230.0,3,0,0,False,-404.45324692397986,230.0,1,3
train,GreedyFullCharge,r105C15_VG__v1,r105,5,Small_Network,False,ZERO_CHARGE_NOOP,230.0,1,0,0,False,-304.8855702072658,230.0,2,1
train,GreedyFullCharge,r105C15_VG__v2,r105,4,Small_Network,False,NO_FEASIBLE_ACTION,230.0,5,0,0,False,-277.94733192202057,230.0,3,5
train,GreedyFullCharge,r202C15_L__v0,r202,15,Small_Network,False,NO_FEASIBLE_ACTION,1000.0,7,0,0,False,-1478.6095284462867,1000.0,3,7
train,GreedyFullCharge,r202C15_NL__v0,r202,15,Small_Network,False,NO_FEASIBLE_ACTION,1000.0,6,0,0,False,-1538.9922724541902,1000.0,2,6
train,GreedyFullCharge,r202C15_VG__v0,r202,15,Small_Network,False,NO_FEASIBLE_ACTION,1000.0,6,0,0,False,-1368.4036378125174,1000.0,5,6
train,GreedyFullCharge,rc103C15_L__v0,rc103,5,Small_Network,False,NO_FEASIBLE_ACTION,240.0,0,0,0,False,-285.8654172888031,240.0,4,0
train,GreedyFullCharge,rc103C15_L__v1,rc103,4,Small_Network,False,NO_FEASIBLE_ACTION,240.0,6,0,0,False,-364.9574951608848,240.0,3,6
train,GreedyFullCharge,rc103C15_L__v2,rc103,6,Small_Network,False,NO_FEASIBLE_ACTION,240.0,0,0,0,False,-319.15475947422647,240.0,4,0
train,GreedyFullCharge,rc103C15_NL__v0,rc103,5,Small_Network,False,NO_FEASIBLE_ACTION,240.0,3,0,0,False,-341.5600559239865,240.0,3,3
train,GreedyFullCharge,rc103C15_NL__v1,rc103,4,Small_Network,False,NO_FEASIBLE_ACTION,240.0,0,0,0,False,-347.1841989932485,240.0,2,0
train,GreedyFullCharge,rc103C15_NL__v2,rc103,6,Small_Network,False,NO_FEASIBLE_ACTION,240.0,4,0,0,False,-420.43903072168837,240.0,2,4
train,GreedyFullCharge,rc103C15_VG__v0,rc103,5,Small_Network,False,NO_FEASIBLE_ACTION,240.0,3,0,0,False,-341.5600559239865,240.0,3,3
train,GreedyFullCharge,rc103C15_VG__v1,rc103,4,Small_Network,False,NO_FEASIBLE_ACTION,240.0,3,0,0,False,-383.40083918166044,240.0,2,3
train,GreedyFullCharge,rc103C15_VG__v2,rc103,6,Small_Network,False,ZERO_CHARGE_NOOP,240.0,2,0,0,False,-376.24973903051955,240.0,2,2
train,GreedyFullCharge,rc202C15_L__v0,rc202,15,Small_Network,False,NO_FEASIBLE_ACTION,960.0,7,0,0,False,-1527.9358398599516,960.0,5,7
train,GreedyFullCharge,rc202C15_NL__v0,rc202,15,Small_Network,False,NO_FEASIBLE_ACTION,960.0,1,0,0,False,-1487.686499688757,960.0,5,1
train,GreedyFullCharge,rc202C15_VG__v0,rc202,15,Small_Network,False,NO_FEASIBLE_ACTION,960.0,7,0,0,False,-1527.9358398599516,960.0,5,7
train,GreedyFullCharge,rc204C15_L__v0,rc204,15,Small_Network,False,NO_FEASIBLE_ACTION,960.0,0,0,0,False,-1326.2505401544913,960.0,3,0
train,GreedyFullCharge,rc204C15_NL__v0,rc204,15,Small_Network,False,NO_FEASIBLE_ACTION,960.0,2,0,0,False,-1205.0971938079272,960.0,7,2
train,GreedyFullCharge,rc204C15_VG__v0,rc204,15,Small_Network,False,ZERO_CHARGE_NOOP,960.0,8,0,0,False,-1200.9521396183668,960.0,7,8
train,GreedyFullCharge,c103C5_L__v0,c103,5,Small_Network,False,NO_FEASIBLE_ACTION,1236.0,0,0,0,False,-1621.6155142875664,1236.0,2,0
train,GreedyFullCharge,c103C5_NL__v0,c103,5,Small_Network,False,NO_FEASIBLE_ACTION,1236.0,0,0,0,False,-1621.6155142875664,1236.0,2,0
train,GreedyFullCharge,c103C5_VG__v0,c103,5,Small_Network,False,NO_FEASIBLE_ACTION,1236.0,0,0,0,False,-1621.6155142875664,1236.0,2,0
train,GreedyFullCharge,c206C5_L__v0,c206,5,Small_Network,False,NO_FEASIBLE_ACTION,3390.0,1,0,0,False,-3585.8210237470794,3390.0,4,1
train,GreedyFullCharge,c206C5_NL__v0,c206,5,Small_Network,True,,2814.8112797438116,5,0,0,False,-2814.8112797438116,3390.0,6,5
train,GreedyFullCharge,c206C5_VG__v0,c206,5,Small_Network,False,NO_FEASIBLE_ACTION,3390.0,3,0,0,False,-3947.266018743752,3390.0,1,3
train,GreedyFullCharge,c208C5_L__v0,c208,5,Small_Network,True,,2399.495313058383,2,0,0,False,-2399.495313058383,3390.0,6,2
train,GreedyFullCharge,c208C5_NL__v0,c208,5,Small_Network,False,NO_FEASIBLE_ACTION,3390.0,1,0,0,False,-3430.3112887414927,3390.0,5,1
train,GreedyFullCharge,c208C5_VG__v0,c208,5,Small_Network,False,NO_FEASIBLE_ACTION,3390.0,1,0,0,False,-3430.3112887414927,3390.0,5,1
train,GreedyFullCharge,r104C5_L__v0,r104,5,Small_Network,False,NO_FEASIBLE_ACTION,230.0,1,0,0,False,-269.698484809835,230.0,4,1
train,GreedyFullCharge,r104C5_NL__v0,r104,5,Small_Network,False,NO_FEASIBLE_ACTION,230.0,5,0,0,False,-323.74391590092546,230.0,3,5
train,GreedyFullCharge,r104C5_VG__v0,r104,5,Small_Network,False,NO_FEASIBLE_ACTION,230.0,0,0,0,False,-352.74081808129307,230.0,2,0
train,GreedyFullCharge,r105C5_L__v0,r105,2,Small_Network,False,NO_FEASIBLE_ACTION,230.0,0,0,0,False,-236.32455532033674,230.0,2,0
train,GreedyFullCharge,r105C5_L__v1,r105,3,Small_Network,False,NO_FEASIBLE_ACTION,230.0,3,0,0,False,-328.2479411793702,230.0,1,3
train,GreedyFullCharge,r105C5_NL__v0,r105,2,Small_Network,False,NO_FEASIBLE_ACTION,230.0,3,0,0,False,-271.32455532033674,230.0,1,3
train,GreedyFullCharge,r105C5_NL__v1,r105,3,Small_Network,False,NO_FEASIBLE_ACTION,230.0,3,0,0,False,-328.2479411793702,230.0,1,3
train,GreedyFullCharge,r105C5_VG__v0,r105,2,Small_Network,False,NO_FEASIBLE_ACTION,230.0,3,0,0,False,-271.32455532033674,230.0,1,3
train,GreedyFullCharge,r105C5_VG__v1,r105,3,Small_Network,False,NO_FEASIBLE_ACTION,230.0,2,0,0,False,-282.7546125673168,230.0,1,2
train,GreedyFullCharge,r202C5_L__v0,r202,5,Small_Network,False,NO_FEASIBLE_ACTION,1000.0,0,0,0,False,-1109.1615891833942,1000.0,2,0
train,GreedyFullCharge,r202C5_NL__v0,r202,5,Small_Network,False,NO_FEASIBLE_ACTION,1000.0,0,0,0,False,-1109.1615891833942,1000.0,2,0
train,GreedyFullCharge,r202C5_VG__v0,r202,5,Small_Network,False,NO_FEASIBLE_ACTION,1000.0,0,0,0,False,-1109.1615891833942,1000.0,2,0
train,GreedyFullCharge,r203C5_L__v0,r203,5,Small_Network,True,,690.4602405903871,3,0,0,False,-690.4602405903871,1000.0,6,3
train,GreedyFullCharge,r203C5_NL__v0,r203,5,Small_Network,False,NO_FEASIBLE_ACTION,1000.0,0,0,0,False,-1184.5111860951715,1000.0,1,0
train,GreedyFullCharge,r203C5_VG__v0,r203,5,Small_Network,False,NO_FEASIBLE_ACTION,1000.0,5,0,0,False,-1155.0639538402447,1000.0,2,5
train,GreedyFullCharge,rc105C5_L__v0,rc105,3,Small_Network,False,NO_FEASIBLE_ACTION,240.0,4,0,0,False,-327.1985103520034,240.0,1,4
train,GreedyFullCharge,rc105C5_L__v1,rc105,2,Small_Network,False,NO_FEASIBLE_ACTION,240.0,0,0,0,False,-275.0,240.0,2,0
train,GreedyFullCharge,rc105C5_NL__v0,rc105,3,Small_Network,False,ZERO_CHARGE_NOOP,240.0,3,0,0,False,-285.7980272630345,240.0,1,3
train,GreedyFullCharge,rc105C5_NL__v1,rc105,2,Small_Network,True,,195.64494901193152,1,0,0,False,-195.64494901193152,240.0,3,1
train,GreedyFullCharge,rc105C5_VG__v0,rc105,3,Small_Network,False,ZERO_CHARGE_NOOP,240.0,3,0,0,False,-285.7980272630345,240.0,1,3
train,GreedyFullCharge,rc105C5_VG__v1,rc105,2,Small_Network,True,,191.3636493809546,1,0,0,False,-191.3636493809546,240.0,3,1
train,GreedyFullCharge,rc204C5_L__v0,rc204,5,Small_Network,False,NO_FEASIBLE_ACTION,960.0,1,0,0,False,-998.0525951808809,960.0,5,1
train,GreedyFullCharge,rc204C5_NL__v0,rc204,5,Small_Network,True,,920.3631263440752,2,0,0,False,-920.3631263440752,960.0,6,2
train,GreedyFullCharge,rc204C5_VG__v0,rc204,5,Small_Network,False,ZERO_CHARGE_NOOP,960.0,5,0,0,False,-1035.2472796628454,960.0,4,5
train,OneStepLookahead,c102_50_21_NL__v0,c102,10,Large_Network,False,NO_FEASIBLE_ACTION,1236.0,9,0,0,False,-2309.5865668644806,1236.0,0,9
train,OneStepLookahead,c102_50_21_NL__v1,c102,10,Large_Network,False,NO_FEASIBLE_ACTION,1236.0,3,0,0,False,-2222.4059145977385,1236.0,1,3
train,OneStepLookahead,c102_50_21_NL__v2,c102,10,Large_Network,False,NO_FEASIBLE_ACTION,1236.0,4,0,0,False,-2147.0589822147886,1236.0,2,4
train,OneStepLookahead,c102_50_21_NL__v3,c102,10,Large_Network,False,NO_FEASIBLE_ACTION,1236.0,19,0,0,False,-2262.2446428545027,1236.0,0,19
train,OneStepLookahead,c102_50_21_NL__v4,c102,10,Large_Network,False,NO_FEASIBLE_ACTION,1236.0,13,0,0,False,-2297.072800436845,1236.0,0,13
train,OneStepLookahead,r107_50_21_NL__v0,r107,11,Large_Network,False,NO_FEASIBLE_ACTION,230.0,9,0,0,False,-387.810489662847,230.0,4,9
train,OneStepLookahead,r107_50_21_NL__v1,r107,7,Large_Network,False,NO_FEASIBLE_ACTION,230.0,6,0,0,False,-363.9608675472594,230.0,2,6
train,OneStepLookahead,r107_50_21_NL__v2,r107,8,Large_Network,False,NO_FEASIBLE_ACTION,230.0,6,0,0,False,-418.6614472213304,230.0,1,6
train,OneStepLookahead,r107_50_21_NL__v3,r107,8,Large_Network,False,NO_FEASIBLE_ACTION,230.0,1,0,0,False,-344.7929420585659,230.0,3,1
train,OneStepLookahead,r107_50_21_NL__v4,r107,8,Large_Network,False,NO_FEASIBLE_ACTION,230.0,20,0,0,False,-438.0379876907881,230.0,2,20
train,OneStepLookahead,r107_50_21_NL__v5,r107,8,Large_Network,False,NO_FEASIBLE_ACTION,230.0,13,0,0,False,-397.53330691243445,230.0,4,13
train,OneStepLookahead,c102C25_NL__v0,c102,9,Medium_Network,False,NO_FEASIBLE_ACTION,1236.0,2,0,0,False,-2040.3830090405404,1236.0,2,2
train,OneStepLookahead,c102C25_NL__v1,c102,8,Medium_Network,False,NO_FEASIBLE_ACTION,1236.0,15,0,0,False,-2050.5385928140217,1236.0,1,15
train,OneStepLookahead,c102C25_NL__v2,c102,8,Medium_Network,False,NO_FEASIBLE_ACTION,1236.0,2,0,0,False,-1894.1532004380267,1236.0,2,2
train,OneStepLookahead,c104C25_NL__v0,c104,8,Medium_Network,False,NO_FEASIBLE_ACTION,1236.0,12,0,0,False,-1709.8125130052374,1236.0,4,12
train,OneStepLookahead,c104C25_NL__v1,c104,9,Medium_Network,False,NO_FEASIBLE_ACTION,1236.0,2,0,0,False,-1760.7870866461908,1236.0,4,2
train,OneStepLookahead,c104C25_NL__v2,c104,8,Medium_Network,False,NO_FEASIBLE_ACTION,1236.0,8,0,0,False,-1350.422205101856,1236.0,7,8
train,OneStepLookahead,r104C25_NL__v0,r104,9,Medium_Network,False,NO_FEASIBLE_ACTION,230.0,17,0,0,False,-436.71703023464903,230.0,1,17
train,OneStepLookahead,r104C25_NL__v1,r104,7,Medium_Network,False,NO_FEASIBLE_ACTION,230.0,6,0,0,False,-276.7032973226652,230.0,6,6
train,OneStepLookahead,r104C25_NL__v2,r104,9,Medium_Network,False,NO_FEASIBLE_ACTION,230.0,20,0,0,False,-470.92399515386774,230.0,0,20
train,OneStepLookahead,r107C25_NL__v0,r107,7,Medium_Network,False,NO_FEASIBLE_ACTION,230.0,8,0,0,False,-272.09038390576774,230.0,6,8
train,OneStepLookahead,r107C25_NL__v1,r107,7,Medium_Network,False,NO_FEASIBLE_ACTION,230.0,11,0,0,False,-456.57926170825044,230.0,0,11
train,OneStepLookahead,r107C25_NL__v2,r107,7,Medium_Network,False,NO_FEASIBLE_ACTION,230.0,7,0,0,False,-400.5917861362035,230.0,0,7
train,OneStepLookahead,r107C25_NL__v3,r107,4,Medium_Network,False,NO_FEASIBLE_ACTION,230.0,22,0,0,False,-270.6654037492092,230.0,3,22
train,OneStepLookahead,rc101C25_NL__v0,rc101,3,Medium_Network,False,NO_FEASIBLE_ACTION,240.0,17,0,0,False,-389.3176095267304,240.0,1,17
train,OneStepLookahead,rc101C25_NL__v1,rc101,5,Medium_Network,False,NO_FEASIBLE_ACTION,240.0,6,0,0,False,-322.20407221060066,240.0,3,6
train,OneStepLookahead,rc101C25_NL__v2,rc101,4,Medium_Network,False,NO_FEASIBLE_ACTION,240.0,8,0,0,False,-379.21975175582224,240.0,0,8
train,OneStepLookahead,rc101C25_NL__v3,rc101,7,Medium_Network,False,NO_FEASIBLE_ACTION,240.0,17,0,0,False,-452.2038482928257,240.0,2,17
train,OneStepLookahead,rc101C25_NL__v4,rc101,6,Medium_Network,False,NO_FEASIBLE_ACTION,240.0,18,0,0,False,-457.7865507133954,240.0,0,18
train,OneStepLookahead,rc103C25_NL__v0,rc103,10,Medium_Network,False,NO_FEASIBLE_ACTION,240.0,14,0,0,False,-419.4009214489602,240.0,2,14
train,OneStepLookahead,rc103C25_NL__v1,rc103,5,Medium_Network,True,,229.81067801310763,4,0,0,False,-229.81067801310763,240.0,6,4
train,OneStepLookahead,rc103C25_NL__v2,rc103,6,Medium_Network,False,NO_FEASIBLE_ACTION,240.0,24,0,0,False,-377.01201470057526,240.0,4,24
train,OneStepLookahead,rc103C25_NL__v3,rc103,4,Medium_Network,False,NO_FEASIBLE_ACTION,240.0,2,0,0,False,-258.02775637732,240.0,4,2
train,OneStepLookahead,rc104C25_NL__v0,rc104,5,Medium_Network,False,NO_FEASIBLE_ACTION,240.0,19,0,0,False,-364.3943668156869,240.0,4,19
train,OneStepLookahead,rc104C25_NL__v1,rc104,8,Medium_Network,False,NO_FEASIBLE_ACTION,240.0,15,0,0,False,-337.1685336011265,240.0,5,15
train,OneStepLookahead,rc104C25_NL__v2,rc104,6,Medium_Network,False,NO_FEASIBLE_ACTION,240.0,16,0,0,False,-375.9593668287528,240.0,3,16
train,OneStepLookahead,rc104C25_NL__v3,rc104,6,Medium_Network,True,,231.61281767675948,3,0,0,False,-231.61281767675948,240.0,7,3
train,OneStepLookahead,rc106C25_NL__v0,rc106,6,Medium_Network,False,NO_FEASIBLE_ACTION,240.0,17,0,0,False,-330.6310208014254,240.0,5,17
train,OneStepLookahead,rc106C25_NL__v1,rc106,5,Medium_Network,False,NO_FEASIBLE_ACTION,240.0,25,0,0,False,-376.70831746635974,240.0,2,25
train,OneStepLookahead,rc106C25_NL__v2,rc106,5,Medium_Network,False,NO_FEASIBLE_ACTION,240.0,20,0,0,False,-417.9695214351667,240.0,0,20
train,OneStepLookahead,rc106C25_NL__v3,rc106,4,Medium_Network,False,NO_FEASIBLE_ACTION,240.0,9,0,0,False,-298.67620816560026,240.0,3,9
train,OneStepLookahead,rc106C25_NL__v4,rc106,5,Medium_Network,False,NO_FEASIBLE_ACTION,240.0,20,0,0,False,-357.4555815484972,240.0,2,20
train,OneStepLookahead,c104C10_L__v0,c104,10,Small_Network,False,NO_FEASIBLE_ACTION,1236.0,4,0,0,False,-2302.4206127335738,1236.0,1,4
train,OneStepLookahead,c104C10_NL__v0,c104,10,Small_Network,False,NO_FEASIBLE_ACTION,1236.0,4,0,0,False,-1910.3627890016808,1236.0,4,4
train,OneStepLookahead,c104C10_VG__v0,c104,10,Small_Network,False,NO_FEASIBLE_ACTION,1236.0,4,0,0,False,-1910.3627890016808,1236.0,4,4
train,OneStepLookahead,r103C10_L__v0,r103,5,Small_Network,False,NO_FEASIBLE_ACTION,230.0,2,0,0,False,-257.58622844826743,230.0,5,2
train,OneStepLookahead,r103C10_L__v1,r103,5,Small_Network,True,,189.37278694784055,2,0,0,False,-189.37278694784055,230.0,6,2
train,OneStepLookahead,r103C10_NL__v0,r103,5,Small_Network,False,NO_FEASIBLE_ACTION,230.0,6,0,0,False,-309.34745448390964,230.0,4,6
train,OneStepLookahead,r103C10_NL__v1,r103,5,Small_Network,True,,189.37278694784055,2,0,0,False,-189.37278694784055,230.0,6,2
train,OneStepLookahead,r103C10_VG__v0,r103,5,Small_Network,False,NO_FEASIBLE_ACTION,230.0,2,0,0,False,-311.648486196566,230.0,3,2
train,OneStepLookahead,r103C10_VG__v1,r103,5,Small_Network,False,NO_FEASIBLE_ACTION,230.0,3,0,0,False,-294.7704616807979,230.0,2,3
train,OneStepLookahead,r203C10_L__v0,r203,10,Small_Network,False,NO_FEASIBLE_ACTION,1000.0,2,0,0,False,-1173.2582254824758,1000.0,6,2
train,OneStepLookahead,r203C10_NL__v0,r203,10,Small_Network,False,NO_FEASIBLE_ACTION,1000.0,2,0,0,False,-1173.2582254824758,1000.0,6,2
train,OneStepLookahead,r203C10_VG__v0,r203,10,Small_Network,False,NO_FEASIBLE_ACTION,1000.0,2,0,0,False,-1200.2876118484023,1000.0,5,2
train,OneStepLookahead,rc201C10_L__v0,rc201,10,Small_Network,False,NO_FEASIBLE_ACTION,960.0,6,0,0,False,-1325.8332403776917,960.0,2,6
train,OneStepLookahead,rc201C10_NL__v0,rc201,10,Small_Network,False,NO_FEASIBLE_ACTION,960.0,1,0,0,False,-1349.3098025292245,960.0,2,1
train,OneStepLookahead,rc201C10_VG__v0,rc201,10,Small_Network,False,NO_FEASIBLE_ACTION,960.0,1,0,0,False,-1349.3098025292247,960.0,2,1
train,OneStepLookahead,c103C15_L__v0,c103,7,Small_Network,False,NO_FEASIBLE_ACTION,1236.0,6,0,0,False,-1933.3059045576872,1236.0,1,6
train,OneStepLookahead,c103C15_L__v1,c103,8,Small_Network,False,NO_FEASIBLE_ACTION,1236.0,2,0,0,False,-1686.8338352681671,1236.0,4,2
train,OneStepLookahead,c103C15_NL__v0,c103,7,Small_Network,False,NO_FEASIBLE_ACTION,1236.0,4,0,0,False,-1714.4101791534567,1236.0,3,4
train,OneStepLookahead,c103C15_NL__v1,c103,8,Small_Network,False,NO_FEASIBLE_ACTION,1236.0,3,0,0,False,-1591.8338352681671,1236.0,5,3
train,OneStepLookahead,c103C15_VG__v0,c103,7,Small_Network,False,NO_FEASIBLE_ACTION,1236.0,4,0,0,False,-1933.3059045576872,1236.0,1,4
train,OneStepLookahead,c103C15_VG__v1,c103,8,Small_Network,False,NO_FEASIBLE_ACTION,1236.0,4,0,0,False,-1591.8338352681671,1236.0,5,4
train,OneStepLookahead,c106C15_L__v0,c106,7,Small_Network,False,NO_FEASIBLE_ACTION,1236.0,5,0,0,False,-1695.4247332847858,1236.0,3,5
train,OneStepLookahead,c106C15_L__v1,c106,8,Small_Network,False,NO_FEASIBLE_ACTION,1236.0,1,0,0,False,-1649.1850415144693,1236.0,4,1
train,OneStepLookahead,c106C15_NL__v0,c106,7,Small_Network,False,NO_FEASIBLE_ACTION,1236.0,5,0,0,False,-1695.4247332847858,1236.0,3,5
train,OneStepLookahead,c106C15_NL__v1,c106,8,Small_Network,False,NO_FEASIBLE_ACTION,1236.0,2,0,0,False,-1747.2472992627677,1236.0,3,2
train,OneStepLookahead,c106C15_VG__v0,c106,7,Small_Network,False,NO_FEASIBLE_ACTION,1236.0,5,0,0,False,-1681.919743857415,1236.0,3,5
train,OneStepLookahead,c106C15_VG__v1,c106,8,Small_Network,False,NO_FEASIBLE_ACTION,1236.0,0,0,0,False,-1762.9547701624788,1236.0,3,0
train,OneStepLookahead,c208C15_L__v0,c208,15,Small_Network,False,NO_FEASIBLE_ACTION,3390.0,1,0,0,False,-4710.172921655155,3390.0,3,1
train,OneStepLookahead,c208C15_NL__v0,c208,15,Small_Network,False,NO_FEASIBLE_ACTION,3390.0,2,0,0,False,-4641.069205802892,3390.0,4,2
train,OneStepLookahead,c208C15_VG__v0,c208,15,Small_Network,False,NO_FEASIBLE_ACTION,3390.0,2,0,0,False,-4641.069205802892,3390.0,4,2
train,OneStepLookahead,r105C15_L__v0,r105,6,Small_Network,False,NO_FEASIBLE_ACTION,230.0,2,0,0,False,-328.8351120627498,230.0,3,2
train,OneStepLookahead,r105C15_L__v1,r105,5,Small_Network,False,NO_FEASIBLE_ACTION,230.0,6,0,0,False,-289.13608780907356,230.0,3,6
train,OneStepLookahead,r105C15_L__v2,r105,4,Small_Network,False,NO_FEASIBLE_ACTION,230.0,5,0,0,False,-364.56941315512313,230.0,0,5
train,OneStepLookahead,r105C15_NL__v0,r105,6,Small_Network,False,NO_FEASIBLE_ACTION,230.0,0,0,0,False,-352.43658257148525,230.0,2,0
train,OneStepLookahead,r105C15_NL__v1,r105,5,Small_Network,False,NO_FEASIBLE_ACTION,230.0,5,0,0,False,-312.36502754508,230.0,3,5
train,OneStepLookahead,r105C15_NL__v2,r105,4,Small_Network,False,NO_FEASIBLE_ACTION,230.0,6,0,0,False,-252.6491106406735,230.0,3,6
train,OneStepLookahead,r105C15_VG__v0,r105,6,Small_Network,False,NO_FEASIBLE_ACTION,230.0,5,0,0,False,-413.8661460539804,230.0,1,5
train,OneStepLookahead,r105C15_VG__v1,r105,5,Small_Network,False,NO_FEASIBLE_ACTION,230.0,4,0,0,False,-304.92220376891487,230.0,3,4
train,OneStepLookahead,r105C15_VG__v2,r105,4,Small_Network,False,NO_FEASIBLE_ACTION,230.0,6,0,0,False,-252.6491106406735,230.0,3,6
train,OneStepLookahead,r202C15_L__v0,r202,15,Small_Network,False,NO_FEASIBLE_ACTION,1000.0,3,0,0,False,-1415.374201829462,1000.0,4,3
train,OneStepLookahead,r202C15_NL__v0,r202,15,Small_Network,False,NO_FEASIBLE_ACTION,1000.0,5,0,0,False,-1500.0748587400667,1000.0,2,5
train,OneStepLookahead,r202C15_VG__v0,r202,15,Small_Network,False,NO_FEASIBLE_ACTION,1000.0,3,0,0,False,-1438.180450304328,1000.0,3,3
train,OneStepLookahead,rc103C15_L__v0,rc103,5,Small_Network,True,,181.16247582958144,1,0,0,False,-181.16247582958144,240.0,6,1
train,OneStepLookahead,rc103C15_L__v1,rc103,4,Small_Network,False,NO_FEASIBLE_ACTION,240.0,7,0,0,False,-393.5930786448391,240.0,2,7
train,OneStepLookahead,rc103C15_L__v2,rc103,6,Small_Network,False,NO_FEASIBLE_ACTION,240.0,0,0,0,False,-319.15475947422647,240.0,4,0
train,OneStepLookahead,rc103C15_NL__v0,rc103,5,Small_Network,True,,181.16247582958144,1,0,0,False,-181.16247582958144,240.0,6,1
train,OneStepLookahead,rc103C15_NL__v1,rc103,4,Small_Network,False,NO_FEASIBLE_ACTION,240.0,5,0,0,False,-383.40083918166044,240.0,2,5
train,OneStepLookahead,rc103C15_NL__v2,rc103,6,Small_Network,False,NO_FEASIBLE_ACTION,240.0,3,0,0,False,-432.33895368004016,240.0,2,3
train,OneStepLookahead,rc103C15_VG__v0,rc103,5,Small_Network,True,,181.16247582958144,1,0,0,False,-181.16247582958144,240.0,6,1
train,OneStepLookahead,rc103C15_VG__v1,rc103,4,Small_Network,False,NO_FEASIBLE_ACTION,240.0,6,0,0,False,-383.40083918166044,240.0,2,6
train,OneStepLookahead,rc103C15_VG__v2,rc103,6,Small_Network,False,NO_FEASIBLE_ACTION,240.0,3,0,0,False,-432.33895368004016,240.0,2,3
train,OneStepLookahead,rc202C15_L__v0,rc202,15,Small_Network,False,NO_FEASIBLE_ACTION,960.0,6,0,0,False,-1660.2677030471773,960.0,1,6
train,OneStepLookahead,rc202C15_NL__v0,rc202,15,Small_Network,False,NO_FEASIBLE_ACTION,960.0,4,0,0,False,-1576.6593111072375,960.0,3,4
train,OneStepLookahead,rc202C15_VG__v0,rc202,15,Small_Network,False,NO_FEASIBLE_ACTION,960.0,6,0,0,False,-1514.8037424573808,960.0,4,6
train,OneStepLookahead,rc204C15_L__v0,rc204,15,Small_Network,False,NO_FEASIBLE_ACTION,960.0,7,0,0,False,-1205.0971938079272,960.0,7,7
train,OneStepLookahead,rc204C15_NL__v0,rc204,15,Small_Network,False,NO_FEASIBLE_ACTION,960.0,6,0,0,False,-1251.4977432543296,960.0,6,6
train,OneStepLookahead,rc204C15_VG__v0,rc204,15,Small_Network,False,NO_FEASIBLE_ACTION,960.0,4,0,0,False,-1365.8340523155439,960.0,3,4
train,OneStepLookahead,c103C5_L__v0,c103,5,Small_Network,False,NO_FEASIBLE_ACTION,1236.0,1,0,0,False,-1399.0788655293195,1236.0,4,1
train,OneStepLookahead,c103C5_NL__v0,c103,5,Small_Network,False,NO_FEASIBLE_ACTION,1236.0,2,0,0,False,-1399.0788655293195,1236.0,4,2
train,OneStepLookahead,c103C5_VG__v0,c103,5,Small_Network,False,NO_FEASIBLE_ACTION,1236.0,2,0,0,False,-1399.0788655293195,1236.0,4,2
train,OneStepLookahead,c206C5_L__v0,c206,5,Small_Network,False,NO_FEASIBLE_ACTION,3390.0,1,0,0,False,-3833.856618922313,3390.0,2,1
train,OneStepLookahead,c206C5_NL__v0,c206,5,Small_Network,False,NO_FEASIBLE_ACTION,3390.0,4,0,0,False,-3585.8210237470794,3390.0,4,4
train,OneStepLookahead,c206C5_VG__v0,c206,5,Small_Network,False,NO_FEASIBLE_ACTION,3390.0,3,0,0,False,-3933.0761633796055,3390.0,1,3
train,OneStepLookahead,c208C5_L__v0,c208,5,Small_Network,False,NO_FEASIBLE_ACTION,3390.0,4,0,0,False,-3430.3112887414927,3390.0,5,4
train,OneStepLookahead,c208C5_NL__v0,c208,5,Small_Network,False,NO_FEASIBLE_ACTION,3390.0,2,0,0,False,-3762.462017805166,3390.0,2,2
train,OneStepLookahead,c208C5_VG__v0,c208,5,Small_Network,False,NO_FEASIBLE_ACTION,3390.0,3,0,0,False,-3430.3112887414927,3390.0,5,3
train,OneStepLookahead,r104C5_L__v0,r104,5,Small_Network,False,NO_FEASIBLE_ACTION,230.0,3,0,0,False,-412.8118489897693,230.0,0,3
train,OneStepLookahead,r104C5_NL__v0,r104,5,Small_Network,False,NO_FEASIBLE_ACTION,230.0,5,0,0,False,-308.10160904726786,230.0,2,5
train,OneStepLookahead,r104C5_VG__v0,r104,5,Small_Network,False,NO_FEASIBLE_ACTION,230.0,0,0,0,False,-352.74081808129307,230.0,2,0
train,OneStepLookahead,r105C5_L__v0,r105,2,Small_Network,False,NO_FEASIBLE_ACTION,230.0,4,0,0,False,-271.32455532033674,230.0,1,4
train,OneStepLookahead,r105C5_L__v1,r105,3,Small_Network,False,NO_FEASIBLE_ACTION,230.0,1,0,0,False,-266.04640863481745,230.0,2,1
train,OneStepLookahead,r105C5_NL__v0,r105,2,Small_Network,False,NO_FEASIBLE_ACTION,230.0,3,0,0,False,-252.6491106406735,230.0,1,3
train,OneStepLookahead,r105C5_NL__v1,r105,3,Small_Network,False,NO_FEASIBLE_ACTION,230.0,3,0,0,False,-282.7546125673168,230.0,1,3
train,OneStepLookahead,r105C5_VG__v0,r105,2,Small_Network,False,NO_FEASIBLE_ACTION,230.0,2,0,0,False,-252.6491106406735,230.0,1,2
train,OneStepLookahead,r105C5_VG__v1,r105,3,Small_Network,False,NO_FEASIBLE_ACTION,230.0,1,0,0,False,-301.65890558454885,230.0,1,1
train,OneStepLookahead,r202C5_L__v0,r202,5,Small_Network,False,NO_FEASIBLE_ACTION,1000.0,2,0,0,False,-1109.1615891833942,1000.0,2,2
train,OneStepLookahead,r202C5_NL__v0,r202,5,Small_Network,False,NO_FEASIBLE_ACTION,1000.0,0,0,0,False,-1109.1615891833942,1000.0,2,0
train,OneStepLookahead,r202C5_VG__v0,r202,5,Small_Network,False,NO_FEASIBLE_ACTION,1000.0,0,0,0,False,-1109.1615891833942,1000.0,2,0
train,OneStepLookahead,r203C5_L__v0,r203,5,Small_Network,False,NO_FEASIBLE_ACTION,1000.0,6,0,0,False,-1069.2756996918044,1000.0,4,6
train,OneStepLookahead,r203C5_NL__v0,r203,5,Small_Network,True,,757.0134129379459,8,0,0,False,-757.0134129379459,1000.0,6,8
train,OneStepLookahead,r203C5_VG__v0,r203,5,Small_Network,False,NO_FEASIBLE_ACTION,1000.0,2,0,0,False,-1145.3907465380496,1000.0,2,2
train,OneStepLookahead,rc105C5_L__v0,rc105,3,Small_Network,False,NO_FEASIBLE_ACTION,240.0,5,0,0,False,-308.05871910374685,240.0,1,5
train,OneStepLookahead,rc105C5_L__v1,rc105,2,Small_Network,False,NO_FEASIBLE_ACTION,240.0,3,0,0,False,-296.04536101718725,240.0,1,3
train,OneStepLookahead,rc105C5_NL__v0,rc105,3,Small_Network,False,NO_FEASIBLE_ACTION,240.0,4,0,0,False,-327.1985103520034,240.0,1,4
train,OneStepLookahead,rc105C5_NL__v1,rc105,2,Small_Network,True,,178.39971162898547,3,0,0,False,-178.39971162898547,240.0,3,3
train,OneStepLookahead,rc105C5_VG__v0,rc105,3,Small_Network,False,NO_FEASIBLE_ACTION,240.0,4,0,0,False,-327.1985103520034,240.0,1,4
train,OneStepLookahead,rc105C5_VG__v1,rc105,2,Small_Network,False,NO_FEASIBLE_ACTION,240.0,4,0,0,False,-296.04536101718725,240.0,1,4
train,OneStepLookahead,rc204C5_L__v0,rc204,5,Small_Network,False,NO_FEASIBLE_ACTION,960.0,5,0,0,False,-1026.4557194183137,960.0,3,5
train,OneStepLookahead,rc204C5_NL__v0,rc204,5,Small_Network,False,NO_FEASIBLE_ACTION,960.0,5,0,0,False,-1026.4557194183137,960.0,3,5
train,OneStepLookahead,rc204C5_VG__v0,rc204,5,Small_Network,False,NO_FEASIBLE_ACTION,960.0,9,0,0,False,-1036.3314157769805,960.0,3,9
validation,GreedyMinimumSufficientCharge,r102_50_21_NL__v0,r102,9,Large_Network,False,ZERO_CHARGE_NOOP,230.0,5,0,0,False,-358.2662623215132,230.0,4,5
validation,GreedyMinimumSufficientCharge,r102_50_21_NL__v1,r102,4,Large_Network,True,,205.48168857965683,1,0,0,False,-205.48168857965683,230.0,5,1
validation,GreedyMinimumSufficientCharge,r102_50_21_NL__v2,r102,4,Large_Network,True,,152.39699480017086,0,0,0,False,-152.39699480017086,230.0,5,0
validation,GreedyMinimumSufficientCharge,r102_50_21_NL__v3,r102,5,Large_Network,False,NO_FEASIBLE_ACTION,230.0,13,0,0,False,-378.19540701781193,230.0,2,13
validation,GreedyMinimumSufficientCharge,r102_50_21_NL__v4,r102,3,Large_Network,True,,144.97056274847714,0,0,0,False,-144.97056274847714,230.0,4,0
validation,GreedyMinimumSufficientCharge,r102_50_21_NL__v5,r102,8,Large_Network,False,ZERO_CHARGE_NOOP,230.0,6,0,0,False,-381.59815228454954,230.0,1,6
validation,GreedyMinimumSufficientCharge,r102_50_21_NL__v6,r102,6,Large_Network,True,,207.14247115573266,1,0,0,False,-207.14247115573266,230.0,7,1
validation,GreedyMinimumSufficientCharge,r102_50_21_NL__v7,r102,3,Large_Network,False,ZERO_CHARGE_NOOP,230.0,16,0,0,False,-326.4917371983913,230.0,2,16
validation,GreedyMinimumSufficientCharge,r102_50_21_NL__v8,r102,4,Large_Network,True,,228.88837040858965,1,0,0,False,-228.88837040858965,230.0,5,1
validation,GreedyMinimumSufficientCharge,r102_50_21_NL__v9,r102,4,Large_Network,True,,227.64680307460267,3,0,0,False,-227.64680307460267,230.0,5,3
validation,GreedyMinimumSufficientCharge,c108C25_NL__v0,c108,6,Medium_Network,False,NO_FEASIBLE_ACTION,1236.0,2,0,0,False,-1491.5601878350863,1236.0,4,2
validation,GreedyMinimumSufficientCharge,c108C25_NL__v1,c108,9,Medium_Network,False,ZERO_CHARGE_NOOP,1236.0,5,0,0,False,-1463.8153356812068,1236.0,7,5
validation,GreedyMinimumSufficientCharge,c108C25_NL__v2,c108,10,Medium_Network,False,NO_FEASIBLE_ACTION,1236.0,4,0,0,False,-1775.6253403914457,1236.0,5,4
validation,GreedyMinimumSufficientCharge,r102C25_NL__v0,r102,5,Medium_Network,False,NO_FEASIBLE_ACTION,230.0,1,0,0,False,-279.1896201004171,230.0,4,1
validation,GreedyMinimumSufficientCharge,r102C25_NL__v1,r102,3,Medium_Network,True,,185.4177168690662,2,0,0,False,-185.4177168690662,230.0,4,2
validation,GreedyMinimumSufficientCharge,r102C25_NL__v2,r102,3,Medium_Network,True,,164.8660687473185,0,0,0,False,-164.8660687473185,230.0,4,0
validation,GreedyMinimumSufficientCharge,r102C25_NL__v3,r102,4,Medium_Network,False,ZERO_CHARGE_NOOP,230.0,0,0,0,False,-345.7780796272027,230.0,0,0
validation,GreedyMinimumSufficientCharge,r102C25_NL__v4,r102,3,Medium_Network,True,,196.6874030101159,1,0,0,False,-196.6874030101159,230.0,4,1
validation,GreedyMinimumSufficientCharge,r102C25_NL__v5,r102,3,Medium_Network,False,ZERO_CHARGE_NOOP,230.0,3,0,0,False,-211.97224362268003,230.0,3,3
validation,GreedyMinimumSufficientCharge,r102C25_NL__v6,r102,4,Medium_Network,True,,208.10724153614984,1,0,0,False,-208.10724153614984,230.0,5,1
validation,GreedyMinimumSufficientCharge,c202C10_L__v0,c202,10,Small_Network,False,NO_FEASIBLE_ACTION,3390.0,1,0,0,False,-4101.9685496995135,3390.0,4,1
validation,GreedyMinimumSufficientCharge,c202C10_NL__v0,c202,10,Small_Network,False,NO_FEASIBLE_ACTION,3390.0,2,0,0,False,-4101.9685496995135,3390.0,4,2
validation,GreedyMinimumSufficientCharge,c202C10_VG__v0,c202,10,Small_Network,False,NO_FEASIBLE_ACTION,3390.0,2,0,0,False,-4101.968549699513,3390.0,4,2
validation,GreedyMinimumSufficientCharge,r102C10_L__v0,r102,5,Small_Network,False,NO_FEASIBLE_ACTION,230.0,0,0,0,False,-311.59659892619845,230.0,3,0
validation,GreedyMinimumSufficientCharge,r102C10_L__v1,r102,2,Small_Network,True,,184.57176012263747,0,0,0,False,-184.57176012263747,230.0,3,0
validation,GreedyMinimumSufficientCharge,r102C10_L__v2,r102,3,Small_Network,False,NO_FEASIBLE_ACTION,230.0,1,0,0,False,-249.23538406167134,230.0,3,1
validation,GreedyMinimumSufficientCharge,r102C10_NL__v0,r102,5,Small_Network,False,NO_FEASIBLE_ACTION,230.0,1,0,0,False,-333.5965989261984,230.0,2,1
validation,GreedyMinimumSufficientCharge,r102C10_NL__v1,r102,2,Small_Network,True,,184.57176012263747,0,0,0,False,-184.57176012263747,230.0,3,0
validation,GreedyMinimumSufficientCharge,r102C10_NL__v2,r102,3,Small_Network,False,NO_FEASIBLE_ACTION,230.0,0,0,0,False,-249.23538406167134,230.0,3,0
validation,GreedyMinimumSufficientCharge,r102C10_VG__v0,r102,5,Small_Network,False,NO_FEASIBLE_ACTION,230.0,2,0,0,False,-326.068734881198,230.0,2,2
validation,GreedyMinimumSufficientCharge,r102C10_VG__v1,r102,2,Small_Network,True,,184.57176012263747,0,0,0,False,-184.57176012263747,230.0,3,0
validation,GreedyMinimumSufficientCharge,r102C10_VG__v2,r102,3,Small_Network,False,NO_FEASIBLE_ACTION,230.0,0,0,0,False,-249.23538406167134,230.0,3,0
validation,GreedyMinimumSufficientCharge,rc108C10_L__v0,rc108,6,Small_Network,False,NO_FEASIBLE_ACTION,240.0,1,0,0,False,-336.8696745902531,240.0,4,1
validation,GreedyMinimumSufficientCharge,rc108C10_L__v1,rc108,4,Small_Network,False,NO_FEASIBLE_ACTION,240.0,0,0,0,False,-341.29971956786716,240.0,3,0
validation,GreedyMinimumSufficientCharge,rc108C10_NL__v0,rc108,6,Small_Network,False,NO_FEASIBLE_ACTION,240.0,5,0,0,False,-364.4481172719916,240.0,4,5
validation,GreedyMinimumSufficientCharge,rc108C10_NL__v1,rc108,4,Small_Network,False,NO_FEASIBLE_ACTION,240.0,1,0,0,False,-284.20407221060066,240.0,4,1
validation,GreedyMinimumSufficientCharge,rc108C10_VG__v0,rc108,6,Small_Network,False,NO_FEASIBLE_ACTION,240.0,5,0,0,False,-363.00527498516055,240.0,4,5
validation,GreedyMinimumSufficientCharge,rc108C10_VG__v1,rc108,4,Small_Network,False,NO_FEASIBLE_ACTION,240.0,1,0,0,False,-284.20407221060066,240.0,4,1
validation,GreedyMinimumSufficientCharge,rc205C10_L__v0,rc205,10,Small_Network,False,NO_FEASIBLE_ACTION,960.0,0,0,0,False,-1409.64862821393,960.0,2,0
validation,GreedyMinimumSufficientCharge,rc205C10_NL__v0,rc205,10,Small_Network,False,NO_FEASIBLE_ACTION,960.0,1,0,0,False,-1409.64862821393,960.0,2,1
validation,GreedyMinimumSufficientCharge,rc205C10_VG__v0,rc205,10,Small_Network,False,NO_FEASIBLE_ACTION,960.0,1,0,0,False,-1409.64862821393,960.0,2,1
validation,GreedyMinimumSufficientCharge,c202C15_L__v0,c202,15,Small_Network,False,NO_FEASIBLE_ACTION,3390.0,0,0,0,False,-4929.552864770639,3390.0,3,0
validation,GreedyMinimumSufficientCharge,c202C15_NL__v0,c202,15,Small_Network,False,NO_FEASIBLE_ACTION,3390.0,3,0,0,False,-5042.224432868148,3390.0,2,3
validation,GreedyMinimumSufficientCharge,c202C15_VG__v0,c202,15,Small_Network,False,NO_FEASIBLE_ACTION,3390.0,4,0,0,False,-5192.036286928809,3390.0,1,4
validation,GreedyMinimumSufficientCharge,r102C15_L__v0,r102,2,Small_Network,True,,164.8660687473185,0,0,0,False,-164.8660687473185,230.0,3,0
validation,GreedyMinimumSufficientCharge,r102C15_L__v1,r102,4,Small_Network,False,NO_FEASIBLE_ACTION,230.0,1,0,0,False,-283.0164341906274,230.0,3,1
validation,GreedyMinimumSufficientCharge,r102C15_L__v2,r102,3,Small_Network,False,NO_FEASIBLE_ACTION,230.0,0,0,0,False,-241.31370849898477,230.0,3,0
validation,GreedyMinimumSufficientCharge,r102C15_L__v3,r102,3,Small_Network,False,NO_FEASIBLE_ACTION,230.0,0,0,0,False,-257.8028775489157,230.0,3,0
validation,GreedyMinimumSufficientCharge,r102C15_L__v4,r102,3,Small_Network,True,,169.12857180715397,1,0,0,False,-169.12857180715397,230.0,4,1
validation,GreedyMinimumSufficientCharge,r102C15_NL__v0,r102,2,Small_Network,True,,164.8660687473185,0,0,0,False,-164.8660687473185,230.0,3,0
validation,GreedyMinimumSufficientCharge,r102C15_NL__v1,r102,4,Small_Network,False,NO_FEASIBLE_ACTION,230.0,1,0,0,False,-283.0164341906274,230.0,3,1
validation,GreedyMinimumSufficientCharge,r102C15_NL__v2,r102,3,Small_Network,False,NO_FEASIBLE_ACTION,230.0,5,0,0,False,-262.62741699796953,230.0,2,5
validation,GreedyMinimumSufficientCharge,r102C15_NL__v3,r102,3,Small_Network,False,NO_FEASIBLE_ACTION,230.0,6,0,0,False,-301.86165028076846,230.0,2,6
validation,GreedyMinimumSufficientCharge,r102C15_NL__v4,r102,3,Small_Network,False,NO_FEASIBLE_ACTION,230.0,2,0,0,False,-269.095023109729,230.0,2,2
validation,GreedyMinimumSufficientCharge,r102C15_VG__v0,r102,2,Small_Network,True,,164.8660687473185,0,0,0,False,-164.8660687473185,230.0,3,0
validation,GreedyMinimumSufficientCharge,r102C15_VG__v1,r102,4,Small_Network,False,NO_FEASIBLE_ACTION,230.0,4,0,0,False,-320.67155926760904,230.0,3,4
validation,GreedyMinimumSufficientCharge,r102C15_VG__v2,r102,3,Small_Network,True,,132.31370849898477,1,0,0,False,-132.31370849898477,230.0,4,1
validation,GreedyMinimumSufficientCharge,r102C15_VG__v3,r102,3,Small_Network,False,ZERO_CHARGE_NOOP,230.0,1,0,0,False,-287.0968272205351,230.0,2,1
validation,GreedyMinimumSufficientCharge,r102C15_VG__v4,r102,3,Small_Network,False,ZERO_CHARGE_NOOP,230.0,0,0,0,False,-331.2588847548442,230.0,0,0
validation,GreedyMinimumSufficientCharge,r209C15_L__v0,r209,15,Small_Network,False,NO_FEASIBLE_ACTION,1000.0,1,0,0,False,-1342.6316167652985,1000.0,4,1
validation,GreedyMinimumSufficientCharge,r209C15_NL__v0,r209,15,Small_Network,False,NO_FEASIBLE_ACTION,1000.0,2,0,0,False,-1342.6316167652985,1000.0,4,2
validation,GreedyMinimumSufficientCharge,r209C15_VG__v0,r209,15,Small_Network,False,NO_FEASIBLE_ACTION,1000.0,8,0,0,False,-1359.5641126991106,1000.0,5,8
validation,GreedyMinimumSufficientCharge,rc108C15_L__v0,rc108,6,Small_Network,False,NO_FEASIBLE_ACTION,240.0,1,0,0,False,-322.0936788330233,240.0,5,1
validation,GreedyMinimumSufficientCharge,rc108C15_L__v1,rc108,6,Small_Network,False,NO_FEASIBLE_ACTION,240.0,1,0,0,False,-303.5228539452838,240.0,4,1
validation,GreedyMinimumSufficientCharge,rc108C15_L__v2,rc108,3,Small_Network,True,,139.04726749113505,1,0,0,False,-139.04726749113505,240.0,4,1
validation,GreedyMinimumSufficientCharge,rc108C15_NL__v0,rc108,6,Small_Network,False,NO_FEASIBLE_ACTION,240.0,0,0,0,False,-373.57667547842505,240.0,3,0
validation,GreedyMinimumSufficientCharge,rc108C15_NL__v1,rc108,6,Small_Network,False,NO_FEASIBLE_ACTION,240.0,0,0,0,False,-303.5228539452838,240.0,4,0
validation,GreedyMinimumSufficientCharge,rc108C15_NL__v2,rc108,3,Small_Network,True,,163.82102105636775,1,0,0,False,-163.82102105636775,240.0,4,1
validation,GreedyMinimumSufficientCharge,rc108C15_VG__v0,rc108,6,Small_Network,False,NO_FEASIBLE_ACTION,240.0,0,0,0,False,-373.57667547842505,240.0,3,0
validation,GreedyMinimumSufficientCharge,rc108C15_VG__v1,rc108,6,Small_Network,False,NO_FEASIBLE_ACTION,240.0,0,0,0,False,-283.3248149180983,240.0,5,0
validation,GreedyMinimumSufficientCharge,rc108C15_VG__v2,rc108,3,Small_Network,False,ZERO_CHARGE_NOOP,240.0,2,0,0,False,-286.62046511118695,240.0,2,2
validation,GreedyMinimumSufficientCharge,rc108C5_L__v0,rc108,3,Small_Network,False,NO_FEASIBLE_ACTION,240.0,1,0,0,False,-311.3844874431515,240.0,2,1
validation,GreedyMinimumSufficientCharge,rc108C5_L__v1,rc108,2,Small_Network,False,NO_FEASIBLE_ACTION,240.0,0,0,0,False,-265.4950975679639,240.0,2,0
validation,GreedyMinimumSufficientCharge,rc108C5_NL__v0,rc108,3,Small_Network,False,NO_FEASIBLE_ACTION,240.0,1,0,0,False,-311.38448744315156,240.0,2,1
validation,GreedyMinimumSufficientCharge,rc108C5_NL__v1,rc108,2,Small_Network,True,,215.8271629329441,1,0,0,False,-215.8271629329441,240.0,3,1
validation,GreedyMinimumSufficientCharge,rc108C5_VG__v0,rc108,3,Small_Network,False,NO_FEASIBLE_ACTION,240.0,0,0,0,False,-359.6598058611608,240.0,1,0
validation,GreedyMinimumSufficientCharge,rc108C5_VG__v1,rc108,2,Small_Network,False,NO_FEASIBLE_ACTION,240.0,0,0,0,False,-265.4950975679639,240.0,2,0
validation,GreedyFullCharge,r102_50_21_NL__v0,r102,9,Large_Network,False,ZERO_CHARGE_NOOP,230.0,2,0,0,False,-355.4118145331777,230.0,4,2
validation,GreedyFullCharge,r102_50_21_NL__v1,r102,4,Large_Network,True,,216.7736220476186,1,0,0,False,-216.7736220476186,230.0,5,1
validation,GreedyFullCharge,r102_50_21_NL__v2,r102,4,Large_Network,True,,152.39699480017086,0,0,0,False,-152.39699480017086,230.0,5,0
validation,GreedyFullCharge,r102_50_21_NL__v3,r102,5,Large_Network,False,ZERO_CHARGE_NOOP,230.0,6,0,0,False,-343.8204112264782,230.0,2,6
validation,GreedyFullCharge,r102_50_21_NL__v4,r102,3,Large_Network,True,,144.97056274847714,0,0,0,False,-144.97056274847714,230.0,4,0
validation,GreedyFullCharge,r102_50_21_NL__v5,r102,8,Large_Network,False,ZERO_CHARGE_NOOP,230.0,3,0,0,False,-378.3920789672837,230.0,1,3
validation,GreedyFullCharge,r102_50_21_NL__v6,r102,6,Large_Network,True,,218.6834392971358,1,0,0,False,-218.6834392971358,230.0,7,1
validation,GreedyFullCharge,r102_50_21_NL__v7,r102,3,Large_Network,False,ZERO_CHARGE_NOOP,230.0,3,0,0,False,-302.56192206063054,230.0,2,3
validation,GreedyFullCharge,r102_50_21_NL__v8,r102,4,Large_Network,False,ZERO_CHARGE_NOOP,230.0,7,0,0,False,-241.92536398679215,230.0,4,7
validation,GreedyFullCharge,r102_50_21_NL__v9,r102,4,Large_Network,False,ZERO_CHARGE_NOOP,230.0,7,0,0,False,-241.92536398679215,230.0,4,7
validation,GreedyFullCharge,c108C25_NL__v0,c108,6,Medium_Network,False,ZERO_CHARGE_NOOP,1236.0,13,0,0,False,-1725.5276376221432,1236.0,2,13
validation,GreedyFullCharge,c108C25_NL__v1,c108,9,Medium_Network,False,ZERO_CHARGE_NOOP,1236.0,5,0,0,False,-1463.8153356812068,1236.0,7,5
validation,GreedyFullCharge,c108C25_NL__v2,c108,10,Medium_Network,False,ZERO_CHARGE_NOOP,1236.0,10,0,0,False,-1927.961479311716,1236.0,4,10
validation,GreedyFullCharge,r102C25_NL__v0,r102,5,Medium_Network,False,ZERO_CHARGE_NOOP,230.0,2,0,0,False,-295.5021358974541,230.0,3,2
validation,GreedyFullCharge,r102C25_NL__v1,r102,3,Medium_Network,False,ZERO_CHARGE_NOOP,230.0,4,0,0,False,-288.69718310420706,230.0,1,4
validation,GreedyFullCharge,r102C25_NL__v2,r102,3,Medium_Network,True,,164.8660687473185,0,0,0,False,-164.8660687473185,230.0,4,0
validation,GreedyFullCharge,r102C25_NL__v3,r102,4,Medium_Network,False,ZERO_CHARGE_NOOP,230.0,0,0,0,False,-345.7780796272027,230.0,0,0
validation,GreedyFullCharge,r102C25_NL__v4,r102,3,Medium_Network,True,,208.83316964416238,1,0,0,False,-208.83316964416238,230.0,4,1
validation,GreedyFullCharge,r102C25_NL__v5,r102,3,Medium_Network,False,ZERO_CHARGE_NOOP,230.0,7,0,0,False,-241.92536398679215,230.0,3,7
validation,GreedyFullCharge,r102C25_NL__v6,r102,4,Medium_Network,True,,221.106841336281,1,0,0,False,-221.106841336281,230.0,5,1
validation,GreedyFullCharge,c202C10_L__v0,c202,10,Small_Network,False,NO_FEASIBLE_ACTION,3390.0,2,0,0,False,-3855.156134757464,3390.0,6,2
validation,GreedyFullCharge,c202C10_NL__v0,c202,10,Small_Network,False,NO_FEASIBLE_ACTION,3390.0,8,0,0,False,-3649.149960583187,3390.0,8,8
validation,GreedyFullCharge,c202C10_VG__v0,c202,10,Small_Network,False,ZERO_CHARGE_NOOP,3390.0,4,0,0,False,-4235.164124340704,3390.0,3,4
validation,GreedyFullCharge,r102C10_L__v0,r102,5,Small_Network,False,NO_FEASIBLE_ACTION,230.0,0,0,0,False,-311.59659892619845,230.0,3,0
validation,GreedyFullCharge,r102C10_L__v1,r102,2,Small_Network,True,,184.57176012263747,0,0,0,False,-184.57176012263747,230.0,3,0
validation,GreedyFullCharge,r102C10_L__v2,r102,3,Small_Network,True,,195.23538406167134,1,0,0,False,-195.23538406167134,230.0,4,1
validation,GreedyFullCharge,r102C10_NL__v0,r102,5,Small_Network,False,NO_FEASIBLE_ACTION,230.0,1,0,0,False,-263.5440037453175,230.0,4,1
validation,GreedyFullCharge,r102C10_NL__v1,r102,2,Small_Network,True,,184.57176012263747,0,0,0,False,-184.57176012263747,230.0,3,0
validation,GreedyFullCharge,r102C10_NL__v2,r102,3,Small_Network,False,NO_FEASIBLE_ACTION,230.0,0,0,0,False,-249.23538406167134,230.0,3,0
validation,GreedyFullCharge,r102C10_VG__v0,r102,5,Small_Network,False,ZERO_CHARGE_NOOP,230.0,2,0,0,False,-313.068734881198,230.0,2,2
validation,GreedyFullCharge,r102C10_VG__v1,r102,2,Small_Network,True,,184.57176012263747,0,0,0,False,-184.57176012263747,230.0,3,0
validation,GreedyFullCharge,r102C10_VG__v2,r102,3,Small_Network,False,NO_FEASIBLE_ACTION,230.0,0,0,0,False,-249.23538406167134,230.0,3,0
validation,GreedyFullCharge,rc108C10_L__v0,rc108,6,Small_Network,False,NO_FEASIBLE_ACTION,240.0,5,0,0,False,-338.5229957375241,240.0,5,5
validation,GreedyFullCharge,rc108C10_L__v1,rc108,4,Small_Network,False,NO_FEASIBLE_ACTION,240.0,0,0,0,False,-341.29971956786716,240.0,3,0
validation,GreedyFullCharge,rc108C10_NL__v0,rc108,6,Small_Network,False,NO_FEASIBLE_ACTION,240.0,5,0,0,False,-363.00527498516055,240.0,4,5
validation,GreedyFullCharge,rc108C10_NL__v1,rc108,4,Small_Network,False,NO_FEASIBLE_ACTION,240.0,5,0,0,False,-282.0594816896262,240.0,4,5
validation,GreedyFullCharge,rc108C10_VG__v0,rc108,6,Small_Network,False,NO_FEASIBLE_ACTION,240.0,5,0,0,False,-363.00527498516055,240.0,4,5
validation,GreedyFullCharge,rc108C10_VG__v1,rc108,4,Small_Network,False,NO_FEASIBLE_ACTION,240.0,5,0,0,False,-282.0594816896262,240.0,4,5
validation,GreedyFullCharge,rc205C10_L__v0,rc205,10,Small_Network,False,NO_FEASIBLE_ACTION,960.0,0,0,0,False,-1409.64862821393,960.0,2,0
validation,GreedyFullCharge,rc205C10_NL__v0,rc205,10,Small_Network,False,NO_FEASIBLE_ACTION,960.0,1,0,0,False,-1409.64862821393,960.0,2,1
validation,GreedyFullCharge,rc205C10_VG__v0,rc205,10,Small_Network,False,NO_FEASIBLE_ACTION,960.0,1,0,0,False,-1409.64862821393,960.0,2,1
validation,GreedyFullCharge,c202C15_L__v0,c202,15,Small_Network,False,NO_FEASIBLE_ACTION,3390.0,0,0,0,False,-4929.552864770639,3390.0,3,0
validation,GreedyFullCharge,c202C15_NL__v0,c202,15,Small_Network,False,NO_FEASIBLE_ACTION,3390.0,5,0,0,False,-5192.036286928809,3390.0,1,5
validation,GreedyFullCharge,c202C15_VG__v0,c202,15,Small_Network,False,NO_FEASIBLE_ACTION,3390.0,5,0,0,False,-5192.036286928808,3390.0,1,5
validation,GreedyFullCharge,r102C15_L__v0,r102,2,Small_Network,True,,164.8660687473185,0,0,0,False,-164.8660687473185,230.0,3,0
validation,GreedyFullCharge,r102C15_L__v1,r102,4,Small_Network,False,NO_FEASIBLE_ACTION,230.0,9,0,0,False,-322.93921691145033,230.0,3,9
validation,GreedyFullCharge,r102C15_L__v2,r102,3,Small_Network,False,NO_FEASIBLE_ACTION,230.0,0,0,0,False,-241.31370849898477,230.0,3,0
validation,GreedyFullCharge,r102C15_L__v3,r102,3,Small_Network,False,NO_FEASIBLE_ACTION,230.0,0,0,0,False,-257.8028775489157,230.0,3,0
validation,GreedyFullCharge,r102C15_L__v4,r102,3,Small_Network,True,,184.0980773245741,1,0,0,False,-184.0980773245741,230.0,4,1
validation,GreedyFullCharge,r102C15_NL__v0,r102,2,Small_Network,True,,164.8660687473185,0,0,0,False,-164.8660687473185,230.0,3,0
validation,GreedyFullCharge,r102C15_NL__v1,r102,4,Small_Network,False,ZERO_CHARGE_NOOP,230.0,6,0,0,False,-296.62992870726634,230.0,3,6
validation,GreedyFullCharge,r102C15_NL__v2,r102,3,Small_Network,False,NO_FEASIBLE_ACTION,230.0,7,0,0,False,-317.48414464063353,230.0,1,7
validation,GreedyFullCharge,r102C15_NL__v3,r102,3,Small_Network,False,NO_FEASIBLE_ACTION,230.0,7,0,0,False,-317.2801450563276,230.0,2,7
validation,GreedyFullCharge,r102C15_NL__v4,r102,3,Small_Network,False,ZERO_CHARGE_NOOP,230.0,5,0,0,False,-285.61067195581535,230.0,2,5
validation,GreedyFullCharge,r102C15_VG__v0,r102,2,Small_Network,True,,164.8660687473185,0,0,0,False,-164.8660687473185,230.0,3,0
validation,GreedyFullCharge,r102C15_VG__v1,r102,4,Small_Network,False,ZERO_CHARGE_NOOP,230.0,6,0,0,False,-296.62992870726634,230.0,3,6
validation,GreedyFullCharge,r102C15_VG__v2,r102,3,Small_Network,False,ZERO_CHARGE_NOOP,230.0,4,0,0,False,-275.0438613730803,230.0,1,4
validation,GreedyFullCharge,r102C15_VG__v3,r102,3,Small_Network,False,ZERO_CHARGE_NOOP,230.0,1,0,0,False,-287.0968272205351,230.0,2,1
validation,GreedyFullCharge,r102C15_VG__v4,r102,3,Small_Network,False,ZERO_CHARGE_NOOP,230.0,0,0,0,False,-331.2588847548442,230.0,0,0
validation,GreedyFullCharge,r209C15_L__v0,r209,15,Small_Network,False,NO_FEASIBLE_ACTION,1000.0,1,0,0,False,-1266.5958667333862,1000.0,7,1
validation,GreedyFullCharge,r209C15_NL__v0,r209,15,Small_Network,False,NO_FEASIBLE_ACTION,1000.0,7,0,0,False,-1233.5741378669434,1000.0,8,7
validation,GreedyFullCharge,r209C15_VG__v0,r209,15,Small_Network,False,NO_FEASIBLE_ACTION,1000.0,10,0,0,False,-1228.861433597695,1000.0,8,10
validation,GreedyFullCharge,rc108C15_L__v0,rc108,6,Small_Network,False,NO_FEASIBLE_ACTION,240.0,5,0,0,False,-404.56436256099704,240.0,4,5
validation,GreedyFullCharge,rc108C15_L__v1,rc108,6,Small_Network,False,NO_FEASIBLE_ACTION,240.0,1,0,0,False,-258.02775637732,240.0,6,1
validation,GreedyFullCharge,rc108C15_L__v2,rc108,3,Small_Network,True,,159.24132461091756,1,0,0,False,-159.24132461091756,240.0,4,1
validation,GreedyFullCharge,rc108C15_NL__v0,rc108,6,Small_Network,False,NO_FEASIBLE_ACTION,240.0,0,0,0,False,-373.57667547842505,240.0,3,0
validation,GreedyFullCharge,rc108C15_NL__v1,rc108,6,Small_Network,False,NO_FEASIBLE_ACTION,240.0,0,0,0,False,-303.5228539452838,240.0,4,0
validation,GreedyFullCharge,rc108C15_NL__v2,rc108,3,Small_Network,True,,170.31589973182142,1,0,0,False,-170.31589973182142,240.0,4,1
validation,GreedyFullCharge,rc108C15_VG__v0,rc108,6,Small_Network,False,NO_FEASIBLE_ACTION,240.0,0,0,0,False,-373.57667547842505,240.0,3,0
validation,GreedyFullCharge,rc108C15_VG__v1,rc108,6,Small_Network,False,NO_FEASIBLE_ACTION,240.0,0,0,0,False,-283.3248149180983,240.0,5,0
validation,GreedyFullCharge,rc108C15_VG__v2,rc108,3,Small_Network,False,ZERO_CHARGE_NOOP,240.0,3,0,0,False,-271.0379357600708,240.0,2,3
validation,GreedyFullCharge,rc108C5_L__v0,rc108,3,Small_Network,False,NO_FEASIBLE_ACTION,240.0,5,0,0,False,-282.0594816896262,240.0,3,5
validation,GreedyFullCharge,rc108C5_L__v1,rc108,2,Small_Network,False,NO_FEASIBLE_ACTION,240.0,0,0,0,False,-265.4950975679639,240.0,2,0
validation,GreedyFullCharge,rc108C5_NL__v0,rc108,3,Small_Network,False,ZERO_CHARGE_NOOP,240.0,2,0,0,False,-332.3487152828442,240.0,1,2
validation,GreedyFullCharge,rc108C5_NL__v1,rc108,2,Small_Network,True,,215.89339837832415,1,0,0,False,-215.89339837832415,240.0,3,1
validation,GreedyFullCharge,rc108C5_VG__v0,rc108,3,Small_Network,False,NO_FEASIBLE_ACTION,240.0,0,0,0,False,-359.6598058611608,240.0,1,0
validation,GreedyFullCharge,rc108C5_VG__v1,rc108,2,Small_Network,False,NO_FEASIBLE_ACTION,240.0,0,0,0,False,-265.4950975679639,240.0,2,0
validation,OneStepLookahead,r102_50_21_NL__v0,r102,9,Large_Network,False,NO_FEASIBLE_ACTION,230.0,10,0,0,False,-435.18201464070114,230.0,1,10
validation,OneStepLookahead,r102_50_21_NL__v1,r102,4,Large_Network,False,NO_FEASIBLE_ACTION,230.0,4,0,0,False,-359.29437261003807,230.0,0,4
validation,OneStepLookahead,r102_50_21_NL__v2,r102,4,Large_Network,True,,152.39699480017086,1,0,0,False,-152.39699480017086,230.0,5,1
validation,OneStepLookahead,r102_50_21_NL__v3,r102,5,Large_Network,False,NO_FEASIBLE_ACTION,230.0,11,0,0,False,-354.62189505317497,230.0,2,11
validation,OneStepLookahead,r102_50_21_NL__v4,r102,3,Large_Network,False,NO_FEASIBLE_ACTION,230.0,4,0,0,False,-295.7212453363292,230.0,1,4
validation,OneStepLookahead,r102_50_21_NL__v5,r102,8,Large_Network,False,NO_FEASIBLE_ACTION,230.0,16,0,0,False,-434.6702001423488,230.0,1,16
validation,OneStepLookahead,r102_50_21_NL__v6,r102,6,Large_Network,False,NO_FEASIBLE_ACTION,230.0,11,0,0,False,-385.1578330054274,230.0,1,11
validation,OneStepLookahead,r102_50_21_NL__v7,r102,3,Large_Network,False,NO_FEASIBLE_ACTION,230.0,20,0,0,False,-346.67604525740546,230.0,0,20
validation,OneStepLookahead,r102_50_21_NL__v8,r102,4,Large_Network,False,NO_FEASIBLE_ACTION,230.0,19,0,0,False,-338.80442546016087,230.0,1,19
validation,OneStepLookahead,r102_50_21_NL__v9,r102,4,Large_Network,False,NO_FEASIBLE_ACTION,230.0,15,0,0,False,-267.20215047547657,230.0,4,15
validation,OneStepLookahead,c108C25_NL__v0,c108,6,Medium_Network,False,NO_FEASIBLE_ACTION,1236.0,6,0,0,False,-1825.5184717239672,1236.0,1,6
validation,OneStepLookahead,c108C25_NL__v1,c108,9,Medium_Network,False,NO_FEASIBLE_ACTION,1236.0,5,0,0,False,-1650.095659548304,1236.0,5,5
validation,OneStepLookahead,c108C25_NL__v2,c108,10,Medium_Network,False,NO_FEASIBLE_ACTION,1236.0,22,0,0,False,-1990.0239955267532,1236.0,4,22
validation,OneStepLookahead,r102C25_NL__v0,r102,5,Medium_Network,False,NO_FEASIBLE_ACTION,230.0,20,0,0,False,-422.9101943669682,230.0,0,20
validation,OneStepLookahead,r102C25_NL__v1,r102,3,Medium_Network,False,NO_FEASIBLE_ACTION,230.0,14,0,0,False,-333.3540611518122,230.0,1,14
validation,OneStepLookahead,r102C25_NL__v2,r102,3,Medium_Network,True,,164.8660687473185,1,0,0,False,-164.8660687473185,230.0,4,1
validation,OneStepLookahead,r102C25_NL__v3,r102,4,Medium_Network,False,NO_FEASIBLE_ACTION,230.0,15,0,0,False,-380.40970345454843,230.0,0,15
validation,OneStepLookahead,r102C25_NL__v4,r102,3,Medium_Network,False,NO_FEASIBLE_ACTION,230.0,5,0,0,False,-312.9756388001589,230.0,1,5
validation,OneStepLookahead,r102C25_NL__v5,r102,3,Medium_Network,False,NO_FEASIBLE_ACTION,230.0,19,0,0,False,-267.20215047547657,230.0,3,19
validation,OneStepLookahead,r102C25_NL__v6,r102,4,Medium_Network,True,,186.27039706443924,4,0,0,False,-186.27039706443924,230.0,5,4
validation,OneStepLookahead,c202C10_L__v0,c202,10,Small_Network,False,NO_FEASIBLE_ACTION,3390.0,3,0,0,False,-4101.9685496995135,3390.0,4,3
validation,OneStepLookahead,c202C10_NL__v0,c202,10,Small_Network,False,NO_FEASIBLE_ACTION,3390.0,6,0,0,False,-4232.279838441006,3390.0,3,6
validation,OneStepLookahead,c202C10_VG__v0,c202,10,Small_Network,False,NO_FEASIBLE_ACTION,3390.0,6,0,0,False,-4243.007750320212,3390.0,3,6
validation,OneStepLookahead,r102C10_L__v0,r102,5,Small_Network,False,NO_FEASIBLE_ACTION,230.0,6,0,0,False,-384.6679870510843,230.0,2,6
validation,OneStepLookahead,r102C10_L__v1,r102,2,Small_Network,True,,184.57176012263747,0,0,0,False,-184.57176012263747,230.0,3,0
validation,OneStepLookahead,r102C10_L__v2,r102,3,Small_Network,True,,195.23538406167134,2,0,0,False,-195.23538406167134,230.0,4,2
validation,OneStepLookahead,r102C10_NL__v0,r102,5,Small_Network,False,NO_FEASIBLE_ACTION,230.0,1,0,0,False,-333.5965989261984,230.0,2,1
validation,OneStepLookahead,r102C10_NL__v1,r102,2,Small_Network,True,,184.57176012263747,0,0,0,False,-184.57176012263747,230.0,3,0
validation,OneStepLookahead,r102C10_NL__v2,r102,3,Small_Network,False,NO_FEASIBLE_ACTION,230.0,4,0,0,False,-372.5870800021196,230.0,0,4
validation,OneStepLookahead,r102C10_VG__v0,r102,5,Small_Network,False,NO_FEASIBLE_ACTION,230.0,2,0,0,False,-326.068734881198,230.0,2,2
validation,OneStepLookahead,r102C10_VG__v1,r102,2,Small_Network,True,,184.57176012263747,0,0,0,False,-184.57176012263747,230.0,3,0
validation,OneStepLookahead,r102C10_VG__v2,r102,3,Small_Network,False,NO_FEASIBLE_ACTION,230.0,4,0,0,False,-372.5870800021196,230.0,0,4
validation,OneStepLookahead,rc108C10_L__v0,rc108,6,Small_Network,False,NO_FEASIBLE_ACTION,240.0,6,0,0,False,-364.4481172719916,240.0,4,6
validation,OneStepLookahead,rc108C10_L__v1,rc108,4,Small_Network,False,NO_FEASIBLE_ACTION,240.0,3,0,0,False,-284.20407221060066,240.0,4,3
validation,OneStepLookahead,rc108C10_NL__v0,rc108,6,Small_Network,False,NO_FEASIBLE_ACTION,240.0,6,0,0,False,-364.4481172719916,240.0,4,6
validation,OneStepLookahead,rc108C10_NL__v1,rc108,4,Small_Network,False,NO_FEASIBLE_ACTION,240.0,4,0,0,False,-304.6443787195112,240.0,3,4
validation,OneStepLookahead,rc108C10_VG__v0,rc108,6,Small_Network,False,NO_FEASIBLE_ACTION,240.0,6,0,0,False,-328.9021176344536,240.0,4,6
validation,OneStepLookahead,rc108C10_VG__v1,rc108,4,Small_Network,False,NO_FEASIBLE_ACTION,240.0,2,0,0,False,-371.0987094410905,240.0,2,2
validation,OneStepLookahead,rc205C10_L__v0,rc205,10,Small_Network,False,NO_FEASIBLE_ACTION,960.0,1,0,0,False,-1409.64862821393,960.0,2,1
validation,OneStepLookahead,rc205C10_NL__v0,rc205,10,Small_Network,False,NO_FEASIBLE_ACTION,960.0,2,0,0,False,-1409.64862821393,960.0,2,2
validation,OneStepLookahead,rc205C10_VG__v0,rc205,10,Small_Network,False,NO_FEASIBLE_ACTION,960.0,2,0,0,False,-1409.64862821393,960.0,2,2
validation,OneStepLookahead,c202C15_L__v0,c202,15,Small_Network,False,NO_FEASIBLE_ACTION,3390.0,2,0,0,False,-5155.158109099636,3390.0,1,2
validation,OneStepLookahead,c202C15_NL__v0,c202,15,Small_Network,False,NO_FEASIBLE_ACTION,3390.0,3,0,0,False,-5042.224432868148,3390.0,2,3
validation,OneStepLookahead,c202C15_VG__v0,c202,15,Small_Network,False,NO_FEASIBLE_ACTION,3390.0,3,0,0,False,-5192.036286928808,3390.0,1,3
validation,OneStepLookahead,r102C15_L__v0,r102,2,Small_Network,True,,164.8660687473185,1,0,0,False,-164.8660687473185,230.0,3,1
validation,OneStepLookahead,r102C15_L__v1,r102,4,Small_Network,False,NO_FEASIBLE_ACTION,230.0,8,0,0,False,-402.4467198116338,230.0,1,8
validation,OneStepLookahead,r102C15_L__v2,r102,3,Small_Network,True,,135.0185496537594,3,0,0,False,-135.0185496537594,230.0,4,3
validation,OneStepLookahead,r102C15_L__v3,r102,3,Small_Network,False,NO_FEASIBLE_ACTION,230.0,8,0,0,False,-298.6897679718767,230.0,2,8
validation,OneStepLookahead,r102C15_L__v4,r102,3,Small_Network,False,NO_FEASIBLE_ACTION,230.0,1,0,0,False,-251.095023109729,230.0,3,1
validation,OneStepLookahead,r102C15_NL__v0,r102,2,Small_Network,True,,164.8660687473185,1,0,0,False,-164.8660687473185,230.0,3,1
validation,OneStepLookahead,r102C15_NL__v1,r102,4,Small_Network,False,NO_FEASIBLE_ACTION,230.0,4,0,0,False,-283.0164341906274,230.0,3,4
validation,OneStepLookahead,r102C15_NL__v2,r102,3,Small_Network,False,NO_FEASIBLE_ACTION,230.0,7,0,0,False,-357.4177784279939,230.0,0,7
validation,OneStepLookahead,r102C15_NL__v3,r102,3,Small_Network,False,NO_FEASIBLE_ACTION,230.0,6,0,0,False,-317.2801450563276,230.0,2,6
validation,OneStepLookahead,r102C15_NL__v4,r102,3,Small_Network,False,NO_FEASIBLE_ACTION,230.0,5,0,0,False,-269.09502310972897,230.0,2,5
validation,OneStepLookahead,r102C15_VG__v0,r102,2,Small_Network,True,,164.8660687473185,0,0,0,False,-164.8660687473185,230.0,3,0
validation,OneStepLookahead,r102C15_VG__v1,r102,4,Small_Network,False,NO_FEASIBLE_ACTION,230.0,8,0,0,False,-366.65517919313737,230.0,0,8
validation,OneStepLookahead,r102C15_VG__v2,r102,3,Small_Network,False,NO_FEASIBLE_ACTION,230.0,5,0,0,False,-341.86405227764976,230.0,0,5
validation,OneStepLookahead,r102C15_VG__v3,r102,3,Small_Network,False,NO_FEASIBLE_ACTION,230.0,8,0,0,False,-285.83063392623563,230.0,2,8
validation,OneStepLookahead,r102C15_VG__v4,r102,3,Small_Network,False,NO_FEASIBLE_ACTION,230.0,8,0,0,False,-341.969582085262,230.0,0,8
validation,OneStepLookahead,r209C15_L__v0,r209,15,Small_Network,False,NO_FEASIBLE_ACTION,1000.0,1,0,0,False,-1342.6316167652985,1000.0,4,1
validation,OneStepLookahead,r209C15_NL__v0,r209,15,Small_Network,False,NO_FEASIBLE_ACTION,1000.0,4,0,0,False,-1390.2082052214105,1000.0,3,4
validation,OneStepLookahead,r209C15_VG__v0,r209,15,Small_Network,False,NO_FEASIBLE_ACTION,1000.0,5,0,0,False,-1390.2082052214105,1000.0,3,5
validation,OneStepLookahead,rc108C15_L__v0,rc108,6,Small_Network,False,NO_FEASIBLE_ACTION,240.0,3,0,0,False,-310.9121318369916,240.0,5,3
validation,OneStepLookahead,rc108C15_L__v1,rc108,6,Small_Network,False,NO_FEASIBLE_ACTION,240.0,2,0,0,False,-258.02775637732,240.0,6,2
validation,OneStepLookahead,rc108C15_L__v2,rc108,3,Small_Network,False,NO_FEASIBLE_ACTION,240.0,1,0,0,False,-259.2353840616713,240.0,3,1
validation,OneStepLookahead,rc108C15_NL__v0,rc108,6,Small_Network,False,NO_FEASIBLE_ACTION,240.0,1,0,0,False,-386.57667547842505,240.0,2,1
validation,OneStepLookahead,rc108C15_NL__v1,rc108,6,Small_Network,False,NO_FEASIBLE_ACTION,240.0,2,0,0,False,-303.5228539452839,240.0,4,2
validation,OneStepLookahead,rc108C15_NL__v2,rc108,3,Small_Network,True,,163.82102105636775,1,0,0,False,-163.82102105636775,240.0,4,1
validation,OneStepLookahead,rc108C15_VG__v0,rc108,6,Small_Network,False,NO_FEASIBLE_ACTION,240.0,1,0,0,False,-386.57667547842505,240.0,2,1
validation,OneStepLookahead,rc108C15_VG__v1,rc108,6,Small_Network,False,NO_FEASIBLE_ACTION,240.0,1,0,0,False,-283.3248149180983,240.0,5,1
validation,OneStepLookahead,rc108C15_VG__v2,rc108,3,Small_Network,False,NO_FEASIBLE_ACTION,240.0,3,0,0,False,-298.6462664013768,240.0,2,3
validation,OneStepLookahead,rc108C5_L__v0,rc108,3,Small_Network,False,NO_FEASIBLE_ACTION,240.0,1,0,0,False,-359.6598058611608,240.0,1,1
validation,OneStepLookahead,rc108C5_L__v1,rc108,2,Small_Network,False,NO_FEASIBLE_ACTION,240.0,5,0,0,False,-334.3933148584728,240.0,1,5
validation,OneStepLookahead,rc108C5_NL__v0,rc108,3,Small_Network,False,NO_FEASIBLE_ACTION,240.0,2,0,0,False,-359.6598058611608,240.0,1,2
validation,OneStepLookahead,rc108C5_NL__v1,rc108,2,Small_Network,False,NO_FEASIBLE_ACTION,240.0,3,0,0,False,-300.9901951359278,240.0,1,3
validation,OneStepLookahead,rc108C5_VG__v0,rc108,3,Small_Network,False,NO_FEASIBLE_ACTION,240.0,0,0,0,False,-359.6598058611608,240.0,1,0
validation,OneStepLookahead,rc108C5_VG__v1,rc108,2,Small_Network,False,NO_FEASIBLE_ACTION,240.0,1,0,0,False,-303.225946815688,240.0,1,1
