route_id,raw_instance_id,base_instance,split,n_customers,charging_feasibility_status,certificate_sha256,certificate_type
v2sc_sc_R_n15_s100000_01,sc_R_n15_s100000,100000,train,5,certified_feasible,a008af1f80242c6c38809126be7ef22d2223f8c950bf4f06675f0cbd499f6fef,charging_certificate_search
v2sc_sc_C_n15_s100001_00,sc_C_n15_s100001,100001,train,7,certified_feasible,c0b6b4fc6408244f4b2b41868865395d281485d58df0686f172a97d93e7effdd,charging_certificate_search
v2sc_sc_RC_n15_s100002_01,sc_RC_n15_s100002,100002,train,7,certified_feasible,b9fc0f0884dbc4ce667477b2ad87998bf093174fb018083f949a7afef6f0fb69,charging_certificate_search
v2sc_sc_R_n30_s100003_00,sc_R_n30_s100003,100003,train,12,certified_feasible,be39df52b7ddacb2fc8b6fa2d062be28b18d3df147d40d31960b6aec0d64d4a9,charging_certificate_search
v2sc_sc_C_n30_s100004_01,sc_C_n30_s100004,100004,train,8,certified_feasible,3b12547385327e8ef5189d8a8f7744ada6d685f7f4af007f41c00ea5dab07530,charging_certificate_search
v2sc_sc_RC_n30_s100005_01,sc_RC_n30_s100005,100005,train,12,certified_feasible,1e692c9929966894799637692c19fcc5c0a740776992790a473aa18567661758,charging_certificate_search
v2sc_sc_R_n50_s100006_02,sc_R_n50_s100006,100006,train,15,certified_feasible,921aab4e2158a180ada84ec48500bc0a20c47d295bae97fe333688c379d077be,charging_certificate_search
v2sc_sc_RC_n50_s100008_01,sc_RC_n50_s100008,100008,train,15,certified_feasible,86ada249ae3f7e5fab901813afa527163f0a2b80201007e2134f537bd9539003,charging_certificate_search
v2sc_sc_R_n15_s100009_00,sc_R_n15_s100009,100009,train,8,certified_feasible,ea84bfc3997e1a713ec84a8a7f64c16c193d967c20c9ee206d5726bad9c2d7da,charging_certificate_search
v2sc_sc_C_n15_s100010_00,sc_C_n15_s100010,100010,train,9,certified_feasible,5d3824fecb20af428ac519d54f10066385ceb7879d2faec3c4f6dc3d4d252ca9,charging_certificate_search
v2sc_sc_RC_n15_s100011_00,sc_RC_n15_s100011,100011,train,5,certified_feasible,3e05496a5e40f697e154257308ff37b916009428ec061f62c8ec78327f18574d,charging_certificate_search
v2sc_sc_R_n30_s100012_01,sc_R_n30_s100012,100012,train,11,certified_feasible,1ca7c050a7e8e9f424802cb4d7c417a9d6bbfe8d52e586b8ca00454f457ddfdf,charging_certificate_search
v2sc_sc_C_n30_s100013_01,sc_C_n30_s100013,100013,train,10,certified_feasible,4ade0e6e326016c32fa4649dcb0cdd7d618debbac1c7c201195b1f9bfb1715a8,charging_certificate_search
v2sc_sc_RC_n30_s100014_00,sc_RC_n30_s100014,100014,train,8,certified_feasible,ca1466d4dc61e86c3e6ab3fd3defa6cdaf4fede7bab0168fb3c2041655f5ae0a,charging_certificate_search
v2sc_sc_R_n50_s100015_00,sc_R_n50_s100015,100015,train,14,certified_feasible,9656ff522c76968242240908dc9e642c79800287a81b07799c2ce145eefddcd9,charging_certificate_search
v2sc_sc_C_n50_s100016_00,sc_C_n50_s100016,100016,train,9,certified_feasible,434c14e83f36df9a6a4bafe90f75431c1cba91d25f6d6d0a27591d5394d06998,charging_certificate_search
v2sc_sc_RC_n50_s100017_01,sc_RC_n50_s100017,100017,train,15,certified_feasible,1bf9405f3ed0f2e1e2b2341c816050977936d25a5d2839dd39eaa3db54863818,charging_certificate_search
v2sc_sc_R_n15_s100018_00,sc_R_n15_s100018,100018,train,6,certified_feasible,2558ad6bf674659a6e77e0b44eff4472e8cc9f399f4fca0df195a21a1219fd90,charging_certificate_search
v2sc_sc_C_n15_s100019_00,sc_C_n15_s100019,100019,train,4,certified_feasible,9c84f64237a52b675c13bbc3f7c7fa19c835316556cd0f8a220f247179237c8b,charging_certificate_search
v2sc_sc_RC_n15_s100020_00,sc_RC_n15_s100020,100020,train,3,certified_feasible,83b051e732ad3e882192c715cfb409418422b33a8c3e43d4b028512ef87cc39b,charging_certificate_search
v2sc_sc_R_n30_s100021_01,sc_R_n30_s100021,100021,train,9,certified_feasible,a4eb6a3ff8f951c89f4f86b65c10f2c208f9d5b148f66d4cb9b1707fd82ae174,charging_certificate_search
v2sc_sc_C_n30_s100022_02,sc_C_n30_s100022,100022,train,8,certified_feasible,840f11e482d00eeba043cb85961403b8f9f0b2cf8f62c004f90fb0d728084351,charging_certificate_search
v2sc_sc_RC_n30_s100023_01,sc_RC_n30_s100023,100023,train,8,certified_feasible,48988b7959985c015290fc36fc2f5d954707b56c3d609a498beb57a788bd7e84,charging_certificate_search
v2sc_sc_R_n50_s100024_01,sc_R_n50_s100024,100024,train,15,certified_feasible,7c299b0bf525dd3b584f2bbd1ae97cf60d9422989911c165827ae1fa17b1ef6f,charging_certificate_search
v2sc_sc_C_n50_s100025_00,sc_C_n50_s100025,100025,train,14,certified_feasible,6ca0b43fd95ac21557c869d675fefc04aea5f6da3cf19069125ecbdf4614307c,charging_certificate_search
v2sc_sc_RC_n50_s100026_00,sc_RC_n50_s100026,100026,train,12,certified_feasible,f9a0ef955785810257ffbfcdbc7c67b8b5d0fa8ad3be5fc655ee7d109fd2d082,charging_certificate_search
v2sc_sc_R_n15_s100027_01,sc_R_n15_s100027,100027,train,5,certified_feasible,a25f63b1542424eff767c293d98936f34a9ab5db0b0105b0ba21ee1c684152c0,charging_certificate_search
v2sc_sc_C_n15_s100028_00,sc_C_n15_s100028,100028,train,7,certified_feasible,3f709ffa98f964588f52cc23b1bb71814054e34cb2d1ddafdebfc86d8030ad5f,charging_certificate_search
v2sc_sc_RC_n15_s100029_00,sc_RC_n15_s100029,100029,train,8,certified_feasible,213bccbe1ac9dd31a93607ede4faa939a2f7db29353a40aa0a106b9a6ec41a34,charging_certificate_search
v2sc_sc_R_n30_s100030_01,sc_R_n30_s100030,100030,train,9,certified_feasible,3609374a5dc4b2ebb268a928be1a3b252b4a8bc467d9b2abadee552f98be5490,charging_certificate_search
v2sc_sc_RC_n30_s100032_00,sc_RC_n30_s100032,100032,train,6,certified_feasible,40f35e629ce5ad2c77dae7f12522e76e29eb1a26baaf4d1e56bb294c150e3678,charging_certificate_search
v2sc_sc_R_n15_s100036_00,sc_R_n15_s100036,100036,train,5,certified_feasible,f2ac48658f6f1b503722dba687d7001d6e4560ac02182ea73a4092be73866b87,charging_certificate_search
v2sc_sc_C_n15_s100037_00,sc_C_n15_s100037,100037,train,3,certified_feasible,72c991b201fd8dc35b52f4a706117ef6dda7316af42cca92d804b0b04b4ae0b9,charging_certificate_search
v2sc_sc_RC_n15_s100038_00,sc_RC_n15_s100038,100038,train,4,certified_feasible,535fa9e5219feacd5ccdebae8ad8e232f087dadaf7ea37a138c3396214849254,charging_certificate_search
v2sc_sc_R_n30_s100039_00,sc_R_n30_s100039,100039,train,9,certified_feasible,b62bef9c1a76f5f0efe2f719a00fb27a7699dba5ce65a677ac0ee718927c6a1d,charging_certificate_search
v2sc_sc_C_n30_s100040_01,sc_C_n30_s100040,100040,train,10,certified_feasible,e4d2cc0ffd4aaf876adca3801a18e5692681678479669e1aae2307c23d877dd6,charging_certificate_search
v2sc_sc_RC_n30_s100041_02,sc_RC_n30_s100041,100041,train,11,certified_feasible,ece05204157767c76bf09b80ef14729f6468c11aea5042922f71ae849c4701ef,charging_certificate_search
v2sc_sc_R_n50_s100042_00,sc_R_n50_s100042,100042,train,14,certified_feasible,e7260ac9b7306e2f47e937587716d450b356e0fe0294e8b035332cbe40c689a9,charging_certificate_search
v2sc_sc_C_n50_s100043_01,sc_C_n50_s100043,100043,train,15,certified_feasible,b5941343ce3a79bb276345cae7b38b18273dc8997fafabc80c369bbe6a1be969,charging_certificate_search
v2sc_sc_RC_n50_s100044_00,sc_RC_n50_s100044,100044,train,15,certified_feasible,7a8021717eefa53341f3b17164a93854b94c4d9d91331709e4df60af6031a4d0,charging_certificate_search
v2sc_sc_R_n15_s100045_00,sc_R_n15_s100045,100045,train,7,certified_feasible,1ad9685792fb3cbac3765661484fa4f7030bfc18ec26d00b2045f9827234ee1b,charging_certificate_search
v2sc_sc_C_n15_s100046_01,sc_C_n15_s100046,100046,train,4,certified_feasible,72188e394b8acc49747386beab4be55987f7a61b5455d2a93f5f8fdf83d94adf,charging_certificate_search
v2sc_sc_RC_n15_s100047_00,sc_RC_n15_s100047,100047,train,8,certified_feasible,5f48417f19759036fe5888ea036eae6be63bc4ced6d08930e682e72d7d4a38c2,charging_certificate_search
v2sc_sc_R_n30_s100048_00,sc_R_n30_s100048,100048,train,9,certified_feasible,1fbf175b579b47888e1bd3c5f209d14f182f70509e61e0f446dad31976935cb2,charging_certificate_search
v2sc_sc_C_n30_s100049_00,sc_C_n30_s100049,100049,train,11,certified_feasible,d9fb53a8d680e163c93f5fddba2cd071709d8cb14957f901241401544f39d3df,charging_certificate_search
v2sc_sc_RC_n30_s100050_00,sc_RC_n30_s100050,100050,train,10,certified_feasible,0cc985751bd88f9c6da5d0e7a3c5962910422a16b1892c93a61b26a3d4bf4a75,charging_certificate_search
v2sc_sc_R_n50_s100051_00,sc_R_n50_s100051,100051,train,14,certified_feasible,0a989821b84d857cd69248ed667beb5c1143c234115e4c0080d8714d5c889d15,charging_certificate_search
v2sc_sc_C_n50_s100052_03,sc_C_n50_s100052,100052,train,15,certified_feasible,96035982b4e70411ddf198c56b979497b0e1d3e1ccbc51016b9e583e3c5da64c,charging_certificate_search
v2sc_sc_R_n15_s100054_00,sc_R_n15_s100054,100054,train,5,certified_feasible,18e7d955cd87bb0d1535308736503df44dfac9112523020ec2617d6e450da627,charging_certificate_search
v2sc_sc_C_n15_s100055_00,sc_C_n15_s100055,100055,train,4,certified_feasible,8e5f5af670fbeecf6a8a2bd3e38899adc1873177396fb9e42e199fadddc3473c,charging_certificate_search
v2sc_sc_RC_n15_s100056_00,sc_RC_n15_s100056,100056,train,4,certified_feasible,e2c0076d59730562ea360a6a392e87d45bb9ec48c51603cf95cf63e76928a083,charging_certificate_search
v2sc_sc_R_n30_s100057_02,sc_R_n30_s100057,100057,train,10,certified_feasible,4e93d43635e5c05a2be69557de0143281894f423cbc455ad085c687a5932d462,charging_certificate_search
v2sc_sc_RC_n30_s100059_01,sc_RC_n30_s100059,100059,train,9,certified_feasible,9389550cec17dee608d20cfc02e2a3c80768ebd3b26cb1655b41d7a8aa5bde49,charging_certificate_search
v2sc_sc_R_n50_s100060_02,sc_R_n50_s100060,100060,train,14,certified_feasible,5518c9dc9019cfd12695424f3f0cb681a85176f25b66300a809223a31957079d,charging_certificate_search
v2sc_sc_RC_n50_s100062_00,sc_RC_n50_s100062,100062,train,14,certified_feasible,2ce582d610357aa10bed832bc9d4130c1afe47b1b5d352b126cba293a7f96549,charging_certificate_search
v2sc_sc_R_n15_s100063_00,sc_R_n15_s100063,100063,train,5,certified_feasible,b3268c9d71f0e71b5ca2f2559b6719b732e6a793c6814e7d452f220ba56acabe,charging_certificate_search
v2sc_sc_RC_n15_s100065_00,sc_RC_n15_s100065,100065,train,6,certified_feasible,0bfd076d577b95fca92d49f926bf1b454b6bc1531d06b5983a47de0b0057bd17,charging_certificate_search
v2sc_sc_R_n30_s100066_00,sc_R_n30_s100066,100066,train,10,certified_feasible,26106c67fb838b1a6e5c43f27579340fe127a384c71316b4dc39bf0e5f64b1e1,charging_certificate_search
v2sc_sc_C_n30_s100067_02,sc_C_n30_s100067,100067,train,11,certified_feasible,ee2bbb4091588c09c94e354e1dff09235e1562ad56d5e4e851751593f26f7597,charging_certificate_search
v2sc_sc_RC_n30_s100068_00,sc_RC_n30_s100068,100068,train,11,certified_feasible,0cd93ec6d94234ec7bf98c28f101f46848ec19808570acadbb1383f0ea4ff8c4,charging_certificate_search
v2sc_sc_R_n50_s100069_02,sc_R_n50_s100069,100069,train,14,certified_feasible,5223939bde720dcb767b5a2829d10f716a975e96ede11291732a7ea491cc9d2f,charging_certificate_search
v2sc_sc_R_n15_s100072_01,sc_R_n15_s100072,100072,train,7,certified_feasible,38dc318619932d7bd77b1f17887eff71556f367e57bfd6a19e8acc54a6092dcc,charging_certificate_search
v2sc_sc_C_n15_s100073_00,sc_C_n15_s100073,100073,train,4,certified_feasible,8ec5088b6c9b1dc2ee9108f5a7c2902add479ac711d6a1b080ad38acbf72b07f,charging_certificate_search
v2sc_sc_R_n30_s100075_01,sc_R_n30_s100075,100075,train,10,certified_feasible,097e74a60d5ffc2fc2ec5380a469301cfb9727045e3bbb8c3af44cbe8fd3df33,charging_certificate_search
v2sc_sc_C_n30_s100076_02,sc_C_n30_s100076,100076,train,10,certified_feasible,ab748111efebf52af385e2bd3096ee6488127cf7fb5007ce954cf159bd06e8d4,charging_certificate_search
v2sc_sc_RC_n30_s100077_00,sc_RC_n30_s100077,100077,train,10,certified_feasible,b67d177d591b39d341fc8a546d4003f53bf904520d20adffe8e83b0272907340,charging_certificate_search
v2sc_sc_R_n50_s100078_02,sc_R_n50_s100078,100078,train,13,certified_feasible,e6d85039db17fdd19f123c6627e861fe879d524d3d55161d4eac425b88801873,charging_certificate_search
v2sc_sc_C_n50_s100079_00,sc_C_n50_s100079,100079,train,11,certified_feasible,299346aad7406f151374c4d6c27c8b838ecf43b727e5f53a3ffec6345e6b0511,charging_certificate_search
v2sc_sc_RC_n50_s100080_00,sc_RC_n50_s100080,100080,train,14,certified_feasible,ba29086fed593cc0d2473d29457857d5f3847265d9f7b8eca42ec11dcb2d2888,charging_certificate_search
v2sc_sc_R_n15_s100081_00,sc_R_n15_s100081,100081,train,3,certified_feasible,6c44d393e36e028935a0911b25ea4e3a07a0d82c57b5d74c55e7d47aa5309a8d,charging_certificate_search
v2sc_sc_RC_n15_s100083_00,sc_RC_n15_s100083,100083,train,5,certified_feasible,6165a425a7c6c58d562f8fa49b3be606f86e0f9472918bc130134ef65376369e,charging_certificate_search
v2sc_sc_R_n30_s100084_00,sc_R_n30_s100084,100084,train,10,certified_feasible,671bd56f08bfcfeeda25b2b3294fb46710b8756e8e5a8279ec8c114ad62ba366,charging_certificate_search
v2sc_sc_RC_n30_s100086_01,sc_RC_n30_s100086,100086,train,11,certified_feasible,60156e6e1ad0c38184e16c137c3bd404eeb05b242a4b3ce65d18e25ce1a2a916,charging_certificate_search
v2sc_sc_R_n50_s100087_01,sc_R_n50_s100087,100087,train,14,certified_feasible,82e76d3af66d40972686847d5d9a09ed913203c18bf30e540b946d76699d1274,charging_certificate_search
v2sc_sc_C_n50_s100088_00,sc_C_n50_s100088,100088,train,11,certified_feasible,d827ffe0be1277aef8bd31788ab13b278c65edd09896e126fa5824d995f2f4e3,charging_certificate_search
v2sc_sc_RC_n50_s100089_00,sc_RC_n50_s100089,100089,train,15,certified_feasible,9b870c58e8770ceb19779a11a9c4ff216e39b14a41e3b91ee00cfdb6b543ee9c,charging_certificate_search
v2sc_sc_R_n15_s100090_00,sc_R_n15_s100090,100090,train,3,certified_feasible,7c9af67878f861bb22bc39c7fb0a65e96f1a209b8d300fc6b9fa7b486f41ed71,charging_certificate_search
v2sc_sc_R_n30_s100093_02,sc_R_n30_s100093,100093,train,8,certified_feasible,d1cd20a970f14d18c94cbdef0ff187cf668b6b1b9e53a3c64b7d9ec89a7e2f1c,charging_certificate_search
v2sc_sc_C_n30_s100094_02,sc_C_n30_s100094,100094,train,11,certified_feasible,fbf892e927e5b1a97ba09ef8de9487f7643403ac5c297a99c3cf7794d2061794,charging_certificate_search
v2sc_sc_RC_n30_s100095_02,sc_RC_n30_s100095,100095,train,12,certified_feasible,b83ef3c9fbde918d533c4292c1f200b3b6b80931feb2f243a2309e6768493d7f,charging_certificate_search
v2sc_sc_R_n15_s100099_00,sc_R_n15_s100099,100099,train,6,certified_feasible,ec8f143170286ce8e5f6b60fb9fc87ab1aa6063af0f5c6df17cbb8154ec92183,charging_certificate_search
v2sc_sc_RC_n15_s100101_00,sc_RC_n15_s100101,100101,train,5,certified_feasible,5ab49672e11a35ddc9ac86452aac03f21bf39d5f1a35f90948b6108fe4397a74,charging_certificate_search
v2sc_sc_R_n30_s100102_00,sc_R_n30_s100102,100102,train,8,certified_feasible,011e13ae0f7d5782c2d7f46682d0a47a78df47ed113d6c7ad9106dbe07d588d1,charging_certificate_search
v2sc_sc_RC_n30_s100104_01,sc_RC_n30_s100104,100104,train,10,certified_feasible,47e9b8a853b91160ca36152caafb7476390022b59a4fa6277d597e219f6f98c5,charging_certificate_search
v2sc_sc_R_n50_s100105_02,sc_R_n50_s100105,100105,train,15,certified_feasible,8312f2cb941c59883d563ae1b653760eec829bd896ab2da757dd004ec8620e25,charging_certificate_search
v2sc_sc_R_n15_s100108_00,sc_R_n15_s100108,100108,train,5,certified_feasible,51679d8d552055b3253d165364854638ffe967ea896e210526c7298b3d532ade,charging_certificate_search
v2sc_sc_C_n15_s100109_00,sc_C_n15_s100109,100109,train,5,certified_feasible,2f341e1ef3710236057a6ee122b22b44c66f8144714c9bfefcc0701ef6657817,charging_certificate_search
v2sc_sc_RC_n15_s100110_00,sc_RC_n15_s100110,100110,train,4,certified_feasible,f4d519700d8cf01338b5cf95d25e689f6b73751d537771ca119e7ed0aee6f67a,charging_certificate_search
v2sc_sc_R_n30_s100111_02,sc_R_n30_s100111,100111,train,12,certified_feasible,b66ddb4a1e5606d089a48d7cb9361d32c679a705e191d2ca1f2d73ca1bb89f79,charging_certificate_search
v2sc_sc_C_n30_s100112_01,sc_C_n30_s100112,100112,train,9,certified_feasible,930017f3995c7a5427c7bec800ae73c225ada38f7e294c2f0c93d3e0f9d1cc56,charging_certificate_search
v2sc_sc_RC_n30_s100113_00,sc_RC_n30_s100113,100113,train,11,certified_feasible,a0f8f236fc2771f34ce35da238c2ba0bb1324a54ce8e00e3f94eac6b2f288f7d,charging_certificate_search
v2sc_sc_R_n50_s100114_02,sc_R_n50_s100114,100114,train,15,certified_feasible,121a749c29add9a4bb5090ef14aac0c382454fcebbd745b5513287dcb7d72237,charging_certificate_search
v2sc_sc_RC_n50_s100116_01,sc_RC_n50_s100116,100116,train,15,certified_feasible,4d9965741e2112a6250c716e759c327f6b52bfacd15e8dce2f63c17ee69dd3a0,charging_certificate_search
v2sc_sc_R_n15_s100117_00,sc_R_n15_s100117,100117,train,7,certified_feasible,5d9edd9927e471689dfcd398ed5ea352e292d77fc667bd92327e979821aea32e,charging_certificate_search
v2sc_sc_R_n30_s100120_02,sc_R_n30_s100120,100120,train,10,certified_feasible,981c9c4f0022ba8cbb4b37c5e4901f0775e670f7ce220982e539f205fa54c25b,charging_certificate_search
v2sc_sc_RC_n30_s100122_01,sc_RC_n30_s100122,100122,train,11,certified_feasible,57785541242f6633435470710fcec248dfcc013a455e515fe0645bb8163bf90f,charging_certificate_search
v2sc_sc_R_n50_s100123_00,sc_R_n50_s100123,100123,train,13,certified_feasible,083d58d143e36da612062adf6960520325263fe82e1e414cb601c0ff1dfff8d3,charging_certificate_search
v2sc_sc_C_n50_s100124_02,sc_C_n50_s100124,100124,train,5,certified_feasible,42f99d6e809871f68d8e4dd0541d9e47196e4fccfc84367529c401a0decc5897,charging_certificate_search
v2sc_sc_R_n15_s100126_00,sc_R_n15_s100126,100126,train,8,certified_feasible,b15577fab67c24708a27fb609cab1342231ea2251af15e6aada7c3a4248229ae,charging_certificate_search
v2sc_sc_C_n15_s100127_01,sc_C_n15_s100127,100127,train,6,certified_feasible,a4f22e92debbdb36fed29766412769e703ef2a7974568bb1aa28fa794e32f126,charging_certificate_search
v2sc_sc_RC_n30_s100131_01,sc_RC_n30_s100131,100131,train,11,certified_feasible,a38684c368464b0ded3d6639ed2bd8ab0cc9a8719909caffba37f7ebe5c834ff,charging_certificate_search
v2sc_sc_R_n50_s100132_00,sc_R_n50_s100132,100132,train,11,certified_feasible,a7225479ee4d2cb9b349501b3a878ebaf29768df3291a8ee9315c2e4aedacbee,charging_certificate_search
v2sc_sc_RC_n50_s100134_00,sc_RC_n50_s100134,100134,train,15,certified_feasible,08490e8611e9156c91a9b19de4e2bdb868124465ce03130462b5a926219309bd,charging_certificate_search
v2sc_sc_R_n15_s100135_01,sc_R_n15_s100135,100135,train,6,certified_feasible,0577e2749a85b632288c1290e6709492ef4e2f86103fb21062c825d69a5fbe2b,charging_certificate_search
v2sc_sc_RC_n15_s100137_02,sc_RC_n15_s100137,100137,train,6,certified_feasible,8e72c929e4cb009d5d1c23426469cb30b96d47802ac08b9275a506be88d1c6c5,charging_certificate_search
v2sc_sc_RC_n30_s100140_00,sc_RC_n30_s100140,100140,train,13,certified_feasible,76dcfec1e897d431a8de86cda1488634d2e81f83a09fd559456da4164db3f834,charging_certificate_search
v2sc_sc_R_n50_s100141_00,sc_R_n50_s100141,100141,train,14,certified_feasible,0d3f936c9ffb84e4a5c9232df667d04cf00b920c5a0a531d881b7ab927a3a11e,charging_certificate_search
v2sc_sc_C_n50_s100142_03,sc_C_n50_s100142,100142,train,11,certified_feasible,dd3a69a80ca55b96556e16456f45b9c01f1643fb3126d3bd3a1deaf955c08723,charging_certificate_search
v2sc_sc_R_n15_s100144_00,sc_R_n15_s100144,100144,train,6,certified_feasible,a2ddf29179805b2e183be2e98c45d269c90aa1c49b04130e8e84ade9283811da,charging_certificate_search
v2sc_sc_C_n30_s100148_00,sc_C_n30_s100148,100148,train,9,certified_feasible,7a11b919c679656a0646658662e65c892c3a1b3a2e6e95cd5cd6064f1cffe97b,charging_certificate_search
v2sc_sc_RC_n30_s100149_02,sc_RC_n30_s100149,100149,train,8,certified_feasible,52ef0bf66583caf201b0fe9dd8cf21f9f133ae456304fd891f00a6e2e4183b71,charging_certificate_search
v2sc_sc_RC_n50_s100152_02,sc_RC_n50_s100152,100152,train,15,certified_feasible,b30019211cb13c0639ce0ac66796fd2fe82e6163906ae48e637476a8cb974298,charging_certificate_search
v2sc_sc_RC_n30_s100158_02,sc_RC_n30_s100158,100158,train,5,certified_feasible,4c610ddf88c6a2ca20dc5b82981eb0cf433ddd02acee50cf05834d53d6297f4d,charging_certificate_search
v2sc_sc_R_n15_s100162_00,sc_R_n15_s100162,100162,train,5,certified_feasible,150bc64495ecea89337450e40c1f94be36b9917b023d9eab274f409c31101b49,charging_certificate_search
v2sc_sc_RC_n30_s100167_03,sc_RC_n30_s100167,100167,train,9,certified_feasible,605cc6297fd9bf2c4a2dbcf288f357a4c72442f3f2d29e945e148a01ecc37761,charging_certificate_search
v2sc_sc_C_n50_s100169_01,sc_C_n50_s100169,100169,train,14,certified_feasible,1cae6f419b1ed717db1cc67774553da1503922a4743fe7a5bce250613d48bec9,charging_certificate_search
v2sc_sc_RC_n50_s100170_00,sc_RC_n50_s100170,100170,train,15,certified_feasible,cf2ee69a253eadb7579d24d3fb67919410a600dd1293ebbdf1a909c42ec9d9a3,charging_certificate_search
v2sc_sc_R_n15_s100171_01,sc_R_n15_s100171,100171,train,5,certified_feasible,ca7e4872f9d6c8b78d86894d352aefcf6286ecc274816222cf471054f43319b2,charging_certificate_search
v2sc_sc_RC_n15_s100191_02,sc_RC_n15_s100191,100191,train,8,certified_feasible,c9b2b7b5b3bde17a14b6f75d3caf986acc871eec14c8090cf91d899fca37eb02,charging_certificate_search
v2sc_sc_RC_n30_s100194_00,sc_RC_n30_s100194,100194,train,9,certified_feasible,6f32b32358283ef51e661926cc6e7b7d5e2582fe40d042b42eb0c9bb893e6b44,charging_certificate_search
v2sc_sc_R_n15_s100198_01,sc_R_n15_s100198,100198,train,5,certified_feasible,fcbe2fe885ea1cd86235d8c78fb0a490c29f81f663cb87ddd6d9ac8f5ca3b76e,charging_certificate_search
v2sc_sc_RC_n30_s100212_00,sc_RC_n30_s100212,100212,train,9,certified_feasible,11afe8bc6e914a3cc594730ee09a7dc0877d32562fe042672c8d17c3f95c1da5,charging_certificate_search
v2sc_sc_R_n50_s100213_00,sc_R_n50_s100213,100213,train,11,certified_feasible,f13c5b9b194786ea61b86b11c6bc202cbace928ad766836b6b61037f2daf1c2d,charging_certificate_search
v2sc_sc_RC_n30_s100221_01,sc_RC_n30_s100221,100221,train,10,certified_feasible,82b8f88a268bcea37bf1e7fe9c29a7f8f14fb943a0fa9e13efad73773b7ab051,charging_certificate_search
v2sc_sc_RC_n15_s100227_00,sc_RC_n15_s100227,100227,train,4,certified_feasible,b9e7562a88dfac8e0d67f65d437773a138562a0143872481bff26b264cd3f200,charging_certificate_search
v2sc_sc_RC_n30_s100230_01,sc_RC_n30_s100230,100230,train,10,certified_feasible,42d9a7a784b84e042af4ee6252cdb3c0babebd05ce5b019d79ea5f74323ba28b,charging_certificate_search
v2sc_sc_C_n15_s100235_01,sc_C_n15_s100235,100235,train,6,certified_feasible,347613011e74bbe3a7160b69885482cff842f270ef3b4dbb143d0efa99d949c1,charging_certificate_search
v2sc_sc_RC_n15_s100236_01,sc_RC_n15_s100236,100236,train,5,certified_feasible,3ca89e1e62eab3aef404aaa2e3d2220c60a18e081ddd22ba6d497d8660a7ba1b,charging_certificate_search
v2sc_sc_C_n30_s100238_02,sc_C_n30_s100238,100238,train,8,certified_feasible,dc557cc0d973601f924fa003d3337c6c02d1c2910635ec782e188c5567faf9e1,charging_certificate_search
v2sc_sc_RC_n30_s100239_00,sc_RC_n30_s100239,100239,train,10,certified_feasible,d04b933ba14911e27663a2bbcb514324122d6033c7c79ce072f0863a540c7d9b,charging_certificate_search
v2sc_sc_R_n15_s100243_00,sc_R_n15_s100243,100243,train,5,certified_feasible,713307d99e175217c9166b67a48dd667188ed898276f7a8c2ca65f8142f009d6,charging_certificate_search
v2sc_sc_RC_n15_s100245_02,sc_RC_n15_s100245,100245,train,4,certified_feasible,b1afd2a6d395ae29e04e6f2a2e1e25bbe97362badef267c1814465779e710590,charging_certificate_search
v2sc_sc_R_n15_s100252_00,sc_R_n15_s100252,100252,train,5,certified_feasible,d5d1b06b3daaf97d3df4f186290a6baa9c22b8ed449a178c7647750d212da696,charging_certificate_search
v2sc_sc_RC_n15_s100254_01,sc_RC_n15_s100254,100254,train,4,certified_feasible,5ac957076acadc3e4f30e62fa2d7066318e2169ee1ba5aec384014297d694f5c,charging_certificate_search
v2sc_sc_C_n50_s100259_01,sc_C_n50_s100259,100259,train,15,certified_feasible,0b584a8fd2a0e0ef4e2da46f3735c34e1d6b63e7d7010e023dd9879a0c6d8862,charging_certificate_search
v2sc_sc_C_n50_s100268_00,sc_C_n50_s100268,100268,train,15,certified_feasible,ef96512e2bac292c7cff301a9d49e51e36084f306fb04f6bbcfdee3633fa373f,charging_certificate_search
v2sc_sc_C_n30_s100274_00,sc_C_n30_s100274,100274,train,11,certified_feasible,f839faa88f9196b661f1998efd124e10260aa949571bfd8ee0b0f25063661e67,charging_certificate_search
v2sc_sc_R_n15_s100279_01,sc_R_n15_s100279,100279,train,5,certified_feasible,6943763002aed4be0be17c2d523b779c80d02413d97d29841cd634f2a60b157a,charging_certificate_search
v2sc_sc_C_n15_s100289_00,sc_C_n15_s100289,100289,train,6,certified_feasible,f23fce7e3e0dc0e055ebaee1296e482821e117c70a33bac4b4cf6fb63f6cf3be,charging_certificate_search
v2sc_sc_RC_n15_s100290_00,sc_RC_n15_s100290,100290,train,5,certified_feasible,3c84399ff68d46aeb27723293d4dbf34775eb942b358cbcdf4dcab337ce545ef,charging_certificate_search
v2sc_sc_C_n30_s100292_02,sc_C_n30_s100292,100292,train,10,certified_feasible,404010817633b252208f20dddca55f55ae58784b2697aa0f028a47176b33ed76,charging_certificate_search
v2sc_sc_RC_n15_s100299_00,sc_RC_n15_s100299,100299,train,5,certified_feasible,0c4b34b70471a838c9f855febb2d2adf07d9c1bc763ae9aa290e047705675ba0,charging_certificate_search
v2sc_sc_C_n15_s100307_02,sc_C_n15_s100307,100307,train,4,certified_feasible,68776c87f52e9b982324e52b6fc2d9a75aa62cbc1a210e8aa2cdfd9ed3597a76,charging_certificate_search
v2sc_sc_C_n50_s100313_02,sc_C_n50_s100313,100313,train,15,certified_feasible,27fff24282abe7b65e042c91b035f2f757dc1518a2d4a9d4f20c23aff2be777c,charging_certificate_search
v2sc_sc_C_n15_s100316_00,sc_C_n15_s100316,100316,train,6,certified_feasible,0ddd7c7d6b584f6e459f87836fcb0d2aebd124e85ccdceced027ba8f8c7c6c7e,charging_certificate_search
v2sc_sc_R_n50_s100321_03,sc_R_n50_s100321,100321,train,11,certified_feasible,6e4b57fa749ec2bac61479db7509dd23203f2b14017911c2f77f38551aca2c72,charging_certificate_search
v2sc_sc_R_n15_s100333_02,sc_R_n15_s100333,100333,train,5,certified_feasible,af6991f9b646a5cf8b24f7beb3e3b3f9ff4da9af608c43a16b5d2ebcba055746,charging_certificate_search
v2sc_sc_RC_n15_s100335_00,sc_RC_n15_s100335,100335,train,5,certified_feasible,0f7ddae202ab23458b09732e5684153ad41a911fba09c06dfa41c40ef0e3f4d9,charging_certificate_search
v2sc_sc_R_n15_s100342_00,sc_R_n15_s100342,100342,train,5,certified_feasible,5dfbc78cf13504733d79b7c6e6ea5144effaf0449b2d2d3969a9234cab912c4e,charging_certificate_search
v2sc_sc_C_n30_s100346_01,sc_C_n30_s100346,100346,train,10,certified_feasible,817e3ce9c868dc5bb595caf8c5915a23f1348086c7e38f17b128f4677643049a,charging_certificate_search
v2sc_sc_R_n50_s100348_02,sc_R_n50_s100348,100348,train,15,certified_feasible,ff3e2137fdafe504fb735c1859a6a1d0c0589b5ec989e45a74dfff5776125ffd,charging_certificate_search
v2sc_sc_R_n15_s100351_00,sc_R_n15_s100351,100351,train,5,certified_feasible,685416ca76fedf14a9891730dbbca9caf036449e79449a9a89140b41a199ffe0,charging_certificate_search
v2sc_sc_RC_n15_s100362_00,sc_RC_n15_s100362,100362,train,5,certified_feasible,c8de87cbca0f24f6b2065b568839b896f768fe7af065d3aa919f22c88fe2c604,charging_certificate_search
v2sc_sc_RC_n15_s100371_01,sc_RC_n15_s100371,100371,train,5,certified_feasible,d669a8a242fccdb74ba05dec5ddb876f0ee325ccebd86a50959311a2d5a8ab0d,charging_certificate_search
v2sc_sc_RC_n15_s100380_02,sc_RC_n15_s100380,100380,train,5,certified_feasible,4ca2e203038ca833440601fff73b0082df17ffa8883ba7143cfa7fae06a86947,charging_certificate_search
v2sc_sc_C_n50_s100385_02,sc_C_n50_s100385,100385,train,12,certified_feasible,8945593f8bcf41ace33058fe556b1dff44ab40c3b859c52a89ef2910f244868d,charging_certificate_search
v2sc_sc_C_n30_s100391_00,sc_C_n30_s100391,100391,train,9,certified_feasible,44086ce69422f833d8ee21646d12281203263704550921c3e11a1de0b53b4736,charging_certificate_search
v2sc_sc_C_n50_s100394_01,sc_C_n50_s100394,100394,train,14,certified_feasible,5346c93b49dfdc631608198bc2618edc5db0c4d5a7b7c0174727e33250578fa4,charging_certificate_search
v2sc_sc_RC_n15_s100407_00,sc_RC_n15_s100407,100407,train,4,certified_feasible,26249127345e8a9ccd19354695afc806276cd3e0e5fe62861252e59f56479a95,charging_certificate_search
v2sc_sc_C_n50_s100412_02,sc_C_n50_s100412,100412,train,12,certified_feasible,659f6b2cf03c03d0187b4911127e500ded9a408e5f34e0c8ea999f36ac20ea6d,charging_certificate_search
v2sc_sc_C_n15_s100415_00,sc_C_n15_s100415,100415,train,9,certified_feasible,f496da1aa27c8aa661d1d8dd9dc9c47898df8d566d5cab7366d1c1af4a1def27,charging_certificate_search
v2sc_sc_C_n50_s100430_00,sc_C_n50_s100430,100430,train,14,certified_feasible,d427f4919d0e2415af7203e48f6e9e5d2c9120df01917ef9422310201c426f42,charging_certificate_search
v2sc_sc_R_n15_s100432_00,sc_R_n15_s100432,100432,train,5,certified_feasible,4da8576fcd70023132857aba363ffd9b1888eb63de4090a77d4eece2eae9a4bc,charging_certificate_search
v2sc_sc_RC_n15_s100434_00,sc_RC_n15_s100434,100434,train,5,certified_feasible,0a906731d43fb51fe35a17ddfffc7645d6ab314d0bf44a5fd9fdaa9acb4a4c62,charging_certificate_search
v2sc_sc_C_n30_s100436_00,sc_C_n30_s100436,100436,train,12,certified_feasible,5de284d0e4926473ffb921ae120365a49260d1b086372c226630aa881a80d50a,charging_certificate_search
v2sc_sc_R_n15_s100441_02,sc_R_n15_s100441,100441,train,5,certified_feasible,a575dd1ea6efbb31823e06e51cb4e5ddb92a0081eddb5db95d6a92214302e45c,charging_certificate_search
v2sc_sc_R_n15_s100450_00,sc_R_n15_s100450,100450,train,5,certified_feasible,9dff36d18154f050bd378638ddb2af6e1e1edb1c01c8a8c4d2e1d7bcde498b02,charging_certificate_search
v2sc_sc_C_n15_s100469_00,sc_C_n15_s100469,100469,train,4,certified_feasible,a480d6b6e92e4ccc7acd933324843b18a8dc489f038e73ec2bd04f064941f851,charging_certificate_search
v2sc_sc_C_n50_s100475_02,sc_C_n50_s100475,100475,train,14,certified_feasible,399a876b9d371b64e6f4d77318f12f84df3d0400dcbe6f9c347992f880269ec1,charging_certificate_search
v2sc_sc_C_n15_s100559_00,sc_C_n15_s100559,100559,train,5,certified_feasible,d4b9397fd4181818948b99b567958150c1a7487d16d1c882e607e7fc2b841ed5,charging_certificate_search
v2sc_sc_C_n15_s100613_01,sc_C_n15_s100613,100613,train,5,certified_feasible,ffce223ad9e63f7d206a57119e11a97352f2163e15add6509bed94d41b773350,charging_certificate_search
v2sc_sc_C_n15_s100712_00,sc_C_n15_s100712,100712,train,4,certified_feasible,34a98016eacc3f591f7344321ac5f678d46f4c1963bc54ec5f3ecb38a026440c,charging_certificate_search
v2sc_sc_C_n15_s100721_01,sc_C_n15_s100721,100721,train,5,certified_feasible,7ed6fbcd50dabdc46684a66b3474bac6521dc654ffcd9b4d7cd6c6d4f9250944,charging_certificate_search
v2sc_sc_C_n15_s100793_02,sc_C_n15_s100793,100793,train,5,certified_feasible,85d650473d407b032cc38b19476742652793e82c3e8cab202101fd0ff0fe199a,charging_certificate_search
v2sc_sc_C_n15_s101027_02,sc_C_n15_s101027,101027,train,5,certified_feasible,41242fee8f51b1e2de11140e1a2106944d6e52f6d04aca8e3f6a1772f912d5ea,charging_certificate_search
v2sc_sc_C_n15_s101036_01,sc_C_n15_s101036,101036,train,4,certified_feasible,3cab09777adace013484390bbafe9836edcd85555680ccfdc4c9c284deae63ec,charging_certificate_search
v2sc_sc_C_n15_s101171_02,sc_C_n15_s101171,101171,train,5,certified_feasible,9d33f8c56dbf92881f530b5421b7e72e40675234e3100224fd61767694f5f213,charging_certificate_search
v2sc_sc_C_n15_s101279_01,sc_C_n15_s101279,101279,train,5,certified_feasible,c45ee53b4cd835d347f1176346606cd8888ac536602b51ceb0600c296d5ae6f8,charging_certificate_search
v2sc_sc_C_n15_s101342_00,sc_C_n15_s101342,101342,train,5,certified_feasible,d3eaf077b87f66cd697df5d0810aa2d734ebcd8ec0790883f1eb890e932208a7,charging_certificate_search
v2sc_sc_C_n15_s101441_00,sc_C_n15_s101441,101441,train,4,certified_feasible,acd2e8a22ad85cf4e0f5e1c4c748488a16ebacbac068f97bc9cd6716c7f5c129,charging_certificate_search
