subset,survivor_bias_warning,method_a,method_b,metric,n,mean_a,sd_a,mean_b,sd_b,mean_b_minus_a,sd_b_minus_a
matched_common_feasible,False,V3_TIME,V4_BASE_NO_L_FAIL,completion_time,435,3.791689312032857,0.8409858626863411,3.75495548047584,0.8423132789382103,-0.03673383155701749,0.3398255911005723
matched_common_feasible,False,V3_TIME,V4_BASE_NO_L_FAIL,charging_time,435,0.3026619941641504,0.17236904641530182,0.2888250136424806,0.16945673133834233,-0.013836980521669817,0.12585137269438065
matched_common_feasible,False,V3_TIME,V4_BASE_NO_L_FAIL,energy_charged,435,0.3026619941641504,0.17236904641530182,0.2888250136424806,0.16945673133834233,-0.013836980521669817,0.12585137269438065
matched_common_feasible,False,V3_TIME,V4_BASE_NO_L_FAIL,n_station_visits,435,2.066666666666667,1.5248076608076697,1.9080459770114941,1.3647317380259216,-0.15862068965517243,1.3389375838656568
matched_common_feasible,False,V3_TIME,V4_BASE_NO_L_FAIL,terminal_soc,435,0.3918237402842632,0.17915630983317418,0.3887520612370938,0.18457133786825738,-0.003071679047169288,0.19575085818680482
matched_common_feasible,False,V3_TIME,V4_BASE_NO_L_FAIL,total_distance,435,2.1837299922017808,0.6106997088082009,2.133296756590572,0.5923594833315867,-0.0504332356112084,0.35264253888628916
matched_common_feasible,False,V4_BASE_NO_L_FAIL,V4_PBRS,completion_time,435,3.7508480733940663,0.8384909935183984,3.7436262014027997,0.8344581059107569,-0.007221871991266698,0.30814163451666693
matched_common_feasible,False,V4_BASE_NO_L_FAIL,V4_PBRS,charging_time,435,0.28766211148609416,0.1683773273550577,0.2862507651934646,0.1635409921492389,-0.0014113462926295306,0.11692099748140447
matched_common_feasible,False,V4_BASE_NO_L_FAIL,V4_PBRS,energy_charged,435,0.28766211148609416,0.1683773273550577,0.2862507651934646,0.1635409921492389,-0.0014113462926295306,0.11692099748140447
matched_common_feasible,False,V4_BASE_NO_L_FAIL,V4_PBRS,n_station_visits,435,1.903448275862069,1.3627236446783528,1.9540229885057472,1.2871936213426283,0.05057471264367816,1.3048009155855897
matched_common_feasible,False,V4_BASE_NO_L_FAIL,V4_PBRS,terminal_soc,435,0.3878173435272592,0.18392852507284663,0.38761541645757236,0.18651151562888907,-0.000201927069686888,0.19558609662057014
matched_common_feasible,False,V4_BASE_NO_L_FAIL,V4_PBRS,total_distance,435,2.130140696300762,0.5900669576089772,2.1248183944417427,0.5673316952139065,-0.005322301859019121,0.3095028822728825
