instance_id,base_instance,consumed_v1_test_parent,official_tours,original_pyvrp_routes,v2_certified_routes
c101C10_NL,c101,True,3,3,
c101C10_VG,c101,True,3,3,
c101C25_NL,c101,True,5,5,
c101C5_NL,c101,True,2,2,
c101_50_21_NL,c101,True,9,7,
c102C25_NL,c102,False,6,3,11
c102_50_21_NL,c102,False,14,5,17
c103C15_NL,c103,False,3,2,5
c103C15_VG,c103,False,4,2,6
c103C5_NL,c103,False,1,1,1
c103C5_VG,c103,False,2,1,2
c104C10_NL,c104,False,2,1,2
c104C10_VG,c104,False,2,1,3
c104C25_NL,c104,False,4,3,9
c106C15_NL,c106,False,3,2,5
c106C15_VG,c106,False,3,2,5
c108C25_NL,c108,False,4,3,8
c202C10_NL,c202,False,1,1,1
c202C10_VG,c202,False,1,1,1
c202C15_NL,c202,False,2,1,5
c202C15_VG,c202,False,2,1,5
c205C10_NL,c205,True,2,1,
c205C10_VG,c205,True,2,1,
c206C5_NL,c206,False,1,1,1
c206C5_VG,c206,False,1,1,1
c208C15_NL,c208,False,2,1,3
c208C15_VG,c208,False,3,1,3
c208C5_NL,c208,False,1,1,1
r102C10_NL,r102,False,3,3,4
r102C10_VG,r102,False,3,3,4
r102C15_NL,r102,False,5,5,9
r102C25_NL,r102,False,8,7,12
r102_50_21_NL,r102,False,16,10,17
r103C10_NL,r103,False,2,2,3
r103C10_VG,r103,False,2,2,3
r104C25_NL,r104,False,5,3,8
r104C5_NL,r104,False,2,1,2
r105C15_NL,r105,False,4,3,7
r105C5_NL,r105,False,2,2,4
r105C5_VG,r105,False,2,2,3
r107C25_NL,r107,False,6,4,11
r107_50_21_NL,r107,False,16,6,17
r110C25_NL,r110,True,6,4,
r201C10_NL,r201,True,1,1,
r201C10_VG,r201,True,2,1,
r202C15_NL,r202,False,2,1,3
r202C15_VG,r202,False,2,1,3
r202C5_NL,r202,False,1,1,1
r202C5_VG,r202,False,1,1,1
r203C10_NL,r203,False,2,1,2
r203C5_NL,r203,False,1,1,1
r203C5_VG,r203,False,1,1,1
r209C15_NL,r209,False,1,1,2
r209C15_VG,r209,False,2,1,2
rc101C25_NL,rc101,False,7,5,15
rc102C10_NL,rc102,True,5,3,
rc103C15_NL,rc103,False,4,3,5
rc103C25_NL,rc103,False,6,4,10
rc104C25_NL,rc104,False,7,4,9
rc105C5_NL,rc105,False,2,2,3
rc105C5_VG,rc105,False,2,2,3
rc106C25_NL,rc106,False,6,5,10
rc108C10_NL,rc108,False,3,2,4
rc108C10_VG,rc108,False,3,2,5
rc108C15_NL,rc108,False,3,3,5
rc108C5_NL,rc108,False,2,2,3
rc201C10_NL,rc201,False,1,1,3
rc201C10_VG,rc201,False,1,1,3
rc202C15_NL,rc202,False,2,1,4
rc202C15_VG,rc202,False,2,1,4
rc204C15_NL,rc204,False,1,1,3
rc204C15_VG,rc204,False,1,1,2
rc204C5_NL,rc204,False,1,1,1
rc204C5_VG,rc204,False,1,1,1
rc205C10_NL,rc205,False,2,1,3
rc208C5_NL,rc208,True,1,1,
