block,method,route_id,duration,gap_percent,feasible,reference_label,note
native_FRVCP,frvcpy_Solver,route_tc0c40s8cf0_0,9.08584197222854,,True,official upstream e-VRO/frvcpy reference routes/objectives,official upstream e-VRO/frvcpy reference routes/objectives; exact only for native FRVCP; not EVRPTW-GR
native_FRVCP,FRVCPGreedyMin,route_tc0c40s8cf0_0,,,False,official upstream e-VRO/frvcpy reference routes/objectives,official upstream e-VRO/frvcpy reference routes/objectives; exact only for native FRVCP; not EVRPTW-GR
native_FRVCP,FRVCPGreedyFull,route_tc0c40s8cf0_0,,,False,official upstream e-VRO/frvcpy reference routes/objectives,official upstream e-VRO/frvcpy reference routes/objectives; exact only for native FRVCP; not EVRPTW-GR
native_FRVCP,frvcpy_Solver,route_tc0c40s8cf0_1,8.399904180451154,,True,official upstream e-VRO/frvcpy reference routes/objectives,official upstream e-VRO/frvcpy reference routes/objectives; exact only for native FRVCP; not EVRPTW-GR
native_FRVCP,FRVCPGreedyMin,route_tc0c40s8cf0_1,,,False,official upstream e-VRO/frvcpy reference routes/objectives,official upstream e-VRO/frvcpy reference routes/objectives; exact only for native FRVCP; not EVRPTW-GR
native_FRVCP,FRVCPGreedyFull,route_tc0c40s8cf0_1,,,False,official upstream e-VRO/frvcpy reference routes/objectives,official upstream e-VRO/frvcpy reference routes/objectives; exact only for native FRVCP; not EVRPTW-GR
native_FRVCP,frvcpy_Solver,route_tc0c40s8cf0_2,5.606752572959765,,True,official upstream e-VRO/frvcpy reference routes/objectives,official upstream e-VRO/frvcpy reference routes/objectives; exact only for native FRVCP; not EVRPTW-GR
native_FRVCP,FRVCPGreedyMin,route_tc0c40s8cf0_2,5.749289711544825,2.54224057028105,True,official upstream e-VRO/frvcpy reference routes/objectives,official upstream e-VRO/frvcpy reference routes/objectives; exact only for native FRVCP; not EVRPTW-GR
native_FRVCP,FRVCPGreedyFull,route_tc0c40s8cf0_2,7.4376370436528285,32.654989619535726,True,official upstream e-VRO/frvcpy reference routes/objectives,official upstream e-VRO/frvcpy reference routes/objectives; exact only for native FRVCP; not EVRPTW-GR
native_FRVCP,frvcpy_Solver,route_tc0c40s8cf0_3,7.133665148690179,,True,official upstream e-VRO/frvcpy reference routes/objectives,official upstream e-VRO/frvcpy reference routes/objectives; exact only for native FRVCP; not EVRPTW-GR
native_FRVCP,FRVCPGreedyMin,route_tc0c40s8cf0_3,7.13366514869018,1.2450520191057815e-14,True,official upstream e-VRO/frvcpy reference routes/objectives,official upstream e-VRO/frvcpy reference routes/objectives; exact only for native FRVCP; not EVRPTW-GR
native_FRVCP,FRVCPGreedyFull,route_tc0c40s8cf0_3,7.715193629494413,8.15188922781173,True,official upstream e-VRO/frvcpy reference routes/objectives,official upstream e-VRO/frvcpy reference routes/objectives; exact only for native FRVCP; not EVRPTW-GR
native_FRVCP,frvcpy_Solver,route_tc0c40s8cf0_4,5.10957412310376,,True,official upstream e-VRO/frvcpy reference routes/objectives,official upstream e-VRO/frvcpy reference routes/objectives; exact only for native FRVCP; not EVRPTW-GR
native_FRVCP,FRVCPGreedyMin,route_tc0c40s8cf0_4,5.10957412310376,0.0,True,official upstream e-VRO/frvcpy reference routes/objectives,official upstream e-VRO/frvcpy reference routes/objectives; exact only for native FRVCP; not EVRPTW-GR
native_FRVCP,FRVCPGreedyFull,route_tc0c40s8cf0_4,5.576686290744514,9.141900212947908,True,official upstream e-VRO/frvcpy reference routes/objectives,official upstream e-VRO/frvcpy reference routes/objectives; exact only for native FRVCP; not EVRPTW-GR
native_FRVCP,frvcpy_Solver,route_tc0c40s8cf0_5,7.595456115330809,,True,official upstream e-VRO/frvcpy reference routes/objectives,official upstream e-VRO/frvcpy reference routes/objectives; exact only for native FRVCP; not EVRPTW-GR
native_FRVCP,FRVCPGreedyMin,route_tc0c40s8cf0_5,,,False,official upstream e-VRO/frvcpy reference routes/objectives,official upstream e-VRO/frvcpy reference routes/objectives; exact only for native FRVCP; not EVRPTW-GR
native_FRVCP,FRVCPGreedyFull,route_tc0c40s8cf0_5,,,False,official upstream e-VRO/frvcpy reference routes/objectives,official upstream e-VRO/frvcpy reference routes/objectives; exact only for native FRVCP; not EVRPTW-GR
native_FRVCP,frvcpy_Solver,route_tc0c40s8cf0_6,9.482801537644196,,True,official upstream e-VRO/frvcpy reference routes/objectives,official upstream e-VRO/frvcpy reference routes/objectives; exact only for native FRVCP; not EVRPTW-GR
native_FRVCP,FRVCPGreedyMin,route_tc0c40s8cf0_6,,,False,official upstream e-VRO/frvcpy reference routes/objectives,official upstream e-VRO/frvcpy reference routes/objectives; exact only for native FRVCP; not EVRPTW-GR
native_FRVCP,FRVCPGreedyFull,route_tc0c40s8cf0_6,,,False,official upstream e-VRO/frvcpy reference routes/objectives,official upstream e-VRO/frvcpy reference routes/objectives; exact only for native FRVCP; not EVRPTW-GR
native_FRVCP,frvcpy_Solver,route_tc0c40s8cf0_7,6.723483786302239,,True,official upstream e-VRO/frvcpy reference routes/objectives,official upstream e-VRO/frvcpy reference routes/objectives; exact only for native FRVCP; not EVRPTW-GR
native_FRVCP,FRVCPGreedyMin,route_tc0c40s8cf0_7,,,False,official upstream e-VRO/frvcpy reference routes/objectives,official upstream e-VRO/frvcpy reference routes/objectives; exact only for native FRVCP; not EVRPTW-GR
native_FRVCP,FRVCPGreedyFull,route_tc0c40s8cf0_7,,,False,official upstream e-VRO/frvcpy reference routes/objectives,official upstream e-VRO/frvcpy reference routes/objectives; exact only for native FRVCP; not EVRPTW-GR
native_FRVCP,frvcpy_Solver,route_tc0c40s8cf0_8,6.523193485954396,,True,official upstream e-VRO/frvcpy reference routes/objectives,official upstream e-VRO/frvcpy reference routes/objectives; exact only for native FRVCP; not EVRPTW-GR
native_FRVCP,FRVCPGreedyMin,route_tc0c40s8cf0_8,6.755122113308365,3.5554460840898474,True,official upstream e-VRO/frvcpy reference routes/objectives,official upstream e-VRO/frvcpy reference routes/objectives; exact only for native FRVCP; not EVRPTW-GR
native_FRVCP,FRVCPGreedyFull,route_tc0c40s8cf0_8,8.120776631680945,24.49081342085639,True,official upstream e-VRO/frvcpy reference routes/objectives,official upstream e-VRO/frvcpy reference routes/objectives; exact only for native FRVCP; not EVRPTW-GR
native_FRVCP,frvcpy_Solver,route_tc0c40s8cf0_9,7.147176810565701,,True,official upstream e-VRO/frvcpy reference routes/objectives,official upstream e-VRO/frvcpy reference routes/objectives; exact only for native FRVCP; not EVRPTW-GR
native_FRVCP,FRVCPGreedyMin,route_tc0c40s8cf0_9,,,False,official upstream e-VRO/frvcpy reference routes/objectives,official upstream e-VRO/frvcpy reference routes/objectives; exact only for native FRVCP; not EVRPTW-GR
native_FRVCP,FRVCPGreedyFull,route_tc0c40s8cf0_9,,,False,official upstream e-VRO/frvcpy reference routes/objectives,official upstream e-VRO/frvcpy reference routes/objectives; exact only for native FRVCP; not EVRPTW-GR
native_FRVCP,frvcpy_Solver,route_tc0c40s8cf0_10,6.060390115575666,,True,official upstream e-VRO/frvcpy reference routes/objectives,official upstream e-VRO/frvcpy reference routes/objectives; exact only for native FRVCP; not EVRPTW-GR
native_FRVCP,FRVCPGreedyMin,route_tc0c40s8cf0_10,6.060390115575666,0.0,True,official upstream e-VRO/frvcpy reference routes/objectives,official upstream e-VRO/frvcpy reference routes/objectives; exact only for native FRVCP; not EVRPTW-GR
native_FRVCP,FRVCPGreedyFull,route_tc0c40s8cf0_10,6.648719572507295,9.707781936670656,True,official upstream e-VRO/frvcpy reference routes/objectives,official upstream e-VRO/frvcpy reference routes/objectives; exact only for native FRVCP; not EVRPTW-GR
native_FRVCP,frvcpy_Solver,route_tc0c40s8cf0_11,5.860834156138077,,True,official upstream e-VRO/frvcpy reference routes/objectives,official upstream e-VRO/frvcpy reference routes/objectives; exact only for native FRVCP; not EVRPTW-GR
native_FRVCP,FRVCPGreedyMin,route_tc0c40s8cf0_11,,,False,official upstream e-VRO/frvcpy reference routes/objectives,official upstream e-VRO/frvcpy reference routes/objectives; exact only for native FRVCP; not EVRPTW-GR
native_FRVCP,FRVCPGreedyFull,route_tc0c40s8cf0_11,,,False,official upstream e-VRO/frvcpy reference routes/objectives,official upstream e-VRO/frvcpy reference routes/objectives; exact only for native FRVCP; not EVRPTW-GR
native_FRVCP,frvcpy_Solver,route_tc0c40s8cf0_12,9.604219884750933,,True,official upstream e-VRO/frvcpy reference routes/objectives,official upstream e-VRO/frvcpy reference routes/objectives; exact only for native FRVCP; not EVRPTW-GR
native_FRVCP,FRVCPGreedyMin,route_tc0c40s8cf0_12,,,False,official upstream e-VRO/frvcpy reference routes/objectives,official upstream e-VRO/frvcpy reference routes/objectives; exact only for native FRVCP; not EVRPTW-GR
native_FRVCP,FRVCPGreedyFull,route_tc0c40s8cf0_12,10.773663460236124,,False,official upstream e-VRO/frvcpy reference routes/objectives,official upstream e-VRO/frvcpy reference routes/objectives; exact only for native FRVCP; not EVRPTW-GR
native_FRVCP,frvcpy_Solver,route_tc0c40s8cf0_13,7.815371822414414,,True,official upstream e-VRO/frvcpy reference routes/objectives,official upstream e-VRO/frvcpy reference routes/objectives; exact only for native FRVCP; not EVRPTW-GR
native_FRVCP,FRVCPGreedyMin,route_tc0c40s8cf0_13,,,False,official upstream e-VRO/frvcpy reference routes/objectives,official upstream e-VRO/frvcpy reference routes/objectives; exact only for native FRVCP; not EVRPTW-GR
native_FRVCP,FRVCPGreedyFull,route_tc0c40s8cf0_13,,,False,official upstream e-VRO/frvcpy reference routes/objectives,official upstream e-VRO/frvcpy reference routes/objectives; exact only for native FRVCP; not EVRPTW-GR
native_FRVCP,frvcpy_Solver,route_tc0c40s8cf0_14,9.649500039641104,,True,official upstream e-VRO/frvcpy reference routes/objectives,official upstream e-VRO/frvcpy reference routes/objectives; exact only for native FRVCP; not EVRPTW-GR
native_FRVCP,FRVCPGreedyMin,route_tc0c40s8cf0_14,,,False,official upstream e-VRO/frvcpy reference routes/objectives,official upstream e-VRO/frvcpy reference routes/objectives; exact only for native FRVCP; not EVRPTW-GR
native_FRVCP,FRVCPGreedyFull,route_tc0c40s8cf0_14,,,False,official upstream e-VRO/frvcpy reference routes/objectives,official upstream e-VRO/frvcpy reference routes/objectives; exact only for native FRVCP; not EVRPTW-GR
native_FRVCP,frvcpy_Solver,route_tc0c40s8cf0_15,8.399904180451154,,True,official upstream e-VRO/frvcpy reference routes/objectives,official upstream e-VRO/frvcpy reference routes/objectives; exact only for native FRVCP; not EVRPTW-GR
native_FRVCP,FRVCPGreedyMin,route_tc0c40s8cf0_15,,,False,official upstream e-VRO/frvcpy reference routes/objectives,official upstream e-VRO/frvcpy reference routes/objectives; exact only for native FRVCP; not EVRPTW-GR
native_FRVCP,FRVCPGreedyFull,route_tc0c40s8cf0_15,,,False,official upstream e-VRO/frvcpy reference routes/objectives,official upstream e-VRO/frvcpy reference routes/objectives; exact only for native FRVCP; not EVRPTW-GR
native_FRVCP,frvcpy_Solver,route_tc0c40s8cf0_16,3.8253164027607416,,True,official upstream e-VRO/frvcpy reference routes/objectives,official upstream e-VRO/frvcpy reference routes/objectives; exact only for native FRVCP; not EVRPTW-GR
native_FRVCP,FRVCPGreedyMin,route_tc0c40s8cf0_16,3.8253164027607416,0.0,True,official upstream e-VRO/frvcpy reference routes/objectives,official upstream e-VRO/frvcpy reference routes/objectives; exact only for native FRVCP; not EVRPTW-GR
native_FRVCP,FRVCPGreedyFull,route_tc0c40s8cf0_16,4.292428570401496,12.211072718158379,True,official upstream e-VRO/frvcpy reference routes/objectives,official upstream e-VRO/frvcpy reference routes/objectives; exact only for native FRVCP; not EVRPTW-GR
native_FRVCP,frvcpy_Solver,route_tc0c40s8cf0_17,6.651836368968928,,True,official upstream e-VRO/frvcpy reference routes/objectives,official upstream e-VRO/frvcpy reference routes/objectives; exact only for native FRVCP; not EVRPTW-GR
native_FRVCP,FRVCPGreedyMin,route_tc0c40s8cf0_17,,,False,official upstream e-VRO/frvcpy reference routes/objectives,official upstream e-VRO/frvcpy reference routes/objectives; exact only for native FRVCP; not EVRPTW-GR
native_FRVCP,FRVCPGreedyFull,route_tc0c40s8cf0_17,,,False,official upstream e-VRO/frvcpy reference routes/objectives,official upstream e-VRO/frvcpy reference routes/objectives; exact only for native FRVCP; not EVRPTW-GR
native_FRVCP,frvcpy_Solver,route_tc0c40s8cf0_18,9.789073954397741,,True,official upstream e-VRO/frvcpy reference routes/objectives,official upstream e-VRO/frvcpy reference routes/objectives; exact only for native FRVCP; not EVRPTW-GR
native_FRVCP,FRVCPGreedyMin,route_tc0c40s8cf0_18,,,False,official upstream e-VRO/frvcpy reference routes/objectives,official upstream e-VRO/frvcpy reference routes/objectives; exact only for native FRVCP; not EVRPTW-GR
native_FRVCP,FRVCPGreedyFull,route_tc0c40s8cf0_18,,,False,official upstream e-VRO/frvcpy reference routes/objectives,official upstream e-VRO/frvcpy reference routes/objectives; exact only for native FRVCP; not EVRPTW-GR
native_FRVCP,frvcpy_Solver,route_tc0c40s8cf0_19,9.01128805557191,,True,official upstream e-VRO/frvcpy reference routes/objectives,official upstream e-VRO/frvcpy reference routes/objectives; exact only for native FRVCP; not EVRPTW-GR
native_FRVCP,FRVCPGreedyMin,route_tc0c40s8cf0_19,,,False,official upstream e-VRO/frvcpy reference routes/objectives,official upstream e-VRO/frvcpy reference routes/objectives; exact only for native FRVCP; not EVRPTW-GR
native_FRVCP,FRVCPGreedyFull,route_tc0c40s8cf0_19,,,False,official upstream e-VRO/frvcpy reference routes/objectives,official upstream e-VRO/frvcpy reference routes/objectives; exact only for native FRVCP; not EVRPTW-GR
native_FRVCP,frvcpy_Solver,route_tc0c40s8cf0_20,7.929529434412013,,True,official upstream e-VRO/frvcpy reference routes/objectives,official upstream e-VRO/frvcpy reference routes/objectives; exact only for native FRVCP; not EVRPTW-GR
native_FRVCP,FRVCPGreedyMin,route_tc0c40s8cf0_20,,,False,official upstream e-VRO/frvcpy reference routes/objectives,official upstream e-VRO/frvcpy reference routes/objectives; exact only for native FRVCP; not EVRPTW-GR
native_FRVCP,FRVCPGreedyFull,route_tc0c40s8cf0_20,,,False,official upstream e-VRO/frvcpy reference routes/objectives,official upstream e-VRO/frvcpy reference routes/objectives; exact only for native FRVCP; not EVRPTW-GR
native_FRVCP,frvcpy_Solver,route_tc0c40s8cf0_21,8.217490231948132,,True,official upstream e-VRO/frvcpy reference routes/objectives,official upstream e-VRO/frvcpy reference routes/objectives; exact only for native FRVCP; not EVRPTW-GR
native_FRVCP,FRVCPGreedyMin,route_tc0c40s8cf0_21,,,False,official upstream e-VRO/frvcpy reference routes/objectives,official upstream e-VRO/frvcpy reference routes/objectives; exact only for native FRVCP; not EVRPTW-GR
native_FRVCP,FRVCPGreedyFull,route_tc0c40s8cf0_21,,,False,official upstream e-VRO/frvcpy reference routes/objectives,official upstream e-VRO/frvcpy reference routes/objectives; exact only for native FRVCP; not EVRPTW-GR
native_FRVCP,frvcpy_Solver,route_tc0c40s8cf0_22,7.81600238624159,,True,official upstream e-VRO/frvcpy reference routes/objectives,official upstream e-VRO/frvcpy reference routes/objectives; exact only for native FRVCP; not EVRPTW-GR
native_FRVCP,FRVCPGreedyMin,route_tc0c40s8cf0_22,,,False,official upstream e-VRO/frvcpy reference routes/objectives,official upstream e-VRO/frvcpy reference routes/objectives; exact only for native FRVCP; not EVRPTW-GR
native_FRVCP,FRVCPGreedyFull,route_tc0c40s8cf0_22,,,False,official upstream e-VRO/frvcpy reference routes/objectives,official upstream e-VRO/frvcpy reference routes/objectives; exact only for native FRVCP; not EVRPTW-GR
native_FRVCP,frvcpy_Solver,route_tc0c40s8cf0_23,7.338903523223445,,True,official upstream e-VRO/frvcpy reference routes/objectives,official upstream e-VRO/frvcpy reference routes/objectives; exact only for native FRVCP; not EVRPTW-GR
native_FRVCP,FRVCPGreedyMin,route_tc0c40s8cf0_23,,,False,official upstream e-VRO/frvcpy reference routes/objectives,official upstream e-VRO/frvcpy reference routes/objectives; exact only for native FRVCP; not EVRPTW-GR
native_FRVCP,FRVCPGreedyFull,route_tc0c40s8cf0_23,,,False,official upstream e-VRO/frvcpy reference routes/objectives,official upstream e-VRO/frvcpy reference routes/objectives; exact only for native FRVCP; not EVRPTW-GR
native_FRVCP,frvcpy_Solver,route_tc0c40s8cf0_24,8.778241313206205,,True,official upstream e-VRO/frvcpy reference routes/objectives,official upstream e-VRO/frvcpy reference routes/objectives; exact only for native FRVCP; not EVRPTW-GR
native_FRVCP,FRVCPGreedyMin,route_tc0c40s8cf0_24,,,False,official upstream e-VRO/frvcpy reference routes/objectives,official upstream e-VRO/frvcpy reference routes/objectives; exact only for native FRVCP; not EVRPTW-GR
native_FRVCP,FRVCPGreedyFull,route_tc0c40s8cf0_24,,,False,official upstream e-VRO/frvcpy reference routes/objectives,official upstream e-VRO/frvcpy reference routes/objectives; exact only for native FRVCP; not EVRPTW-GR
native_FRVCP,frvcpy_Solver,route_tc0c40s8cf0_25,9.652676727160976,,True,official upstream e-VRO/frvcpy reference routes/objectives,official upstream e-VRO/frvcpy reference routes/objectives; exact only for native FRVCP; not EVRPTW-GR
native_FRVCP,FRVCPGreedyMin,route_tc0c40s8cf0_25,,,False,official upstream e-VRO/frvcpy reference routes/objectives,official upstream e-VRO/frvcpy reference routes/objectives; exact only for native FRVCP; not EVRPTW-GR
native_FRVCP,FRVCPGreedyFull,route_tc0c40s8cf0_25,,,False,official upstream e-VRO/frvcpy reference routes/objectives,official upstream e-VRO/frvcpy reference routes/objectives; exact only for native FRVCP; not EVRPTW-GR
native_FRVCP,frvcpy_Solver,route_tc0c40s8cf0_26,9.38991403783328,,True,official upstream e-VRO/frvcpy reference routes/objectives,official upstream e-VRO/frvcpy reference routes/objectives; exact only for native FRVCP; not EVRPTW-GR
native_FRVCP,FRVCPGreedyMin,route_tc0c40s8cf0_26,,,False,official upstream e-VRO/frvcpy reference routes/objectives,official upstream e-VRO/frvcpy reference routes/objectives; exact only for native FRVCP; not EVRPTW-GR
native_FRVCP,FRVCPGreedyFull,route_tc0c40s8cf0_26,,,False,official upstream e-VRO/frvcpy reference routes/objectives,official upstream e-VRO/frvcpy reference routes/objectives; exact only for native FRVCP; not EVRPTW-GR
native_FRVCP,frvcpy_Solver,route_tc0c40s8cf0_27,9.950587842131569,,True,official upstream e-VRO/frvcpy reference routes/objectives,official upstream e-VRO/frvcpy reference routes/objectives; exact only for native FRVCP; not EVRPTW-GR
native_FRVCP,FRVCPGreedyMin,route_tc0c40s8cf0_27,,,False,official upstream e-VRO/frvcpy reference routes/objectives,official upstream e-VRO/frvcpy reference routes/objectives; exact only for native FRVCP; not EVRPTW-GR
native_FRVCP,FRVCPGreedyFull,route_tc0c40s8cf0_27,10.102083382778837,,False,official upstream e-VRO/frvcpy reference routes/objectives,official upstream e-VRO/frvcpy reference routes/objectives; exact only for native FRVCP; not EVRPTW-GR
native_FRVCP,frvcpy_Solver,route_tc0c40s8cf0_28,9.953734545094902,,True,official upstream e-VRO/frvcpy reference routes/objectives,official upstream e-VRO/frvcpy reference routes/objectives; exact only for native FRVCP; not EVRPTW-GR
native_FRVCP,FRVCPGreedyMin,route_tc0c40s8cf0_28,,,False,official upstream e-VRO/frvcpy reference routes/objectives,official upstream e-VRO/frvcpy reference routes/objectives; exact only for native FRVCP; not EVRPTW-GR
native_FRVCP,FRVCPGreedyFull,route_tc0c40s8cf0_28,,,False,official upstream e-VRO/frvcpy reference routes/objectives,official upstream e-VRO/frvcpy reference routes/objectives; exact only for native FRVCP; not EVRPTW-GR
native_FRVCP,frvcpy_Solver,route_tc0c40s8cf0_29,8.362229736323524,,True,official upstream e-VRO/frvcpy reference routes/objectives,official upstream e-VRO/frvcpy reference routes/objectives; exact only for native FRVCP; not EVRPTW-GR
native_FRVCP,FRVCPGreedyMin,route_tc0c40s8cf0_29,,,False,official upstream e-VRO/frvcpy reference routes/objectives,official upstream e-VRO/frvcpy reference routes/objectives; exact only for native FRVCP; not EVRPTW-GR
native_FRVCP,FRVCPGreedyFull,route_tc0c40s8cf0_29,,,False,official upstream e-VRO/frvcpy reference routes/objectives,official upstream e-VRO/frvcpy reference routes/objectives; exact only for native FRVCP; not EVRPTW-GR
native_FRVCP,frvcpy_Solver,route_tc0c40s8cf0_30,7.904915845880065,,True,official upstream e-VRO/frvcpy reference routes/objectives,official upstream e-VRO/frvcpy reference routes/objectives; exact only for native FRVCP; not EVRPTW-GR
native_FRVCP,FRVCPGreedyMin,route_tc0c40s8cf0_30,,,False,official upstream e-VRO/frvcpy reference routes/objectives,official upstream e-VRO/frvcpy reference routes/objectives; exact only for native FRVCP; not EVRPTW-GR
native_FRVCP,FRVCPGreedyFull,route_tc0c40s8cf0_30,,,False,official upstream e-VRO/frvcpy reference routes/objectives,official upstream e-VRO/frvcpy reference routes/objectives; exact only for native FRVCP; not EVRPTW-GR
native_FRVCP,frvcpy_Solver,route_tc0c40s8cf0_31,4.310111304749766,,True,official upstream e-VRO/frvcpy reference routes/objectives,official upstream e-VRO/frvcpy reference routes/objectives; exact only for native FRVCP; not EVRPTW-GR
native_FRVCP,FRVCPGreedyMin,route_tc0c40s8cf0_31,4.310111304749766,0.0,True,official upstream e-VRO/frvcpy reference routes/objectives,official upstream e-VRO/frvcpy reference routes/objectives; exact only for native FRVCP; not EVRPTW-GR
native_FRVCP,FRVCPGreedyFull,route_tc0c40s8cf0_31,4.777223472390521,10.837589440578824,True,official upstream e-VRO/frvcpy reference routes/objectives,official upstream e-VRO/frvcpy reference routes/objectives; exact only for native FRVCP; not EVRPTW-GR
native_FRVCP,frvcpy_Solver,route_tc0c40s8cf0_32,9.767109043722103,,True,official upstream e-VRO/frvcpy reference routes/objectives,official upstream e-VRO/frvcpy reference routes/objectives; exact only for native FRVCP; not EVRPTW-GR
native_FRVCP,FRVCPGreedyMin,route_tc0c40s8cf0_32,,,False,official upstream e-VRO/frvcpy reference routes/objectives,official upstream e-VRO/frvcpy reference routes/objectives; exact only for native FRVCP; not EVRPTW-GR
native_FRVCP,FRVCPGreedyFull,route_tc0c40s8cf0_32,,,False,official upstream e-VRO/frvcpy reference routes/objectives,official upstream e-VRO/frvcpy reference routes/objectives; exact only for native FRVCP; not EVRPTW-GR
native_FRVCP,frvcpy_Solver,route_tc0c40s8cf0_33,8.417016396552652,,True,official upstream e-VRO/frvcpy reference routes/objectives,official upstream e-VRO/frvcpy reference routes/objectives; exact only for native FRVCP; not EVRPTW-GR
native_FRVCP,FRVCPGreedyMin,route_tc0c40s8cf0_33,,,False,official upstream e-VRO/frvcpy reference routes/objectives,official upstream e-VRO/frvcpy reference routes/objectives; exact only for native FRVCP; not EVRPTW-GR
native_FRVCP,FRVCPGreedyFull,route_tc0c40s8cf0_33,,,False,official upstream e-VRO/frvcpy reference routes/objectives,official upstream e-VRO/frvcpy reference routes/objectives; exact only for native FRVCP; not EVRPTW-GR
native_FRVCP,frvcpy_Solver,route_tc0c40s8cf0_34,8.917673747435272,,True,official upstream e-VRO/frvcpy reference routes/objectives,official upstream e-VRO/frvcpy reference routes/objectives; exact only for native FRVCP; not EVRPTW-GR
native_FRVCP,FRVCPGreedyMin,route_tc0c40s8cf0_34,,,False,official upstream e-VRO/frvcpy reference routes/objectives,official upstream e-VRO/frvcpy reference routes/objectives; exact only for native FRVCP; not EVRPTW-GR
native_FRVCP,FRVCPGreedyFull,route_tc0c40s8cf0_34,,,False,official upstream e-VRO/frvcpy reference routes/objectives,official upstream e-VRO/frvcpy reference routes/objectives; exact only for native FRVCP; not EVRPTW-GR
native_FRVCP,frvcpy_Solver,route_tc0c40s8cf0_35,7.659848898007008,,True,official upstream e-VRO/frvcpy reference routes/objectives,official upstream e-VRO/frvcpy reference routes/objectives; exact only for native FRVCP; not EVRPTW-GR
native_FRVCP,FRVCPGreedyMin,route_tc0c40s8cf0_35,7.659848898007007,-1.1595247263052639e-14,True,official upstream e-VRO/frvcpy reference routes/objectives,official upstream e-VRO/frvcpy reference routes/objectives; exact only for native FRVCP; not EVRPTW-GR
native_FRVCP,FRVCPGreedyFull,route_tc0c40s8cf0_35,8.376448435770598,9.355269892465378,True,official upstream e-VRO/frvcpy reference routes/objectives,official upstream e-VRO/frvcpy reference routes/objectives; exact only for native FRVCP; not EVRPTW-GR
native_FRVCP,frvcpy_Solver,route_tc0c40s8cf0_36,9.43588555652687,,True,official upstream e-VRO/frvcpy reference routes/objectives,official upstream e-VRO/frvcpy reference routes/objectives; exact only for native FRVCP; not EVRPTW-GR
native_FRVCP,FRVCPGreedyMin,route_tc0c40s8cf0_36,,,False,official upstream e-VRO/frvcpy reference routes/objectives,official upstream e-VRO/frvcpy reference routes/objectives; exact only for native FRVCP; not EVRPTW-GR
native_FRVCP,FRVCPGreedyFull,route_tc0c40s8cf0_36,,,False,official upstream e-VRO/frvcpy reference routes/objectives,official upstream e-VRO/frvcpy reference routes/objectives; exact only for native FRVCP; not EVRPTW-GR
native_FRVCP,frvcpy_Solver,route_tc0c40s8cf0_37,7.850037132817503,,True,official upstream e-VRO/frvcpy reference routes/objectives,official upstream e-VRO/frvcpy reference routes/objectives; exact only for native FRVCP; not EVRPTW-GR
native_FRVCP,FRVCPGreedyMin,route_tc0c40s8cf0_37,,,False,official upstream e-VRO/frvcpy reference routes/objectives,official upstream e-VRO/frvcpy reference routes/objectives; exact only for native FRVCP; not EVRPTW-GR
native_FRVCP,FRVCPGreedyFull,route_tc0c40s8cf0_37,,,False,official upstream e-VRO/frvcpy reference routes/objectives,official upstream e-VRO/frvcpy reference routes/objectives; exact only for native FRVCP; not EVRPTW-GR
native_FRVCP,frvcpy_Solver,route_tc0c40s8cf0_38,6.968124405950901,,True,official upstream e-VRO/frvcpy reference routes/objectives,official upstream e-VRO/frvcpy reference routes/objectives; exact only for native FRVCP; not EVRPTW-GR
native_FRVCP,FRVCPGreedyMin,route_tc0c40s8cf0_38,,,False,official upstream e-VRO/frvcpy reference routes/objectives,official upstream e-VRO/frvcpy reference routes/objectives; exact only for native FRVCP; not EVRPTW-GR
native_FRVCP,FRVCPGreedyFull,route_tc0c40s8cf0_38,,,False,official upstream e-VRO/frvcpy reference routes/objectives,official upstream e-VRO/frvcpy reference routes/objectives; exact only for native FRVCP; not EVRPTW-GR
native_FRVCP,frvcpy_Solver,route_tc0c40s8cf0_39,6.9236655189719585,,True,official upstream e-VRO/frvcpy reference routes/objectives,official upstream e-VRO/frvcpy reference routes/objectives; exact only for native FRVCP; not EVRPTW-GR
native_FRVCP,FRVCPGreedyMin,route_tc0c40s8cf0_39,,,False,official upstream e-VRO/frvcpy reference routes/objectives,official upstream e-VRO/frvcpy reference routes/objectives; exact only for native FRVCP; not EVRPTW-GR
native_FRVCP,FRVCPGreedyFull,route_tc0c40s8cf0_39,,,False,official upstream e-VRO/frvcpy reference routes/objectives,official upstream e-VRO/frvcpy reference routes/objectives; exact only for native FRVCP; not EVRPTW-GR
native_FRVCP,frvcpy_Solver,route_tc0c40s8cf0_40,8.913622547292734,,True,official upstream e-VRO/frvcpy reference routes/objectives,official upstream e-VRO/frvcpy reference routes/objectives; exact only for native FRVCP; not EVRPTW-GR
native_FRVCP,FRVCPGreedyMin,route_tc0c40s8cf0_40,,,False,official upstream e-VRO/frvcpy reference routes/objectives,official upstream e-VRO/frvcpy reference routes/objectives; exact only for native FRVCP; not EVRPTW-GR
native_FRVCP,FRVCPGreedyFull,route_tc0c40s8cf0_40,,,False,official upstream e-VRO/frvcpy reference routes/objectives,official upstream e-VRO/frvcpy reference routes/objectives; exact only for native FRVCP; not EVRPTW-GR
native_FRVCP,frvcpy_Solver,route_tc0c40s8cf0_41,8.469542049680538,,True,official upstream e-VRO/frvcpy reference routes/objectives,official upstream e-VRO/frvcpy reference routes/objectives; exact only for native FRVCP; not EVRPTW-GR
native_FRVCP,FRVCPGreedyMin,route_tc0c40s8cf0_41,,,False,official upstream e-VRO/frvcpy reference routes/objectives,official upstream e-VRO/frvcpy reference routes/objectives; exact only for native FRVCP; not EVRPTW-GR
native_FRVCP,FRVCPGreedyFull,route_tc0c40s8cf0_41,,,False,official upstream e-VRO/frvcpy reference routes/objectives,official upstream e-VRO/frvcpy reference routes/objectives; exact only for native FRVCP; not EVRPTW-GR
native_FRVCP,frvcpy_Solver,route_tc0c40s8cf0_42,6.567451477675687,,True,official upstream e-VRO/frvcpy reference routes/objectives,official upstream e-VRO/frvcpy reference routes/objectives; exact only for native FRVCP; not EVRPTW-GR
native_FRVCP,FRVCPGreedyMin,route_tc0c40s8cf0_42,,,False,official upstream e-VRO/frvcpy reference routes/objectives,official upstream e-VRO/frvcpy reference routes/objectives; exact only for native FRVCP; not EVRPTW-GR
native_FRVCP,FRVCPGreedyFull,route_tc0c40s8cf0_42,,,False,official upstream e-VRO/frvcpy reference routes/objectives,official upstream e-VRO/frvcpy reference routes/objectives; exact only for native FRVCP; not EVRPTW-GR
native_FRVCP,frvcpy_Solver,route_tc0c40s8cf0_43,9.6589368467312,,True,official upstream e-VRO/frvcpy reference routes/objectives,official upstream e-VRO/frvcpy reference routes/objectives; exact only for native FRVCP; not EVRPTW-GR
native_FRVCP,FRVCPGreedyMin,route_tc0c40s8cf0_43,,,False,official upstream e-VRO/frvcpy reference routes/objectives,official upstream e-VRO/frvcpy reference routes/objectives; exact only for native FRVCP; not EVRPTW-GR
native_FRVCP,FRVCPGreedyFull,route_tc0c40s8cf0_43,,,False,official upstream e-VRO/frvcpy reference routes/objectives,official upstream e-VRO/frvcpy reference routes/objectives; exact only for native FRVCP; not EVRPTW-GR
native_FRVCP,frvcpy_Solver,route_tc0c40s8cf0_44,9.042823774040906,,True,official upstream e-VRO/frvcpy reference routes/objectives,official upstream e-VRO/frvcpy reference routes/objectives; exact only for native FRVCP; not EVRPTW-GR
native_FRVCP,FRVCPGreedyMin,route_tc0c40s8cf0_44,,,False,official upstream e-VRO/frvcpy reference routes/objectives,official upstream e-VRO/frvcpy reference routes/objectives; exact only for native FRVCP; not EVRPTW-GR
native_FRVCP,FRVCPGreedyFull,route_tc0c40s8cf0_44,,,False,official upstream e-VRO/frvcpy reference routes/objectives,official upstream e-VRO/frvcpy reference routes/objectives; exact only for native FRVCP; not EVRPTW-GR
native_FRVCP,frvcpy_Solver,route_tc0c40s8cf0_45,7.643033771630913,,True,official upstream e-VRO/frvcpy reference routes/objectives,official upstream e-VRO/frvcpy reference routes/objectives; exact only for native FRVCP; not EVRPTW-GR
native_FRVCP,FRVCPGreedyMin,route_tc0c40s8cf0_45,,,False,official upstream e-VRO/frvcpy reference routes/objectives,official upstream e-VRO/frvcpy reference routes/objectives; exact only for native FRVCP; not EVRPTW-GR
native_FRVCP,FRVCPGreedyFull,route_tc0c40s8cf0_45,,,False,official upstream e-VRO/frvcpy reference routes/objectives,official upstream e-VRO/frvcpy reference routes/objectives; exact only for native FRVCP; not EVRPTW-GR
native_FRVCP,frvcpy_Solver,route_tc0c40s8cf0_46,9.430493435421266,,True,official upstream e-VRO/frvcpy reference routes/objectives,official upstream e-VRO/frvcpy reference routes/objectives; exact only for native FRVCP; not EVRPTW-GR
native_FRVCP,FRVCPGreedyMin,route_tc0c40s8cf0_46,,,False,official upstream e-VRO/frvcpy reference routes/objectives,official upstream e-VRO/frvcpy reference routes/objectives; exact only for native FRVCP; not EVRPTW-GR
native_FRVCP,FRVCPGreedyFull,route_tc0c40s8cf0_46,,,False,official upstream e-VRO/frvcpy reference routes/objectives,official upstream e-VRO/frvcpy reference routes/objectives; exact only for native FRVCP; not EVRPTW-GR
native_FRVCP,frvcpy_Solver,route_tc0c40s8cf0_47,7.759798004478493,,True,official upstream e-VRO/frvcpy reference routes/objectives,official upstream e-VRO/frvcpy reference routes/objectives; exact only for native FRVCP; not EVRPTW-GR
native_FRVCP,FRVCPGreedyMin,route_tc0c40s8cf0_47,,,False,official upstream e-VRO/frvcpy reference routes/objectives,official upstream e-VRO/frvcpy reference routes/objectives; exact only for native FRVCP; not EVRPTW-GR
native_FRVCP,FRVCPGreedyFull,route_tc0c40s8cf0_47,,,False,official upstream e-VRO/frvcpy reference routes/objectives,official upstream e-VRO/frvcpy reference routes/objectives; exact only for native FRVCP; not EVRPTW-GR
native_FRVCP,frvcpy_Solver,route_tc0c40s8cf0_48,5.661902347184023,,True,official upstream e-VRO/frvcpy reference routes/objectives,official upstream e-VRO/frvcpy reference routes/objectives; exact only for native FRVCP; not EVRPTW-GR
native_FRVCP,FRVCPGreedyMin,route_tc0c40s8cf0_48,,,False,official upstream e-VRO/frvcpy reference routes/objectives,official upstream e-VRO/frvcpy reference routes/objectives; exact only for native FRVCP; not EVRPTW-GR
native_FRVCP,FRVCPGreedyFull,route_tc0c40s8cf0_48,,,False,official upstream e-VRO/frvcpy reference routes/objectives,official upstream e-VRO/frvcpy reference routes/objectives; exact only for native FRVCP; not EVRPTW-GR
native_FRVCP,frvcpy_Solver,route_tc0c40s8cf0_49,7.260703858736125,,True,official upstream e-VRO/frvcpy reference routes/objectives,official upstream e-VRO/frvcpy reference routes/objectives; exact only for native FRVCP; not EVRPTW-GR
native_FRVCP,FRVCPGreedyMin,route_tc0c40s8cf0_49,,,False,official upstream e-VRO/frvcpy reference routes/objectives,official upstream e-VRO/frvcpy reference routes/objectives; exact only for native FRVCP; not EVRPTW-GR
native_FRVCP,FRVCPGreedyFull,route_tc0c40s8cf0_49,,,False,official upstream e-VRO/frvcpy reference routes/objectives,official upstream e-VRO/frvcpy reference routes/objectives; exact only for native FRVCP; not EVRPTW-GR
native_FRVCP,frvcpy_Solver,route_tc0c40s8cf0_50,7.894694224495066,,True,official upstream e-VRO/frvcpy reference routes/objectives,official upstream e-VRO/frvcpy reference routes/objectives; exact only for native FRVCP; not EVRPTW-GR
native_FRVCP,FRVCPGreedyMin,route_tc0c40s8cf0_50,,,False,official upstream e-VRO/frvcpy reference routes/objectives,official upstream e-VRO/frvcpy reference routes/objectives; exact only for native FRVCP; not EVRPTW-GR
native_FRVCP,FRVCPGreedyFull,route_tc0c40s8cf0_50,,,False,official upstream e-VRO/frvcpy reference routes/objectives,official upstream e-VRO/frvcpy reference routes/objectives; exact only for native FRVCP; not EVRPTW-GR
native_FRVCP,frvcpy_Solver,route_tc0c40s8cf0_51,8.373998198365019,,True,official upstream e-VRO/frvcpy reference routes/objectives,official upstream e-VRO/frvcpy reference routes/objectives; exact only for native FRVCP; not EVRPTW-GR
native_FRVCP,FRVCPGreedyMin,route_tc0c40s8cf0_51,,,False,official upstream e-VRO/frvcpy reference routes/objectives,official upstream e-VRO/frvcpy reference routes/objectives; exact only for native FRVCP; not EVRPTW-GR
native_FRVCP,FRVCPGreedyFull,route_tc0c40s8cf0_51,,,False,official upstream e-VRO/frvcpy reference routes/objectives,official upstream e-VRO/frvcpy reference routes/objectives; exact only for native FRVCP; not EVRPTW-GR
native_FRVCP,frvcpy_Solver,route_tc0c40s8cf0_52,9.699296669073359,,True,official upstream e-VRO/frvcpy reference routes/objectives,official upstream e-VRO/frvcpy reference routes/objectives; exact only for native FRVCP; not EVRPTW-GR
native_FRVCP,FRVCPGreedyMin,route_tc0c40s8cf0_52,,,False,official upstream e-VRO/frvcpy reference routes/objectives,official upstream e-VRO/frvcpy reference routes/objectives; exact only for native FRVCP; not EVRPTW-GR
native_FRVCP,FRVCPGreedyFull,route_tc0c40s8cf0_52,,,False,official upstream e-VRO/frvcpy reference routes/objectives,official upstream e-VRO/frvcpy reference routes/objectives; exact only for native FRVCP; not EVRPTW-GR
native_FRVCP,frvcpy_Solver,route_tc0c40s8cf0_53,8.352362953375815,,True,official upstream e-VRO/frvcpy reference routes/objectives,official upstream e-VRO/frvcpy reference routes/objectives; exact only for native FRVCP; not EVRPTW-GR
native_FRVCP,FRVCPGreedyMin,route_tc0c40s8cf0_53,,,False,official upstream e-VRO/frvcpy reference routes/objectives,official upstream e-VRO/frvcpy reference routes/objectives; exact only for native FRVCP; not EVRPTW-GR
native_FRVCP,FRVCPGreedyFull,route_tc0c40s8cf0_53,,,False,official upstream e-VRO/frvcpy reference routes/objectives,official upstream e-VRO/frvcpy reference routes/objectives; exact only for native FRVCP; not EVRPTW-GR
native_FRVCP,frvcpy_Solver,route_tc0c40s8cf0_54,7.614702178888152,,True,official upstream e-VRO/frvcpy reference routes/objectives,official upstream e-VRO/frvcpy reference routes/objectives; exact only for native FRVCP; not EVRPTW-GR
native_FRVCP,FRVCPGreedyMin,route_tc0c40s8cf0_54,,,False,official upstream e-VRO/frvcpy reference routes/objectives,official upstream e-VRO/frvcpy reference routes/objectives; exact only for native FRVCP; not EVRPTW-GR
native_FRVCP,FRVCPGreedyFull,route_tc0c40s8cf0_54,,,False,official upstream e-VRO/frvcpy reference routes/objectives,official upstream e-VRO/frvcpy reference routes/objectives; exact only for native FRVCP; not EVRPTW-GR
native_FRVCP,frvcpy_Solver,route_tc0c40s8cf0_55,8.961009798163534,,True,official upstream e-VRO/frvcpy reference routes/objectives,official upstream e-VRO/frvcpy reference routes/objectives; exact only for native FRVCP; not EVRPTW-GR
native_FRVCP,FRVCPGreedyMin,route_tc0c40s8cf0_55,,,False,official upstream e-VRO/frvcpy reference routes/objectives,official upstream e-VRO/frvcpy reference routes/objectives; exact only for native FRVCP; not EVRPTW-GR
native_FRVCP,FRVCPGreedyFull,route_tc0c40s8cf0_55,,,False,official upstream e-VRO/frvcpy reference routes/objectives,official upstream e-VRO/frvcpy reference routes/objectives; exact only for native FRVCP; not EVRPTW-GR
native_FRVCP,frvcpy_Solver,route_tc0c40s8cf0_56,4.323557239653202,,True,official upstream e-VRO/frvcpy reference routes/objectives,official upstream e-VRO/frvcpy reference routes/objectives; exact only for native FRVCP; not EVRPTW-GR
native_FRVCP,FRVCPGreedyMin,route_tc0c40s8cf0_56,4.323670017728161,0.0026084556930219584,True,official upstream e-VRO/frvcpy reference routes/objectives,official upstream e-VRO/frvcpy reference routes/objectives; exact only for native FRVCP; not EVRPTW-GR
native_FRVCP,FRVCPGreedyFull,route_tc0c40s8cf0_56,4.802586630655171,11.079520044480612,True,official upstream e-VRO/frvcpy reference routes/objectives,official upstream e-VRO/frvcpy reference routes/objectives; exact only for native FRVCP; not EVRPTW-GR
native_FRVCP,frvcpy_Solver,route_tc0c40s8cf0_57,8.785188133922988,,True,official upstream e-VRO/frvcpy reference routes/objectives,official upstream e-VRO/frvcpy reference routes/objectives; exact only for native FRVCP; not EVRPTW-GR
native_FRVCP,FRVCPGreedyMin,route_tc0c40s8cf0_57,,,False,official upstream e-VRO/frvcpy reference routes/objectives,official upstream e-VRO/frvcpy reference routes/objectives; exact only for native FRVCP; not EVRPTW-GR
native_FRVCP,FRVCPGreedyFull,route_tc0c40s8cf0_57,,,False,official upstream e-VRO/frvcpy reference routes/objectives,official upstream e-VRO/frvcpy reference routes/objectives; exact only for native FRVCP; not EVRPTW-GR
native_FRVCP,frvcpy_Solver,route_tc0c40s8cf0_58,5.860834156138078,,True,official upstream e-VRO/frvcpy reference routes/objectives,official upstream e-VRO/frvcpy reference routes/objectives; exact only for native FRVCP; not EVRPTW-GR
native_FRVCP,FRVCPGreedyMin,route_tc0c40s8cf0_58,6.199095908478606,5.7715632848314735,True,official upstream e-VRO/frvcpy reference routes/objectives,official upstream e-VRO/frvcpy reference routes/objectives; exact only for native FRVCP; not EVRPTW-GR
native_FRVCP,FRVCPGreedyFull,route_tc0c40s8cf0_58,7.8874432405866095,34.578850560479594,True,official upstream e-VRO/frvcpy reference routes/objectives,official upstream e-VRO/frvcpy reference routes/objectives; exact only for native FRVCP; not EVRPTW-GR
native_FRVCP,frvcpy_Solver,route_tc0c40s8cf0_59,5.472652551498651,,True,official upstream e-VRO/frvcpy reference routes/objectives,official upstream e-VRO/frvcpy reference routes/objectives; exact only for native FRVCP; not EVRPTW-GR
native_FRVCP,FRVCPGreedyMin,route_tc0c40s8cf0_59,,,False,official upstream e-VRO/frvcpy reference routes/objectives,official upstream e-VRO/frvcpy reference routes/objectives; exact only for native FRVCP; not EVRPTW-GR
native_FRVCP,FRVCPGreedyFull,route_tc0c40s8cf0_59,,,False,official upstream e-VRO/frvcpy reference routes/objectives,official upstream e-VRO/frvcpy reference routes/objectives; exact only for native FRVCP; not EVRPTW-GR
native_FRVCP,frvcpy_Solver,route_tc0c40s8cf0_60,4.666210996651632,,True,official upstream e-VRO/frvcpy reference routes/objectives,official upstream e-VRO/frvcpy reference routes/objectives; exact only for native FRVCP; not EVRPTW-GR
native_FRVCP,FRVCPGreedyMin,route_tc0c40s8cf0_60,4.666210996651632,0.0,True,official upstream e-VRO/frvcpy reference routes/objectives,official upstream e-VRO/frvcpy reference routes/objectives; exact only for native FRVCP; not EVRPTW-GR
native_FRVCP,FRVCPGreedyFull,route_tc0c40s8cf0_60,5.291125940669026,13.392342190822905,True,official upstream e-VRO/frvcpy reference routes/objectives,official upstream e-VRO/frvcpy reference routes/objectives; exact only for native FRVCP; not EVRPTW-GR
native_FRVCP,frvcpy_Solver,route_tc0c40s8cf0_61,8.475950602764831,,True,official upstream e-VRO/frvcpy reference routes/objectives,official upstream e-VRO/frvcpy reference routes/objectives; exact only for native FRVCP; not EVRPTW-GR
native_FRVCP,FRVCPGreedyMin,route_tc0c40s8cf0_61,,,False,official upstream e-VRO/frvcpy reference routes/objectives,official upstream e-VRO/frvcpy reference routes/objectives; exact only for native FRVCP; not EVRPTW-GR
native_FRVCP,FRVCPGreedyFull,route_tc0c40s8cf0_61,,,False,official upstream e-VRO/frvcpy reference routes/objectives,official upstream e-VRO/frvcpy reference routes/objectives; exact only for native FRVCP; not EVRPTW-GR
native_FRVCP,frvcpy_Solver,route_tc0c40s8cf0_62,6.9534233183237175,,True,official upstream e-VRO/frvcpy reference routes/objectives,official upstream e-VRO/frvcpy reference routes/objectives; exact only for native FRVCP; not EVRPTW-GR
native_FRVCP,FRVCPGreedyMin,route_tc0c40s8cf0_62,,,False,official upstream e-VRO/frvcpy reference routes/objectives,official upstream e-VRO/frvcpy reference routes/objectives; exact only for native FRVCP; not EVRPTW-GR
native_FRVCP,FRVCPGreedyFull,route_tc0c40s8cf0_62,,,False,official upstream e-VRO/frvcpy reference routes/objectives,official upstream e-VRO/frvcpy reference routes/objectives; exact only for native FRVCP; not EVRPTW-GR
native_FRVCP,frvcpy_Solver,route_tc0c40s8cf0_63,8.352362953375813,,True,official upstream e-VRO/frvcpy reference routes/objectives,official upstream e-VRO/frvcpy reference routes/objectives; exact only for native FRVCP; not EVRPTW-GR
native_FRVCP,FRVCPGreedyMin,route_tc0c40s8cf0_63,,,False,official upstream e-VRO/frvcpy reference routes/objectives,official upstream e-VRO/frvcpy reference routes/objectives; exact only for native FRVCP; not EVRPTW-GR
native_FRVCP,FRVCPGreedyFull,route_tc0c40s8cf0_63,9.523309944142744,14.019349940889043,True,official upstream e-VRO/frvcpy reference routes/objectives,official upstream e-VRO/frvcpy reference routes/objectives; exact only for native FRVCP; not EVRPTW-GR
native_FRVCP,frvcpy_Solver,route_tc0c40s8cf0_64,8.657943780768305,,True,official upstream e-VRO/frvcpy reference routes/objectives,official upstream e-VRO/frvcpy reference routes/objectives; exact only for native FRVCP; not EVRPTW-GR
native_FRVCP,FRVCPGreedyMin,route_tc0c40s8cf0_64,,,False,official upstream e-VRO/frvcpy reference routes/objectives,official upstream e-VRO/frvcpy reference routes/objectives; exact only for native FRVCP; not EVRPTW-GR
native_FRVCP,FRVCPGreedyFull,route_tc0c40s8cf0_64,,,False,official upstream e-VRO/frvcpy reference routes/objectives,official upstream e-VRO/frvcpy reference routes/objectives; exact only for native FRVCP; not EVRPTW-GR
native_FRVCP,frvcpy_Solver,route_tc0c40s8cf0_65,9.970946304019774,,True,official upstream e-VRO/frvcpy reference routes/objectives,official upstream e-VRO/frvcpy reference routes/objectives; exact only for native FRVCP; not EVRPTW-GR
native_FRVCP,FRVCPGreedyMin,route_tc0c40s8cf0_65,,,False,official upstream e-VRO/frvcpy reference routes/objectives,official upstream e-VRO/frvcpy reference routes/objectives; exact only for native FRVCP; not EVRPTW-GR
native_FRVCP,FRVCPGreedyFull,route_tc0c40s8cf0_65,10.171938509311502,,False,official upstream e-VRO/frvcpy reference routes/objectives,official upstream e-VRO/frvcpy reference routes/objectives; exact only for native FRVCP; not EVRPTW-GR
native_FRVCP,frvcpy_Solver,route_tc0c40s8cf0_66,8.034548222863222,,True,official upstream e-VRO/frvcpy reference routes/objectives,official upstream e-VRO/frvcpy reference routes/objectives; exact only for native FRVCP; not EVRPTW-GR
native_FRVCP,FRVCPGreedyMin,route_tc0c40s8cf0_66,,,False,official upstream e-VRO/frvcpy reference routes/objectives,official upstream e-VRO/frvcpy reference routes/objectives; exact only for native FRVCP; not EVRPTW-GR
native_FRVCP,FRVCPGreedyFull,route_tc0c40s8cf0_66,,,False,official upstream e-VRO/frvcpy reference routes/objectives,official upstream e-VRO/frvcpy reference routes/objectives; exact only for native FRVCP; not EVRPTW-GR
native_FRVCP,frvcpy_Solver,route_tc0c40s8cf0_67,8.330278724249872,,True,official upstream e-VRO/frvcpy reference routes/objectives,official upstream e-VRO/frvcpy reference routes/objectives; exact only for native FRVCP; not EVRPTW-GR
native_FRVCP,FRVCPGreedyMin,route_tc0c40s8cf0_67,,,False,official upstream e-VRO/frvcpy reference routes/objectives,official upstream e-VRO/frvcpy reference routes/objectives; exact only for native FRVCP; not EVRPTW-GR
native_FRVCP,FRVCPGreedyFull,route_tc0c40s8cf0_67,,,False,official upstream e-VRO/frvcpy reference routes/objectives,official upstream e-VRO/frvcpy reference routes/objectives; exact only for native FRVCP; not EVRPTW-GR
native_FRVCP,frvcpy_Solver,route_tc0c40s8cf0_68,9.678242588595959,,True,official upstream e-VRO/frvcpy reference routes/objectives,official upstream e-VRO/frvcpy reference routes/objectives; exact only for native FRVCP; not EVRPTW-GR
native_FRVCP,FRVCPGreedyMin,route_tc0c40s8cf0_68,,,False,official upstream e-VRO/frvcpy reference routes/objectives,official upstream e-VRO/frvcpy reference routes/objectives; exact only for native FRVCP; not EVRPTW-GR
native_FRVCP,FRVCPGreedyFull,route_tc0c40s8cf0_68,,,False,official upstream e-VRO/frvcpy reference routes/objectives,official upstream e-VRO/frvcpy reference routes/objectives; exact only for native FRVCP; not EVRPTW-GR
native_FRVCP,frvcpy_Solver,route_tc0c40s8cf0_69,8.924896127045274,,True,official upstream e-VRO/frvcpy reference routes/objectives,official upstream e-VRO/frvcpy reference routes/objectives; exact only for native FRVCP; not EVRPTW-GR
native_FRVCP,FRVCPGreedyMin,route_tc0c40s8cf0_69,,,False,official upstream e-VRO/frvcpy reference routes/objectives,official upstream e-VRO/frvcpy reference routes/objectives; exact only for native FRVCP; not EVRPTW-GR
native_FRVCP,FRVCPGreedyFull,route_tc0c40s8cf0_69,,,False,official upstream e-VRO/frvcpy reference routes/objectives,official upstream e-VRO/frvcpy reference routes/objectives; exact only for native FRVCP; not EVRPTW-GR
native_FRVCP,frvcpy_Solver,route_tc0c40s8cf0_70,7.006350240654475,,True,official upstream e-VRO/frvcpy reference routes/objectives,official upstream e-VRO/frvcpy reference routes/objectives; exact only for native FRVCP; not EVRPTW-GR
native_FRVCP,FRVCPGreedyMin,route_tc0c40s8cf0_70,,,False,official upstream e-VRO/frvcpy reference routes/objectives,official upstream e-VRO/frvcpy reference routes/objectives; exact only for native FRVCP; not EVRPTW-GR
native_FRVCP,FRVCPGreedyFull,route_tc0c40s8cf0_70,,,False,official upstream e-VRO/frvcpy reference routes/objectives,official upstream e-VRO/frvcpy reference routes/objectives; exact only for native FRVCP; not EVRPTW-GR
native_FRVCP,frvcpy_Solver,route_tc0c40s8cf0_71,7.954534518211031,,True,official upstream e-VRO/frvcpy reference routes/objectives,official upstream e-VRO/frvcpy reference routes/objectives; exact only for native FRVCP; not EVRPTW-GR
native_FRVCP,FRVCPGreedyMin,route_tc0c40s8cf0_71,,,False,official upstream e-VRO/frvcpy reference routes/objectives,official upstream e-VRO/frvcpy reference routes/objectives; exact only for native FRVCP; not EVRPTW-GR
native_FRVCP,FRVCPGreedyFull,route_tc0c40s8cf0_71,,,False,official upstream e-VRO/frvcpy reference routes/objectives,official upstream e-VRO/frvcpy reference routes/objectives; exact only for native FRVCP; not EVRPTW-GR
native_FRVCP,frvcpy_Solver,route_tc0c40s8cf0_72,6.163588697205108,,True,official upstream e-VRO/frvcpy reference routes/objectives,official upstream e-VRO/frvcpy reference routes/objectives; exact only for native FRVCP; not EVRPTW-GR
native_FRVCP,FRVCPGreedyMin,route_tc0c40s8cf0_72,,,False,official upstream e-VRO/frvcpy reference routes/objectives,official upstream e-VRO/frvcpy reference routes/objectives; exact only for native FRVCP; not EVRPTW-GR
native_FRVCP,FRVCPGreedyFull,route_tc0c40s8cf0_72,,,False,official upstream e-VRO/frvcpy reference routes/objectives,official upstream e-VRO/frvcpy reference routes/objectives; exact only for native FRVCP; not EVRPTW-GR
native_FRVCP,frvcpy_Solver,route_tc0c40s8cf0_73,5.255637660980237,,True,official upstream e-VRO/frvcpy reference routes/objectives,official upstream e-VRO/frvcpy reference routes/objectives; exact only for native FRVCP; not EVRPTW-GR
native_FRVCP,FRVCPGreedyMin,route_tc0c40s8cf0_73,,,False,official upstream e-VRO/frvcpy reference routes/objectives,official upstream e-VRO/frvcpy reference routes/objectives; exact only for native FRVCP; not EVRPTW-GR
native_FRVCP,FRVCPGreedyFull,route_tc0c40s8cf0_73,,,False,official upstream e-VRO/frvcpy reference routes/objectives,official upstream e-VRO/frvcpy reference routes/objectives; exact only for native FRVCP; not EVRPTW-GR
native_FRVCP,frvcpy_Solver,route_tc0c40s8cf0_74,9.662926366508128,,True,official upstream e-VRO/frvcpy reference routes/objectives,official upstream e-VRO/frvcpy reference routes/objectives; exact only for native FRVCP; not EVRPTW-GR
native_FRVCP,FRVCPGreedyMin,route_tc0c40s8cf0_74,,,False,official upstream e-VRO/frvcpy reference routes/objectives,official upstream e-VRO/frvcpy reference routes/objectives; exact only for native FRVCP; not EVRPTW-GR
native_FRVCP,FRVCPGreedyFull,route_tc0c40s8cf0_74,,,False,official upstream e-VRO/frvcpy reference routes/objectives,official upstream e-VRO/frvcpy reference routes/objectives; exact only for native FRVCP; not EVRPTW-GR
native_FRVCP,frvcpy_Solver,route_tc0c40s8cf0_75,9.43073360040666,,True,official upstream e-VRO/frvcpy reference routes/objectives,official upstream e-VRO/frvcpy reference routes/objectives; exact only for native FRVCP; not EVRPTW-GR
native_FRVCP,FRVCPGreedyMin,route_tc0c40s8cf0_75,,,False,official upstream e-VRO/frvcpy reference routes/objectives,official upstream e-VRO/frvcpy reference routes/objectives; exact only for native FRVCP; not EVRPTW-GR
native_FRVCP,FRVCPGreedyFull,route_tc0c40s8cf0_75,,,False,official upstream e-VRO/frvcpy reference routes/objectives,official upstream e-VRO/frvcpy reference routes/objectives; exact only for native FRVCP; not EVRPTW-GR
native_FRVCP,frvcpy_Solver,route_tc0c40s8cf0_76,8.18859615824166,,True,official upstream e-VRO/frvcpy reference routes/objectives,official upstream e-VRO/frvcpy reference routes/objectives; exact only for native FRVCP; not EVRPTW-GR
native_FRVCP,FRVCPGreedyMin,route_tc0c40s8cf0_76,,,False,official upstream e-VRO/frvcpy reference routes/objectives,official upstream e-VRO/frvcpy reference routes/objectives; exact only for native FRVCP; not EVRPTW-GR
native_FRVCP,FRVCPGreedyFull,route_tc0c40s8cf0_76,,,False,official upstream e-VRO/frvcpy reference routes/objectives,official upstream e-VRO/frvcpy reference routes/objectives; exact only for native FRVCP; not EVRPTW-GR
native_FRVCP,frvcpy_Solver,route_tc0c40s8cf0_77,7.802490724366068,,True,official upstream e-VRO/frvcpy reference routes/objectives,official upstream e-VRO/frvcpy reference routes/objectives; exact only for native FRVCP; not EVRPTW-GR
native_FRVCP,FRVCPGreedyMin,route_tc0c40s8cf0_77,,,False,official upstream e-VRO/frvcpy reference routes/objectives,official upstream e-VRO/frvcpy reference routes/objectives; exact only for native FRVCP; not EVRPTW-GR
native_FRVCP,FRVCPGreedyFull,route_tc0c40s8cf0_77,8.252015795712186,5.761302220357853,True,official upstream e-VRO/frvcpy reference routes/objectives,official upstream e-VRO/frvcpy reference routes/objectives; exact only for native FRVCP; not EVRPTW-GR
native_FRVCP,frvcpy_Solver,route_tc0c40s8cf0_78,8.462681587810794,,True,official upstream e-VRO/frvcpy reference routes/objectives,official upstream e-VRO/frvcpy reference routes/objectives; exact only for native FRVCP; not EVRPTW-GR
native_FRVCP,FRVCPGreedyMin,route_tc0c40s8cf0_78,,,False,official upstream e-VRO/frvcpy reference routes/objectives,official upstream e-VRO/frvcpy reference routes/objectives; exact only for native FRVCP; not EVRPTW-GR
native_FRVCP,FRVCPGreedyFull,route_tc0c40s8cf0_78,,,False,official upstream e-VRO/frvcpy reference routes/objectives,official upstream e-VRO/frvcpy reference routes/objectives; exact only for native FRVCP; not EVRPTW-GR
native_FRVCP,frvcpy_Solver,route_tc0c40s8cf0_79,9.113530800126753,,True,official upstream e-VRO/frvcpy reference routes/objectives,official upstream e-VRO/frvcpy reference routes/objectives; exact only for native FRVCP; not EVRPTW-GR
native_FRVCP,FRVCPGreedyMin,route_tc0c40s8cf0_79,,,False,official upstream e-VRO/frvcpy reference routes/objectives,official upstream e-VRO/frvcpy reference routes/objectives; exact only for native FRVCP; not EVRPTW-GR
native_FRVCP,FRVCPGreedyFull,route_tc0c40s8cf0_79,,,False,official upstream e-VRO/frvcpy reference routes/objectives,official upstream e-VRO/frvcpy reference routes/objectives; exact only for native FRVCP; not EVRPTW-GR
native_FRVCP,frvcpy_Solver,route_tc0c40s8cf0_80,9.192120883184671,,True,official upstream e-VRO/frvcpy reference routes/objectives,official upstream e-VRO/frvcpy reference routes/objectives; exact only for native FRVCP; not EVRPTW-GR
native_FRVCP,FRVCPGreedyMin,route_tc0c40s8cf0_80,,,False,official upstream e-VRO/frvcpy reference routes/objectives,official upstream e-VRO/frvcpy reference routes/objectives; exact only for native FRVCP; not EVRPTW-GR
native_FRVCP,FRVCPGreedyFull,route_tc0c40s8cf0_80,,,False,official upstream e-VRO/frvcpy reference routes/objectives,official upstream e-VRO/frvcpy reference routes/objectives; exact only for native FRVCP; not EVRPTW-GR
native_FRVCP,frvcpy_Solver,route_tc0c40s8cf0_81,5.0675477634877275,,True,official upstream e-VRO/frvcpy reference routes/objectives,official upstream e-VRO/frvcpy reference routes/objectives; exact only for native FRVCP; not EVRPTW-GR
native_FRVCP,FRVCPGreedyMin,route_tc0c40s8cf0_81,5.0675477634877275,0.0,True,official upstream e-VRO/frvcpy reference routes/objectives,official upstream e-VRO/frvcpy reference routes/objectives; exact only for native FRVCP; not EVRPTW-GR
native_FRVCP,FRVCPGreedyFull,route_tc0c40s8cf0_81,5.534659931128482,9.21771613099244,True,official upstream e-VRO/frvcpy reference routes/objectives,official upstream e-VRO/frvcpy reference routes/objectives; exact only for native FRVCP; not EVRPTW-GR
native_FRVCP,frvcpy_Solver,route_tc0c40s8cf0_82,8.895561322344104,,True,official upstream e-VRO/frvcpy reference routes/objectives,official upstream e-VRO/frvcpy reference routes/objectives; exact only for native FRVCP; not EVRPTW-GR
native_FRVCP,FRVCPGreedyMin,route_tc0c40s8cf0_82,,,False,official upstream e-VRO/frvcpy reference routes/objectives,official upstream e-VRO/frvcpy reference routes/objectives; exact only for native FRVCP; not EVRPTW-GR
native_FRVCP,FRVCPGreedyFull,route_tc0c40s8cf0_82,9.367724127874363,5.307847233251796,True,official upstream e-VRO/frvcpy reference routes/objectives,official upstream e-VRO/frvcpy reference routes/objectives; exact only for native FRVCP; not EVRPTW-GR
native_FRVCP,frvcpy_Solver,route_tc0c40s8cf0_83,9.676874519948637,,True,official upstream e-VRO/frvcpy reference routes/objectives,official upstream e-VRO/frvcpy reference routes/objectives; exact only for native FRVCP; not EVRPTW-GR
native_FRVCP,FRVCPGreedyMin,route_tc0c40s8cf0_83,,,False,official upstream e-VRO/frvcpy reference routes/objectives,official upstream e-VRO/frvcpy reference routes/objectives; exact only for native FRVCP; not EVRPTW-GR
native_FRVCP,FRVCPGreedyFull,route_tc0c40s8cf0_83,,,False,official upstream e-VRO/frvcpy reference routes/objectives,official upstream e-VRO/frvcpy reference routes/objectives; exact only for native FRVCP; not EVRPTW-GR
native_FRVCP,frvcpy_Solver,route_tc0c40s8cf0_84,8.462681587810792,,True,official upstream e-VRO/frvcpy reference routes/objectives,official upstream e-VRO/frvcpy reference routes/objectives; exact only for native FRVCP; not EVRPTW-GR
native_FRVCP,FRVCPGreedyMin,route_tc0c40s8cf0_84,,,False,official upstream e-VRO/frvcpy reference routes/objectives,official upstream e-VRO/frvcpy reference routes/objectives; exact only for native FRVCP; not EVRPTW-GR
native_FRVCP,FRVCPGreedyFull,route_tc0c40s8cf0_84,,,False,official upstream e-VRO/frvcpy reference routes/objectives,official upstream e-VRO/frvcpy reference routes/objectives; exact only for native FRVCP; not EVRPTW-GR
native_FRVCP,frvcpy_Solver,route_tc0c40s8cf0_85,9.778293004721924,,True,official upstream e-VRO/frvcpy reference routes/objectives,official upstream e-VRO/frvcpy reference routes/objectives; exact only for native FRVCP; not EVRPTW-GR
native_FRVCP,FRVCPGreedyMin,route_tc0c40s8cf0_85,,,False,official upstream e-VRO/frvcpy reference routes/objectives,official upstream e-VRO/frvcpy reference routes/objectives; exact only for native FRVCP; not EVRPTW-GR
native_FRVCP,FRVCPGreedyFull,route_tc0c40s8cf0_85,,,False,official upstream e-VRO/frvcpy reference routes/objectives,official upstream e-VRO/frvcpy reference routes/objectives; exact only for native FRVCP; not EVRPTW-GR
native_FRVCP,frvcpy_Solver,route_tc0c40s8cf0_86,9.092371981403835,,True,official upstream e-VRO/frvcpy reference routes/objectives,official upstream e-VRO/frvcpy reference routes/objectives; exact only for native FRVCP; not EVRPTW-GR
native_FRVCP,FRVCPGreedyMin,route_tc0c40s8cf0_86,,,False,official upstream e-VRO/frvcpy reference routes/objectives,official upstream e-VRO/frvcpy reference routes/objectives; exact only for native FRVCP; not EVRPTW-GR
native_FRVCP,FRVCPGreedyFull,route_tc0c40s8cf0_86,,,False,official upstream e-VRO/frvcpy reference routes/objectives,official upstream e-VRO/frvcpy reference routes/objectives; exact only for native FRVCP; not EVRPTW-GR
native_FRVCP,frvcpy_Solver,route_tc0c40s8cf0_87,7.05551865456524,,True,official upstream e-VRO/frvcpy reference routes/objectives,official upstream e-VRO/frvcpy reference routes/objectives; exact only for native FRVCP; not EVRPTW-GR
native_FRVCP,FRVCPGreedyMin,route_tc0c40s8cf0_87,7.28744728191921,3.287194587798322,True,official upstream e-VRO/frvcpy reference routes/objectives,official upstream e-VRO/frvcpy reference routes/objectives; exact only for native FRVCP; not EVRPTW-GR
native_FRVCP,FRVCPGreedyFull,route_tc0c40s8cf0_87,8.65310180029179,22.643029151270692,True,official upstream e-VRO/frvcpy reference routes/objectives,official upstream e-VRO/frvcpy reference routes/objectives; exact only for native FRVCP; not EVRPTW-GR
native_FRVCP,frvcpy_Solver,route_tc0c40s8cf0_88,8.35167413069777,,True,official upstream e-VRO/frvcpy reference routes/objectives,official upstream e-VRO/frvcpy reference routes/objectives; exact only for native FRVCP; not EVRPTW-GR
native_FRVCP,FRVCPGreedyMin,route_tc0c40s8cf0_88,,,False,official upstream e-VRO/frvcpy reference routes/objectives,official upstream e-VRO/frvcpy reference routes/objectives; exact only for native FRVCP; not EVRPTW-GR
native_FRVCP,FRVCPGreedyFull,route_tc0c40s8cf0_88,,,False,official upstream e-VRO/frvcpy reference routes/objectives,official upstream e-VRO/frvcpy reference routes/objectives; exact only for native FRVCP; not EVRPTW-GR
native_FRVCP,frvcpy_Solver,route_tc0c40s8cf0_89,6.213527674991993,,True,official upstream e-VRO/frvcpy reference routes/objectives,official upstream e-VRO/frvcpy reference routes/objectives; exact only for native FRVCP; not EVRPTW-GR
native_FRVCP,FRVCPGreedyMin,route_tc0c40s8cf0_89,6.25851671052747,0.7240498133861604,True,official upstream e-VRO/frvcpy reference routes/objectives,official upstream e-VRO/frvcpy reference routes/objectives; exact only for native FRVCP; not EVRPTW-GR
native_FRVCP,FRVCPGreedyFull,route_tc0c40s8cf0_89,7.9468640426354735,27.896172002576847,True,official upstream e-VRO/frvcpy reference routes/objectives,official upstream e-VRO/frvcpy reference routes/objectives; exact only for native FRVCP; not EVRPTW-GR
native_FRVCP,frvcpy_Solver,route_tc0c40s8cf0_90,9.630672539863838,,True,official upstream e-VRO/frvcpy reference routes/objectives,official upstream e-VRO/frvcpy reference routes/objectives; exact only for native FRVCP; not EVRPTW-GR
native_FRVCP,FRVCPGreedyMin,route_tc0c40s8cf0_90,,,False,official upstream e-VRO/frvcpy reference routes/objectives,official upstream e-VRO/frvcpy reference routes/objectives; exact only for native FRVCP; not EVRPTW-GR
native_FRVCP,FRVCPGreedyFull,route_tc0c40s8cf0_90,10.403849087465218,,False,official upstream e-VRO/frvcpy reference routes/objectives,official upstream e-VRO/frvcpy reference routes/objectives; exact only for native FRVCP; not EVRPTW-GR
native_FRVCP,frvcpy_Solver,route_tc0c40s8cf0_91,8.413732542622851,,True,official upstream e-VRO/frvcpy reference routes/objectives,official upstream e-VRO/frvcpy reference routes/objectives; exact only for native FRVCP; not EVRPTW-GR
native_FRVCP,FRVCPGreedyMin,route_tc0c40s8cf0_91,,,False,official upstream e-VRO/frvcpy reference routes/objectives,official upstream e-VRO/frvcpy reference routes/objectives; exact only for native FRVCP; not EVRPTW-GR
native_FRVCP,FRVCPGreedyFull,route_tc0c40s8cf0_91,,,False,official upstream e-VRO/frvcpy reference routes/objectives,official upstream e-VRO/frvcpy reference routes/objectives; exact only for native FRVCP; not EVRPTW-GR
native_FRVCP,frvcpy_Solver,route_tc0c40s8cf0_92,8.856610092093682,,True,official upstream e-VRO/frvcpy reference routes/objectives,official upstream e-VRO/frvcpy reference routes/objectives; exact only for native FRVCP; not EVRPTW-GR
native_FRVCP,FRVCPGreedyMin,route_tc0c40s8cf0_92,,,False,official upstream e-VRO/frvcpy reference routes/objectives,official upstream e-VRO/frvcpy reference routes/objectives; exact only for native FRVCP; not EVRPTW-GR
native_FRVCP,FRVCPGreedyFull,route_tc0c40s8cf0_92,,,False,official upstream e-VRO/frvcpy reference routes/objectives,official upstream e-VRO/frvcpy reference routes/objectives; exact only for native FRVCP; not EVRPTW-GR
native_FRVCP,frvcpy_Solver,route_tc0c40s8cf0_93,9.458562406600578,,True,official upstream e-VRO/frvcpy reference routes/objectives,official upstream e-VRO/frvcpy reference routes/objectives; exact only for native FRVCP; not EVRPTW-GR
native_FRVCP,FRVCPGreedyMin,route_tc0c40s8cf0_93,,,False,official upstream e-VRO/frvcpy reference routes/objectives,official upstream e-VRO/frvcpy reference routes/objectives; exact only for native FRVCP; not EVRPTW-GR
native_FRVCP,FRVCPGreedyFull,route_tc0c40s8cf0_93,,,False,official upstream e-VRO/frvcpy reference routes/objectives,official upstream e-VRO/frvcpy reference routes/objectives; exact only for native FRVCP; not EVRPTW-GR
native_FRVCP,frvcpy_Solver,route_tc0c40s8cf0_94,7.901416726622752,,True,official upstream e-VRO/frvcpy reference routes/objectives,official upstream e-VRO/frvcpy reference routes/objectives; exact only for native FRVCP; not EVRPTW-GR
native_FRVCP,FRVCPGreedyMin,route_tc0c40s8cf0_94,,,False,official upstream e-VRO/frvcpy reference routes/objectives,official upstream e-VRO/frvcpy reference routes/objectives; exact only for native FRVCP; not EVRPTW-GR
native_FRVCP,FRVCPGreedyFull,route_tc0c40s8cf0_94,,,False,official upstream e-VRO/frvcpy reference routes/objectives,official upstream e-VRO/frvcpy reference routes/objectives; exact only for native FRVCP; not EVRPTW-GR
native_FRVCP,frvcpy_Solver,route_tc0c40s8cf0_95,6.932860808837726,,True,official upstream e-VRO/frvcpy reference routes/objectives,official upstream e-VRO/frvcpy reference routes/objectives; exact only for native FRVCP; not EVRPTW-GR
native_FRVCP,FRVCPGreedyMin,route_tc0c40s8cf0_95,,,False,official upstream e-VRO/frvcpy reference routes/objectives,official upstream e-VRO/frvcpy reference routes/objectives; exact only for native FRVCP; not EVRPTW-GR
native_FRVCP,FRVCPGreedyFull,route_tc0c40s8cf0_95,,,False,official upstream e-VRO/frvcpy reference routes/objectives,official upstream e-VRO/frvcpy reference routes/objectives; exact only for native FRVCP; not EVRPTW-GR
native_FRVCP,frvcpy_Solver,route_tc0c40s8cf0_96,6.505926751876444,,True,official upstream e-VRO/frvcpy reference routes/objectives,official upstream e-VRO/frvcpy reference routes/objectives; exact only for native FRVCP; not EVRPTW-GR
native_FRVCP,FRVCPGreedyMin,route_tc0c40s8cf0_96,6.737855379230414,3.564882240444477,True,official upstream e-VRO/frvcpy reference routes/objectives,official upstream e-VRO/frvcpy reference routes/objectives; exact only for native FRVCP; not EVRPTW-GR
native_FRVCP,FRVCPGreedyFull,route_tc0c40s8cf0_96,8.103509897602994,24.555812056534037,True,official upstream e-VRO/frvcpy reference routes/objectives,official upstream e-VRO/frvcpy reference routes/objectives; exact only for native FRVCP; not EVRPTW-GR
native_FRVCP,frvcpy_Solver,route_tc0c40s8cf0_97,7.59545611533081,,True,official upstream e-VRO/frvcpy reference routes/objectives,official upstream e-VRO/frvcpy reference routes/objectives; exact only for native FRVCP; not EVRPTW-GR
native_FRVCP,FRVCPGreedyMin,route_tc0c40s8cf0_97,8.194333798740306,7.8846836097270065,True,official upstream e-VRO/frvcpy reference routes/objectives,official upstream e-VRO/frvcpy reference routes/objectives; exact only for native FRVCP; not EVRPTW-GR
native_FRVCP,FRVCPGreedyFull,route_tc0c40s8cf0_97,8.902744164666702,17.211448917428896,True,official upstream e-VRO/frvcpy reference routes/objectives,official upstream e-VRO/frvcpy reference routes/objectives; exact only for native FRVCP; not EVRPTW-GR
native_FRVCP,frvcpy_Solver,route_tc0c40s8cf0_98,6.18970152603751,,True,official upstream e-VRO/frvcpy reference routes/objectives,official upstream e-VRO/frvcpy reference routes/objectives; exact only for native FRVCP; not EVRPTW-GR
native_FRVCP,FRVCPGreedyMin,route_tc0c40s8cf0_98,6.195208429869325,0.08896881067124024,True,official upstream e-VRO/frvcpy reference routes/objectives,official upstream e-VRO/frvcpy reference routes/objectives; exact only for native FRVCP; not EVRPTW-GR
native_FRVCP,FRVCPGreedyFull,route_tc0c40s8cf0_98,7.883555761977329,27.365685224311314,True,official upstream e-VRO/frvcpy reference routes/objectives,official upstream e-VRO/frvcpy reference routes/objectives; exact only for native FRVCP; not EVRPTW-GR
native_FRVCP,frvcpy_Solver,route_tc0c40s8cf0_99,9.49595067493045,,True,official upstream e-VRO/frvcpy reference routes/objectives,official upstream e-VRO/frvcpy reference routes/objectives; exact only for native FRVCP; not EVRPTW-GR
native_FRVCP,FRVCPGreedyMin,route_tc0c40s8cf0_99,,,False,official upstream e-VRO/frvcpy reference routes/objectives,official upstream e-VRO/frvcpy reference routes/objectives; exact only for native FRVCP; not EVRPTW-GR
native_FRVCP,FRVCPGreedyFull,route_tc0c40s8cf0_99,,,False,official upstream e-VRO/frvcpy reference routes/objectives,official upstream e-VRO/frvcpy reference routes/objectives; exact only for native FRVCP; not EVRPTW-GR
native_FRVCP,frvcpy_Solver,route_tc0c40s8cf0_100,9.553498182085297,,True,official upstream e-VRO/frvcpy reference routes/objectives,official upstream e-VRO/frvcpy reference routes/objectives; exact only for native FRVCP; not EVRPTW-GR
native_FRVCP,FRVCPGreedyMin,route_tc0c40s8cf0_100,,,False,official upstream e-VRO/frvcpy reference routes/objectives,official upstream e-VRO/frvcpy reference routes/objectives; exact only for native FRVCP; not EVRPTW-GR
native_FRVCP,FRVCPGreedyFull,route_tc0c40s8cf0_100,,,False,official upstream e-VRO/frvcpy reference routes/objectives,official upstream e-VRO/frvcpy reference routes/objectives; exact only for native FRVCP; not EVRPTW-GR
native_FRVCP,frvcpy_Solver,route_tc0c40s8cf0_101,9.033060161577236,,True,official upstream e-VRO/frvcpy reference routes/objectives,official upstream e-VRO/frvcpy reference routes/objectives; exact only for native FRVCP; not EVRPTW-GR
native_FRVCP,FRVCPGreedyMin,route_tc0c40s8cf0_101,,,False,official upstream e-VRO/frvcpy reference routes/objectives,official upstream e-VRO/frvcpy reference routes/objectives; exact only for native FRVCP; not EVRPTW-GR
native_FRVCP,FRVCPGreedyFull,route_tc0c40s8cf0_101,,,False,official upstream e-VRO/frvcpy reference routes/objectives,official upstream e-VRO/frvcpy reference routes/objectives; exact only for native FRVCP; not EVRPTW-GR
native_FRVCP,frvcpy_Solver,route_tc0c40s8cf0_102,6.338876516025392,,True,official upstream e-VRO/frvcpy reference routes/objectives,official upstream e-VRO/frvcpy reference routes/objectives; exact only for native FRVCP; not EVRPTW-GR
native_FRVCP,FRVCPGreedyMin,route_tc0c40s8cf0_102,6.338876516025392,0.0,True,official upstream e-VRO/frvcpy reference routes/objectives,official upstream e-VRO/frvcpy reference routes/objectives; exact only for native FRVCP; not EVRPTW-GR
native_FRVCP,FRVCPGreedyFull,route_tc0c40s8cf0_102,7.055476053788983,11.304835106851293,True,official upstream e-VRO/frvcpy reference routes/objectives,official upstream e-VRO/frvcpy reference routes/objectives; exact only for native FRVCP; not EVRPTW-GR
native_FRVCP,frvcpy_Solver,route_tc0c40s8cf0_103,9.524695515525963,,True,official upstream e-VRO/frvcpy reference routes/objectives,official upstream e-VRO/frvcpy reference routes/objectives; exact only for native FRVCP; not EVRPTW-GR
native_FRVCP,FRVCPGreedyMin,route_tc0c40s8cf0_103,,,False,official upstream e-VRO/frvcpy reference routes/objectives,official upstream e-VRO/frvcpy reference routes/objectives; exact only for native FRVCP; not EVRPTW-GR
native_FRVCP,FRVCPGreedyFull,route_tc0c40s8cf0_103,,,False,official upstream e-VRO/frvcpy reference routes/objectives,official upstream e-VRO/frvcpy reference routes/objectives; exact only for native FRVCP; not EVRPTW-GR
native_FRVCP,frvcpy_Solver,route_tc0c40s8cf0_104,9.025472639448015,,True,official upstream e-VRO/frvcpy reference routes/objectives,official upstream e-VRO/frvcpy reference routes/objectives; exact only for native FRVCP; not EVRPTW-GR
native_FRVCP,FRVCPGreedyMin,route_tc0c40s8cf0_104,,,False,official upstream e-VRO/frvcpy reference routes/objectives,official upstream e-VRO/frvcpy reference routes/objectives; exact only for native FRVCP; not EVRPTW-GR
native_FRVCP,FRVCPGreedyFull,route_tc0c40s8cf0_104,,,False,official upstream e-VRO/frvcpy reference routes/objectives,official upstream e-VRO/frvcpy reference routes/objectives; exact only for native FRVCP; not EVRPTW-GR
native_FRVCP,frvcpy_Solver,route_tc0c40s8cf0_105,9.681935313491222,,True,official upstream e-VRO/frvcpy reference routes/objectives,official upstream e-VRO/frvcpy reference routes/objectives; exact only for native FRVCP; not EVRPTW-GR
native_FRVCP,FRVCPGreedyMin,route_tc0c40s8cf0_105,,,False,official upstream e-VRO/frvcpy reference routes/objectives,official upstream e-VRO/frvcpy reference routes/objectives; exact only for native FRVCP; not EVRPTW-GR
native_FRVCP,FRVCPGreedyFull,route_tc0c40s8cf0_105,,,False,official upstream e-VRO/frvcpy reference routes/objectives,official upstream e-VRO/frvcpy reference routes/objectives; exact only for native FRVCP; not EVRPTW-GR
native_FRVCP,frvcpy_Solver,route_tc0c40s8cf0_106,7.556352161049437,,True,official upstream e-VRO/frvcpy reference routes/objectives,official upstream e-VRO/frvcpy reference routes/objectives; exact only for native FRVCP; not EVRPTW-GR
native_FRVCP,FRVCPGreedyMin,route_tc0c40s8cf0_106,7.788280788403407,3.069319989471732,True,official upstream e-VRO/frvcpy reference routes/objectives,official upstream e-VRO/frvcpy reference routes/objectives; exact only for native FRVCP; not EVRPTW-GR
native_FRVCP,FRVCPGreedyFull,route_tc0c40s8cf0_106,9.153935306775987,21.142253718157498,True,official upstream e-VRO/frvcpy reference routes/objectives,official upstream e-VRO/frvcpy reference routes/objectives; exact only for native FRVCP; not EVRPTW-GR
native_FRVCP,frvcpy_Solver,route_tc0c40s8cf0_107,6.361778793984593,,True,official upstream e-VRO/frvcpy reference routes/objectives,official upstream e-VRO/frvcpy reference routes/objectives; exact only for native FRVCP; not EVRPTW-GR
native_FRVCP,FRVCPGreedyMin,route_tc0c40s8cf0_107,,,False,official upstream e-VRO/frvcpy reference routes/objectives,official upstream e-VRO/frvcpy reference routes/objectives; exact only for native FRVCP; not EVRPTW-GR
native_FRVCP,FRVCPGreedyFull,route_tc0c40s8cf0_107,,,False,official upstream e-VRO/frvcpy reference routes/objectives,official upstream e-VRO/frvcpy reference routes/objectives; exact only for native FRVCP; not EVRPTW-GR
native_FRVCP,frvcpy_Solver,route_tc0c40s8cf0_108,9.384852422359247,,True,official upstream e-VRO/frvcpy reference routes/objectives,official upstream e-VRO/frvcpy reference routes/objectives; exact only for native FRVCP; not EVRPTW-GR
native_FRVCP,FRVCPGreedyMin,route_tc0c40s8cf0_108,,,False,official upstream e-VRO/frvcpy reference routes/objectives,official upstream e-VRO/frvcpy reference routes/objectives; exact only for native FRVCP; not EVRPTW-GR
native_FRVCP,FRVCPGreedyFull,route_tc0c40s8cf0_108,,,False,official upstream e-VRO/frvcpy reference routes/objectives,official upstream e-VRO/frvcpy reference routes/objectives; exact only for native FRVCP; not EVRPTW-GR
native_FRVCP,frvcpy_Solver,route_tc0c40s8cf0_109,7.686606079389887,,True,official upstream e-VRO/frvcpy reference routes/objectives,official upstream e-VRO/frvcpy reference routes/objectives; exact only for native FRVCP; not EVRPTW-GR
native_FRVCP,FRVCPGreedyMin,route_tc0c40s8cf0_109,,,False,official upstream e-VRO/frvcpy reference routes/objectives,official upstream e-VRO/frvcpy reference routes/objectives; exact only for native FRVCP; not EVRPTW-GR
native_FRVCP,FRVCPGreedyFull,route_tc0c40s8cf0_109,,,False,official upstream e-VRO/frvcpy reference routes/objectives,official upstream e-VRO/frvcpy reference routes/objectives; exact only for native FRVCP; not EVRPTW-GR
native_FRVCP,frvcpy_Solver,route_tc0c40s8cf0_110,7.748289183279539,,True,official upstream e-VRO/frvcpy reference routes/objectives,official upstream e-VRO/frvcpy reference routes/objectives; exact only for native FRVCP; not EVRPTW-GR
native_FRVCP,FRVCPGreedyMin,route_tc0c40s8cf0_110,,,False,official upstream e-VRO/frvcpy reference routes/objectives,official upstream e-VRO/frvcpy reference routes/objectives; exact only for native FRVCP; not EVRPTW-GR
native_FRVCP,FRVCPGreedyFull,route_tc0c40s8cf0_110,,,False,official upstream e-VRO/frvcpy reference routes/objectives,official upstream e-VRO/frvcpy reference routes/objectives; exact only for native FRVCP; not EVRPTW-GR
native_FRVCP,frvcpy_Solver,route_tc0c40s8cf0_111,8.921014293519324,,True,official upstream e-VRO/frvcpy reference routes/objectives,official upstream e-VRO/frvcpy reference routes/objectives; exact only for native FRVCP; not EVRPTW-GR
native_FRVCP,FRVCPGreedyMin,route_tc0c40s8cf0_111,,,False,official upstream e-VRO/frvcpy reference routes/objectives,official upstream e-VRO/frvcpy reference routes/objectives; exact only for native FRVCP; not EVRPTW-GR
native_FRVCP,FRVCPGreedyFull,route_tc0c40s8cf0_111,,,False,official upstream e-VRO/frvcpy reference routes/objectives,official upstream e-VRO/frvcpy reference routes/objectives; exact only for native FRVCP; not EVRPTW-GR
native_FRVCP,frvcpy_Solver,route_tc0c40s8cf0_112,7.090972428802604,,True,official upstream e-VRO/frvcpy reference routes/objectives,official upstream e-VRO/frvcpy reference routes/objectives; exact only for native FRVCP; not EVRPTW-GR
native_FRVCP,FRVCPGreedyMin,route_tc0c40s8cf0_112,,,False,official upstream e-VRO/frvcpy reference routes/objectives,official upstream e-VRO/frvcpy reference routes/objectives; exact only for native FRVCP; not EVRPTW-GR
native_FRVCP,FRVCPGreedyFull,route_tc0c40s8cf0_112,,,False,official upstream e-VRO/frvcpy reference routes/objectives,official upstream e-VRO/frvcpy reference routes/objectives; exact only for native FRVCP; not EVRPTW-GR
native_FRVCP,frvcpy_Solver,route_tc0c40s8cf0_113,7.1404709961464015,,True,official upstream e-VRO/frvcpy reference routes/objectives,official upstream e-VRO/frvcpy reference routes/objectives; exact only for native FRVCP; not EVRPTW-GR
native_FRVCP,FRVCPGreedyMin,route_tc0c40s8cf0_113,,,False,official upstream e-VRO/frvcpy reference routes/objectives,official upstream e-VRO/frvcpy reference routes/objectives; exact only for native FRVCP; not EVRPTW-GR
native_FRVCP,FRVCPGreedyFull,route_tc0c40s8cf0_113,,,False,official upstream e-VRO/frvcpy reference routes/objectives,official upstream e-VRO/frvcpy reference routes/objectives; exact only for native FRVCP; not EVRPTW-GR
native_FRVCP,frvcpy_Solver,route_tc0c40s8cf0_114,8.408974348362971,,True,official upstream e-VRO/frvcpy reference routes/objectives,official upstream e-VRO/frvcpy reference routes/objectives; exact only for native FRVCP; not EVRPTW-GR
native_FRVCP,FRVCPGreedyMin,route_tc0c40s8cf0_114,,,False,official upstream e-VRO/frvcpy reference routes/objectives,official upstream e-VRO/frvcpy reference routes/objectives; exact only for native FRVCP; not EVRPTW-GR
native_FRVCP,FRVCPGreedyFull,route_tc0c40s8cf0_114,8.66570324908546,3.053034651871288,True,official upstream e-VRO/frvcpy reference routes/objectives,official upstream e-VRO/frvcpy reference routes/objectives; exact only for native FRVCP; not EVRPTW-GR
native_FRVCP,frvcpy_Solver,route_tc0c40s8cf0_115,7.951390906055001,,True,official upstream e-VRO/frvcpy reference routes/objectives,official upstream e-VRO/frvcpy reference routes/objectives; exact only for native FRVCP; not EVRPTW-GR
native_FRVCP,FRVCPGreedyMin,route_tc0c40s8cf0_115,,,False,official upstream e-VRO/frvcpy reference routes/objectives,official upstream e-VRO/frvcpy reference routes/objectives; exact only for native FRVCP; not EVRPTW-GR
native_FRVCP,FRVCPGreedyFull,route_tc0c40s8cf0_115,,,False,official upstream e-VRO/frvcpy reference routes/objectives,official upstream e-VRO/frvcpy reference routes/objectives; exact only for native FRVCP; not EVRPTW-GR
native_FRVCP,frvcpy_Solver,route_tc0c40s8cf0_116,7.705774749765788,,True,official upstream e-VRO/frvcpy reference routes/objectives,official upstream e-VRO/frvcpy reference routes/objectives; exact only for native FRVCP; not EVRPTW-GR
native_FRVCP,FRVCPGreedyMin,route_tc0c40s8cf0_116,,,False,official upstream e-VRO/frvcpy reference routes/objectives,official upstream e-VRO/frvcpy reference routes/objectives; exact only for native FRVCP; not EVRPTW-GR
native_FRVCP,FRVCPGreedyFull,route_tc0c40s8cf0_116,,,False,official upstream e-VRO/frvcpy reference routes/objectives,official upstream e-VRO/frvcpy reference routes/objectives; exact only for native FRVCP; not EVRPTW-GR
native_FRVCP,frvcpy_Solver,route_tc0c40s8cf0_117,7.8222862892295915,,True,official upstream e-VRO/frvcpy reference routes/objectives,official upstream e-VRO/frvcpy reference routes/objectives; exact only for native FRVCP; not EVRPTW-GR
native_FRVCP,FRVCPGreedyMin,route_tc0c40s8cf0_117,,,False,official upstream e-VRO/frvcpy reference routes/objectives,official upstream e-VRO/frvcpy reference routes/objectives; exact only for native FRVCP; not EVRPTW-GR
native_FRVCP,FRVCPGreedyFull,route_tc0c40s8cf0_117,8.301250070887244,6.1230663766056725,True,official upstream e-VRO/frvcpy reference routes/objectives,official upstream e-VRO/frvcpy reference routes/objectives; exact only for native FRVCP; not EVRPTW-GR
native_FRVCP,frvcpy_Solver,route_tc0c40s8cf0_118,7.683646263642995,,True,official upstream e-VRO/frvcpy reference routes/objectives,official upstream e-VRO/frvcpy reference routes/objectives; exact only for native FRVCP; not EVRPTW-GR
native_FRVCP,FRVCPGreedyMin,route_tc0c40s8cf0_118,,,False,official upstream e-VRO/frvcpy reference routes/objectives,official upstream e-VRO/frvcpy reference routes/objectives; exact only for native FRVCP; not EVRPTW-GR
native_FRVCP,FRVCPGreedyFull,route_tc0c40s8cf0_118,,,False,official upstream e-VRO/frvcpy reference routes/objectives,official upstream e-VRO/frvcpy reference routes/objectives; exact only for native FRVCP; not EVRPTW-GR
native_FRVCP,frvcpy_Solver,route_tc0c40s8cf0_119,7.849656740513975,,True,official upstream e-VRO/frvcpy reference routes/objectives,official upstream e-VRO/frvcpy reference routes/objectives; exact only for native FRVCP; not EVRPTW-GR
native_FRVCP,FRVCPGreedyMin,route_tc0c40s8cf0_119,,,False,official upstream e-VRO/frvcpy reference routes/objectives,official upstream e-VRO/frvcpy reference routes/objectives; exact only for native FRVCP; not EVRPTW-GR
native_FRVCP,FRVCPGreedyFull,route_tc0c40s8cf0_119,,,False,official upstream e-VRO/frvcpy reference routes/objectives,official upstream e-VRO/frvcpy reference routes/objectives; exact only for native FRVCP; not EVRPTW-GR
native_FRVCP,frvcpy_Solver,route_tc0c40s8cf0_120,7.643033771630913,,True,official upstream e-VRO/frvcpy reference routes/objectives,official upstream e-VRO/frvcpy reference routes/objectives; exact only for native FRVCP; not EVRPTW-GR
native_FRVCP,FRVCPGreedyMin,route_tc0c40s8cf0_120,8.241911455040409,7.8356016904227825,True,official upstream e-VRO/frvcpy reference routes/objectives,official upstream e-VRO/frvcpy reference routes/objectives; exact only for native FRVCP; not EVRPTW-GR
native_FRVCP,FRVCPGreedyFull,route_tc0c40s8cf0_120,8.950321820966806,17.104308163444593,True,official upstream e-VRO/frvcpy reference routes/objectives,official upstream e-VRO/frvcpy reference routes/objectives; exact only for native FRVCP; not EVRPTW-GR
native_FRVCP,frvcpy_Solver,route_tc0c40s8cf0_121,8.3778433189664,,True,official upstream e-VRO/frvcpy reference routes/objectives,official upstream e-VRO/frvcpy reference routes/objectives; exact only for native FRVCP; not EVRPTW-GR
native_FRVCP,FRVCPGreedyMin,route_tc0c40s8cf0_121,,,False,official upstream e-VRO/frvcpy reference routes/objectives,official upstream e-VRO/frvcpy reference routes/objectives; exact only for native FRVCP; not EVRPTW-GR
native_FRVCP,FRVCPGreedyFull,route_tc0c40s8cf0_121,,,False,official upstream e-VRO/frvcpy reference routes/objectives,official upstream e-VRO/frvcpy reference routes/objectives; exact only for native FRVCP; not EVRPTW-GR
native_FRVCP,frvcpy_Solver,route_tc0c40s8cf0_122,5.029132398508698,,True,official upstream e-VRO/frvcpy reference routes/objectives,official upstream e-VRO/frvcpy reference routes/objectives; exact only for native FRVCP; not EVRPTW-GR
native_FRVCP,FRVCPGreedyMin,route_tc0c40s8cf0_122,5.029132398508698,0.0,True,official upstream e-VRO/frvcpy reference routes/objectives,official upstream e-VRO/frvcpy reference routes/objectives; exact only for native FRVCP; not EVRPTW-GR
native_FRVCP,FRVCPGreedyFull,route_tc0c40s8cf0_122,5.496244566149452,9.288126273614669,True,official upstream e-VRO/frvcpy reference routes/objectives,official upstream e-VRO/frvcpy reference routes/objectives; exact only for native FRVCP; not EVRPTW-GR
native_FRVCP,frvcpy_Solver,route_tc0c40s8cf0_123,9.425964188117987,,True,official upstream e-VRO/frvcpy reference routes/objectives,official upstream e-VRO/frvcpy reference routes/objectives; exact only for native FRVCP; not EVRPTW-GR
native_FRVCP,FRVCPGreedyMin,route_tc0c40s8cf0_123,,,False,official upstream e-VRO/frvcpy reference routes/objectives,official upstream e-VRO/frvcpy reference routes/objectives; exact only for native FRVCP; not EVRPTW-GR
native_FRVCP,FRVCPGreedyFull,route_tc0c40s8cf0_123,,,False,official upstream e-VRO/frvcpy reference routes/objectives,official upstream e-VRO/frvcpy reference routes/objectives; exact only for native FRVCP; not EVRPTW-GR
native_FRVCP,frvcpy_Solver,route_tc0c40s8cf0_124,5.159410361824507,,True,official upstream e-VRO/frvcpy reference routes/objectives,official upstream e-VRO/frvcpy reference routes/objectives; exact only for native FRVCP; not EVRPTW-GR
native_FRVCP,FRVCPGreedyMin,route_tc0c40s8cf0_124,5.7573325832567654,11.588964232354982,True,official upstream e-VRO/frvcpy reference routes/objectives,official upstream e-VRO/frvcpy reference routes/objectives; exact only for native FRVCP; not EVRPTW-GR
native_FRVCP,FRVCPGreedyFull,route_tc0c40s8cf0_124,7.445679915364769,44.31261313224513,True,official upstream e-VRO/frvcpy reference routes/objectives,official upstream e-VRO/frvcpy reference routes/objectives; exact only for native FRVCP; not EVRPTW-GR
native_FRVCP,frvcpy_Solver,route_tc0c40s8cf0_125,9.180822133054923,,True,official upstream e-VRO/frvcpy reference routes/objectives,official upstream e-VRO/frvcpy reference routes/objectives; exact only for native FRVCP; not EVRPTW-GR
native_FRVCP,FRVCPGreedyMin,route_tc0c40s8cf0_125,,,False,official upstream e-VRO/frvcpy reference routes/objectives,official upstream e-VRO/frvcpy reference routes/objectives; exact only for native FRVCP; not EVRPTW-GR
native_FRVCP,FRVCPGreedyFull,route_tc0c40s8cf0_125,,,False,official upstream e-VRO/frvcpy reference routes/objectives,official upstream e-VRO/frvcpy reference routes/objectives; exact only for native FRVCP; not EVRPTW-GR
native_FRVCP,frvcpy_Solver,route_tc0c40s8cf0_126,8.187784516417794,,True,official upstream e-VRO/frvcpy reference routes/objectives,official upstream e-VRO/frvcpy reference routes/objectives; exact only for native FRVCP; not EVRPTW-GR
native_FRVCP,FRVCPGreedyMin,route_tc0c40s8cf0_126,,,False,official upstream e-VRO/frvcpy reference routes/objectives,official upstream e-VRO/frvcpy reference routes/objectives; exact only for native FRVCP; not EVRPTW-GR
native_FRVCP,FRVCPGreedyFull,route_tc0c40s8cf0_126,,,False,official upstream e-VRO/frvcpy reference routes/objectives,official upstream e-VRO/frvcpy reference routes/objectives; exact only for native FRVCP; not EVRPTW-GR
native_FRVCP,frvcpy_Solver,route_tc0c40s8cf0_127,8.873336544192238,,True,official upstream e-VRO/frvcpy reference routes/objectives,official upstream e-VRO/frvcpy reference routes/objectives; exact only for native FRVCP; not EVRPTW-GR
native_FRVCP,FRVCPGreedyMin,route_tc0c40s8cf0_127,,,False,official upstream e-VRO/frvcpy reference routes/objectives,official upstream e-VRO/frvcpy reference routes/objectives; exact only for native FRVCP; not EVRPTW-GR
native_FRVCP,FRVCPGreedyFull,route_tc0c40s8cf0_127,10.164777801417221,,False,official upstream e-VRO/frvcpy reference routes/objectives,official upstream e-VRO/frvcpy reference routes/objectives; exact only for native FRVCP; not EVRPTW-GR
native_FRVCP,frvcpy_Solver,route_tc0c40s8cf0_128,9.658183630992793,,True,official upstream e-VRO/frvcpy reference routes/objectives,official upstream e-VRO/frvcpy reference routes/objectives; exact only for native FRVCP; not EVRPTW-GR
native_FRVCP,FRVCPGreedyMin,route_tc0c40s8cf0_128,,,False,official upstream e-VRO/frvcpy reference routes/objectives,official upstream e-VRO/frvcpy reference routes/objectives; exact only for native FRVCP; not EVRPTW-GR
native_FRVCP,FRVCPGreedyFull,route_tc0c40s8cf0_128,,,False,official upstream e-VRO/frvcpy reference routes/objectives,official upstream e-VRO/frvcpy reference routes/objectives; exact only for native FRVCP; not EVRPTW-GR
native_FRVCP,frvcpy_Solver,route_tc0c40s8cf0_129,5.885795744208839,,True,official upstream e-VRO/frvcpy reference routes/objectives,official upstream e-VRO/frvcpy reference routes/objectives; exact only for native FRVCP; not EVRPTW-GR
native_FRVCP,FRVCPGreedyMin,route_tc0c40s8cf0_129,,,False,official upstream e-VRO/frvcpy reference routes/objectives,official upstream e-VRO/frvcpy reference routes/objectives; exact only for native FRVCP; not EVRPTW-GR
native_FRVCP,FRVCPGreedyFull,route_tc0c40s8cf0_129,,,False,official upstream e-VRO/frvcpy reference routes/objectives,official upstream e-VRO/frvcpy reference routes/objectives; exact only for native FRVCP; not EVRPTW-GR
native_FRVCP,frvcpy_Solver,route_tc0c40s8cf0_130,8.379023555960748,,True,official upstream e-VRO/frvcpy reference routes/objectives,official upstream e-VRO/frvcpy reference routes/objectives; exact only for native FRVCP; not EVRPTW-GR
native_FRVCP,FRVCPGreedyMin,route_tc0c40s8cf0_130,,,False,official upstream e-VRO/frvcpy reference routes/objectives,official upstream e-VRO/frvcpy reference routes/objectives; exact only for native FRVCP; not EVRPTW-GR
native_FRVCP,FRVCPGreedyFull,route_tc0c40s8cf0_130,8.841055670651068,5.514152235097077,True,official upstream e-VRO/frvcpy reference routes/objectives,official upstream e-VRO/frvcpy reference routes/objectives; exact only for native FRVCP; not EVRPTW-GR
native_FRVCP,frvcpy_Solver,route_tc0c40s8cf0_131,7.468841462363926,,True,official upstream e-VRO/frvcpy reference routes/objectives,official upstream e-VRO/frvcpy reference routes/objectives; exact only for native FRVCP; not EVRPTW-GR
native_FRVCP,FRVCPGreedyMin,route_tc0c40s8cf0_131,7.700770089717896,3.105282506298681,True,official upstream e-VRO/frvcpy reference routes/objectives,official upstream e-VRO/frvcpy reference routes/objectives; exact only for native FRVCP; not EVRPTW-GR
native_FRVCP,FRVCPGreedyFull,route_tc0c40s8cf0_131,9.066424608090475,21.389972645381416,True,official upstream e-VRO/frvcpy reference routes/objectives,official upstream e-VRO/frvcpy reference routes/objectives; exact only for native FRVCP; not EVRPTW-GR
native_FRVCP,frvcpy_Solver,route_tc0c40s8cf0_132,5.124755978660304,,True,official upstream e-VRO/frvcpy reference routes/objectives,official upstream e-VRO/frvcpy reference routes/objectives; exact only for native FRVCP; not EVRPTW-GR
native_FRVCP,FRVCPGreedyMin,route_tc0c40s8cf0_132,,,False,official upstream e-VRO/frvcpy reference routes/objectives,official upstream e-VRO/frvcpy reference routes/objectives; exact only for native FRVCP; not EVRPTW-GR
native_FRVCP,FRVCPGreedyFull,route_tc0c40s8cf0_132,,,False,official upstream e-VRO/frvcpy reference routes/objectives,official upstream e-VRO/frvcpy reference routes/objectives; exact only for native FRVCP; not EVRPTW-GR
